Tecomat F2x CP2005I v2.3.063 DataLogger v1.3 (2024-01-10-00:00:00) : Data / Emulator ! Type : PERIODIC | DATE : %TYYYY-MM-DD | TIME : %Thh:mm:ss | REAL : %3.1f %RF007990 | REAL : %3.1f %RF007994 | REAL : %3.1f %RF007998 | REAL : %3.1f %RF008002 | REAL : %1.1f %RF008010 | REAL : %f %RF009504 | REAL : %f %RF009628 | REAL : %f %RF009519 | REAL : %f %RF009643 | STRING : %s | ,;
DATE;TIME;tHot1;tHot2;tCold1;tCold2;siemensFlow;requiredTemp3WV;requiredFlow2WV;PID.out3WV;PID.out2WV;Text
2024-01-10;00:00:00;26,9;24,7;18,9;26,1;1142,3;-24,799999;-1000,000000;14,985645;0,000000; Sync 
2024-01-10;00:01:00;26,8;24,6;18,9;26,2;1145,0;-24,799999;-1000,000000;14,705835;0,000000; Sync 
2024-01-10;00:02:00;27,0;24,8;18,9;26,3;1143,3;-24,799999;-1000,000000;17,090189;0,000000; Sync 
2024-01-10;00:03:00;26,8;24,7;18,8;26,1;1141,9;-24,799999;-1000,000000;17,552273;0,000000; Sync 
2024-01-10;00:04:00;26,9;24,7;18,8;26,1;1144,7;-24,799999;-1000,000000;17,734274;0,000000; Sync 
2024-01-10;00:05:00;26,9;24,7;18,8;26,1;1146,0;-24,799999;-1000,000000;17,521271;0,000000; Sync 
2024-01-10;00:06:00;26,8;24,6;18,9;26,2;1146,3;-24,799999;-1000,000000;17,381269;0,000000; Sync 
2024-01-10;00:07:00;26,9;24,7;18,9;26,2;1144,7;-24,799999;-1000,000000;17,600412;0,000000; Sync 
2024-01-10;00:08:00;26,8;24,5;18,9;26,2;1145,0;-24,799999;-1000,000000;15,382935;0,000000; Sync 
2024-01-10;00:09:00;26,8;24,5;18,8;26,1;1143,5;-24,799999;-1000,000000;15,347383;0,000000; Sync 
2024-01-10;00:10:00;26,9;24,8;18,8;26,1;1144,3;-24,799999;-1000,000000;14,891108;0,000000; Sync 
2024-01-10;00:11:00;27,0;24,7;18,9;26,2;1142,2;-24,799999;-1000,000000;14,577728;0,000000; Sync 
2024-01-10;00:12:00;26,7;24,7;18,9;26,2;1147,4;-24,799999;-1000,000000;14,901232;0,000000; Sync 
2024-01-10;00:13:00;26,9;24,7;18,9;26,2;1144,5;-24,799999;-1000,000000;15,077524;0,000000; Sync 
2024-01-10;00:13:59;26,9;24,9;18,9;26,2;1145,6;-24,799999;-1000,000000;15,121649;0,000000; Sync 
2024-01-10;00:15:00;27,0;24,9;18,8;26,1;1142,9;-24,799999;-1000,000000;17,610571;0,000000; Sync 
2024-01-10;00:16:00;27,0;25,1;18,9;26,3;1145,4;-24,799999;-1000,000000;17,959681;0,000000; Sync 
2024-01-10;00:17:00;27,1;24,8;18,8;26,4;1148,0;-24,799999;-1000,000000;18,034187;0,000000; Sync 
2024-01-10;00:18:00;27,0;24,7;18,8;26,2;1145,1;-24,799999;-1000,000000;18,408714;0,000000; Sync 
2024-01-10;00:18:59;27,1;24,8;18,8;26,2;1145,1;-24,799999;-1000,000000;18,322311;0,000000; Sync 
2024-01-10;00:20:00;27,1;24,7;18,8;26,3;1145,4;-24,799999;-1000,000000;15,915488;0,000000; Sync 
2024-01-10;00:21:00;27,3;24,7;18,9;26,4;1145,8;-24,799999;-1000,000000;16,144863;0,000000; Sync 
2024-01-10;00:22:00;27,2;24,7;18,9;26,5;1147,8;-24,799999;-1000,000000;16,465384;0,000000; Sync 
2024-01-10;00:23:00;27,2;24,8;18,9;26,5;1144,1;-24,799999;-1000,000000;18,623825;0,000000; Sync 
2024-01-10;00:24:00;27,2;24,8;18,9;26,4;1146,6;-24,799999;-1000,000000;16,041664;0,000000; Sync 
2024-01-10;00:25:00;27,2;24,8;18,9;26,4;1145,8;-24,799999;-1000,000000;18,404823;0,000000; Sync 
2024-01-10;00:26:00;27,2;24,8;18,9;26,4;1147,0;-24,799999;-1000,000000;18,212536;0,000000; Sync 
2024-01-10;00:27:00;27,1;24,6;18,8;26,3;1145,7;-24,799999;-1000,000000;15,858575;0,000000; Sync 
2024-01-10;00:28:00;27,1;24,6;18,7;26,3;1146,2;-24,799999;-1000,000000;18,158295;0,000000; Sync 
2024-01-10;00:29:00;27,1;24,6;18,8;26,4;1144,3;-24,799999;-1000,000000;18,432848;0,000000; Sync 
2024-01-10;00:30:00;27,3;24,8;18,8;26,4;1144,7;-24,799999;-1000,000000;18,833809;0,000000; Sync 
2024-01-10;00:30:59;27,5;24,8;18,9;26,6;1144,7;-24,799999;-1000,000000;18,833809;0,000000; Sync 
2024-01-10;00:32:00;27,3;24,7;18,8;26,5;1147,3;-24,799999;-1000,000000;19,328209;0,000000; Sync 
2024-01-10;00:33:00;27,4;24,7;18,7;26,5;1143,5;-24,799999;-1000,000000;18,708908;0,000000; Sync 
2024-01-10;00:34:00;27,5;24,8;18,8;26,6;1144,0;-24,799999;-1000,000000;18,708908;0,000000; Sync 
2024-01-10;00:35:00;27,5;24,8;18,8;26,6;1143,4;-24,799999;-1000,000000;18,708908;0,000000; Sync 
2024-01-10;00:36:00;27,6;24,9;18,9;26,7;1145,2;-24,900000;-1000,000000;16,212027;0,000000; Sync 
2024-01-10;00:37:00;27,6;25,1;18,9;26,8;1144,0;-25,000000;-1000,000000;16,480114;0,000000; Sync 
2024-01-10;00:38:00;27,6;25,0;18,8;26,7;1144,0;-25,100000;-1000,000000;15,993515;0,000000; Sync 
2024-01-10;00:39:00;27,6;25,0;18,8;26,8;1144,5;-25,100000;-1000,000000;16,420347;0,000000; Sync 
2024-01-10;00:40:00;27,7;25,1;18,8;27,0;1143,9;-25,100000;-1000,000000;17,006495;0,000000; Sync 
2024-01-10;00:41:00;27,8;25,2;18,8;26,9;1146,3;-25,100000;-1000,000000;17,079689;0,000000; Sync 
2024-01-10;00:42:00;27,7;25,2;18,8;27,0;1143,1;-25,100000;-1000,000000;16,882925;0,000000; Sync 
2024-01-10;00:43:00;27,9;25,1;18,8;27,0;1144,0;-25,100000;-1000,000000;17,082405;0,000000; Sync 
2024-01-10;00:44:00;27,8;25,2;18,8;26,9;1143,6;-25,100000;-1000,000000;19,336479;0,000000; Sync 
2024-01-10;00:45:00;28,1;25,2;18,8;27,1;1142,6;-25,100000;-1000,000000;17,447441;0,000000; Sync 
2024-01-10;00:46:00;27,9;25,1;18,8;27,0;1144,9;-25,100000;-1000,000000;17,520531;0,000000; Sync 
2024-01-10;00:47:00;27,9;25,0;18,9;27,1;1144,5;-25,100000;-1000,000000;17,129742;0,000000; Sync 
2024-01-10;00:48:00;27,9;25,1;18,8;27,1;1144,2;-25,100000;-1000,000000;17,252190;0,000000; Sync 
2024-01-10;00:49:00;27,9;25,2;18,9;27,1;1144,3;-25,100000;-1000,000000;17,037825;0,000000; Sync 
2024-01-10;00:49:59;27,8;25,1;18,8;26,9;1142,9;-25,100000;-1000,000000;17,630108;0,000000; Sync 
2024-01-10;00:51:00;28,0;25,2;18,9;27,2;1143,6;-25,000000;-1000,000000;19,697588;0,000000; Sync 
2024-01-10;00:52:00;28,0;25,2;18,9;27,0;1143,4;-25,000000;-1000,000000;20,468969;0,000000; Sync 
2024-01-10;00:53:00;28,0;25,2;18,9;27,0;1143,6;-25,000000;-1000,000000;17,335495;0,000000; Sync 
2024-01-10;00:54:00;27,9;25,1;18,9;27,0;1142,2;-25,000000;-1000,000000;19,874628;0,000000; Sync 
2024-01-10;00:55:00;27,8;25,1;18,8;27,0;1144,3;-25,000000;-1000,000000;19,835903;0,000000; Sync 
2024-01-10;00:56:00;27,9;24,9;18,9;27,1;1144,9;-25,000000;-1000,000000;20,003334;0,000000; Sync 
2024-01-10;00:57:00;27,8;24,8;18,9;27,0;1142,6;-25,000000;-1000,000000;17,699944;0,000000; Sync 
2024-01-10;00:58:00;27,7;24,8;18,9;26,9;1145,9;-25,000000;-1000,000000;17,576359;0,000000; Sync 
2024-01-10;00:59:00;27,9;25,0;19,1;26,9;1144,5;-25,000000;-1000,000000;17,680346;0,000000; Sync 
2024-01-10;01:00:00;27,9;25,1;19,1;27,1;1143,8;-25,000000;-1000,000000;17,610783;0,000000; Sync 
2024-01-10;01:01:00;27,8;25,0;19,0;27,0;1145,0;-25,000000;-1000,000000;17,425270;0,000000; Sync 
2024-01-10;01:02:00;27,7;24,8;19,0;26,9;1146,0;-25,000000;-1000,000000;17,372562;0,000000; Sync 
2024-01-10;01:03:00;27,8;24,8;19,0;27,0;1145,0;-25,000000;-1000,000000;17,563705;0,000000; Sync 
2024-01-10;01:04:00;27,8;24,8;19,0;26,9;1144,7;-25,000000;-1000,000000;17,200979;0,000000; Sync 
2024-01-10;01:05:00;27,8;24,9;19,1;26,9;1143,1;-25,000000;-1000,000000;17,528187;0,000000; Sync 
2024-01-10;01:06:00;27,9;24,8;19,1;26,9;1144,0;-25,000000;-1000,000000;20,409912;0,000000; Sync 
2024-01-10;01:07:00;27,9;25,0;19,2;27,1;1143,6;-25,000000;-1000,000000;19,987646;0,000000; Sync 
2024-01-10;01:08:00;27,8;24,9;19,1;27,0;1143,5;-25,000000;-1000,000000;19,579502;0,000000; Sync 
2024-01-10;01:09:00;27,7;24,8;19,0;26,8;1143,0;-25,000000;-1000,000000;19,759146;0,000000; Sync 
2024-01-10;01:10:00;27,8;24,9;19,1;26,9;1145,0;-25,000000;-1000,000000;19,775354;0,000000; Sync 
2024-01-10;01:11:00;27,9;25,0;19,2;27,1;1144,1;-25,000000;-1000,000000;19,996904;0,000000; Sync 
2024-01-10;01:12:00;28,0;25,0;19,2;27,0;1144,3;-25,000000;-1000,000000;17,776394;0,000000; Sync 
2024-01-10;01:13:00;27,8;24,8;19,1;26,9;1143,7;-25,000000;-1000,000000;17,903450;0,000000; Sync 
2024-01-10;01:14:00;27,9;25,0;19,1;27,0;1141,3;-25,000000;-1000,000000;20,441467;0,000000; Sync 
2024-01-10;01:15:00;28,0;25,0;19,2;27,1;1142,6;-25,000000;-1000,000000;20,256073;0,000000; Sync 
2024-01-10;01:16:00;27,8;24,9;19,1;27,0;1142,8;-25,000000;-1000,000000;18,107292;0,000000; Sync 
2024-01-10;01:17:00;27,8;25,0;19,1;26,9;1144,0;-25,000000;-1000,000000;18,093235;0,000000; Sync 
2024-01-10;01:18:00;27,8;25,2;19,1;26,9;1142,7;-25,000000;-1000,000000;17,488403;0,000000; Sync 
2024-01-10;01:19:00;27,8;25,0;19,1;26,9;1144,6;-25,000000;-1000,000000;17,880585;0,000000; Sync 
2024-01-10;01:20:00;27,7;25,0;19,1;26,8;1144,3;-25,000000;-1000,000000;17,785295;0,000000; Sync 
2024-01-10;01:21:00;27,7;25,1;19,2;26,8;1143,8;-25,000000;-1000,000000;17,366753;0,000000; Sync 
2024-01-10;01:22:00;27,5;24,7;19,2;26,9;1144,5;-25,000000;-1000,000000;16,996552;0,000000; Sync 
2024-01-10;01:23:00;27,7;24,8;19,2;26,9;1143,6;-25,000000;-1000,000000;17,758307;0,000000; Sync 
2024-01-10;01:24:00;27,7;24,8;19,1;26,9;1145,2;-25,000000;-1000,000000;19,885769;0,000000; Sync 
2024-01-10;01:25:00;27,7;24,9;19,3;27,0;1145,0;-25,000000;-1000,000000;19,600454;0,000000; Sync 
2024-01-10;01:26:00;27,7;24,8;19,0;26,8;1142,2;-25,000000;-1000,000000;20,258457;0,000000; Sync 
2024-01-10;01:27:00;27,9;24,9;19,2;27,0;1142,1;-25,000000;-1000,000000;20,236338;0,000000; Sync 
2024-01-10;01:28:00;27,9;25,0;19,2;27,1;1141,5;-25,000000;-1000,000000;20,082670;0,000000; Sync 
2024-01-10;01:29:00;28,0;24,8;19,2;27,0;1144,3;-25,000000;-1000,000000;18,161842;0,000000; Sync 
2024-01-10;01:30:00;28,0;24,7;19,1;26,9;1143,1;-25,000000;-1000,000000;20,248444;0,000000; Sync 
2024-01-10;01:31:00;27,9;24,9;19,3;27,1;1144,9;-25,000000;-1000,000000;18,204325;0,000000; Sync 
2024-01-10;01:32:00;27,9;24,9;19,2;27,0;1143,4;-25,000000;-1000,000000;20,731810;0,000000; Sync 
2024-01-10;01:33:00;27,9;24,9;19,2;27,0;1144,5;-25,000000;-1000,000000;20,293941;0,000000; Sync 
2024-01-10;01:34:00;27,8;25,0;19,2;27,1;1143,7;-25,000000;-1000,000000;20,625240;0,000000; Sync 
2024-01-10;01:35:00;27,8;24,9;19,3;27,0;1144,5;-25,000000;-1000,000000;20,369997;0,000000; Sync 
2024-01-10;01:36:00;27,9;24,9;19,3;27,1;1142,2;-25,000000;-1000,000000;20,433300;0,000000; Sync 
2024-01-10;01:37:00;27,8;24,9;19,2;27,0;1144,3;-25,000000;-1000,000000;20,153460;0,000000; Sync 
2024-01-10;01:38:00;27,8;24,8;19,1;26,9;1145,5;-25,000000;-1000,000000;19,961435;0,000000; Sync 
2024-01-10;01:39:00;28,0;24,9;19,2;27,0;1145,3;-25,000000;-1000,000000;20,002487;0,000000; Sync 
2024-01-10;01:40:00;27,8;24,8;19,1;26,9;1143,8;-25,000000;-1000,000000;20,443769;0,000000; Sync 
2024-01-10;01:41:00;27,8;24,8;19,1;26,9;1145,4;-25,000000;-1000,000000;20,353109;0,000000; Sync 
2024-01-10;01:42:00;27,9;24,9;19,2;27,0;1143,9;-25,000000;-1000,000000;20,475460;0,000000; Sync 
2024-01-10;01:43:00;27,9;24,9;19,2;27,0;1141,4;-25,000000;-1000,000000;20,969908;0,000000; Sync 
2024-01-10;01:44:00;28,1;25,0;19,3;27,2;1140,5;-25,000000;-1000,000000;21,182795;0,000000; Sync 
2024-01-10;01:45:00;28,2;25,0;19,1;27,1;1144,7;-25,000000;-1000,000000;20,845022;0,000000; Sync 
2024-01-10;01:46:00;28,0;24,8;19,1;27,0;1142,7;-25,000000;-1000,000000;21,512951;0,000000; Sync 
2024-01-10;01:47:00;28,0;24,8;19,1;27,1;1143,3;-25,000000;-1000,000000;21,141113;0,000000; Sync 
2024-01-10;01:48:00;28,1;25,0;19,3;27,2;1144,7;-25,000000;-1000,000000;21,438108;0,000000; Sync 
2024-01-10;01:49:00;28,0;24,9;19,3;27,2;1143,8;-25,000000;-1000,000000;21,341866;0,000000; Sync 
2024-01-10;01:50:00;28,0;24,8;19,2;27,1;1144,3;-25,000000;-1000,000000;18,804850;0,000000; Sync 
2024-01-10;01:51:00;28,0;24,9;19,2;27,1;1144,3;-25,000000;-1000,000000;18,339777;0,000000; Sync 
2024-01-10;01:52:00;28,1;24,9;19,2;27,2;1144,4;-25,000000;-1000,000000;18,867731;0,000000; Sync 
2024-01-10;01:53:00;28,2;24,9;19,2;27,2;1143,6;-25,000000;-1000,000000;18,603231;0,000000; Sync 
2024-01-10;01:54:00;28,2;24,9;19,2;27,2;1143,4;-25,000000;-1000,000000;19,226421;0,000000; Sync 
2024-01-10;01:55:00;28,3;25,0;19,2;27,3;1140,4;-25,000000;-1000,000000;19,201492;0,000000; Sync 
2024-01-10;01:56:00;28,5;25,1;19,2;27,4;1144,0;-25,000000;-1000,000000;19,524422;0,000000; Sync 
2024-01-10;01:57:00;28,6;25,4;19,2;27,6;1145,0;-25,200001;-1000,000000;21,732540;0,000000; Sync 
2024-01-10;01:58:00;28,8;25,5;19,1;27,7;1144,0;-25,299999;-1000,000000;21,680706;0,000000; Sync 
2024-01-10;01:59:00;29,1;25,3;19,2;27,9;1144,7;-25,299999;-1000,000000;22,312927;0,000000; Sync 
2024-01-10;02:00:00;29,1;25,5;19,1;28,0;1143,1;-25,299999;-1000,000000;21,828384;0,000000; Sync 
2024-01-10;02:01:00;29,3;25,6;19,2;28,1;1142,0;-25,299999;-1000,000000;22,551216;0,000000; Sync 
2024-01-10;02:02:00;29,3;25,3;19,1;28,1;1144,1;-25,299999;-1000,000000;22,734800;0,000000; Sync 
2024-01-10;02:03:00;29,3;25,6;19,3;28,2;1145,0;-25,299999;-1000,000000;22,467623;0,000000; Sync 
2024-01-10;02:04:00;29,0;25,5;19,3;28,1;1143,2;-25,299999;-1000,000000;22,141193;0,000000; Sync 
2024-01-10;02:05:00;28,8;25,4;19,1;27,7;1142,9;-25,299999;-1000,000000;21,939535;0,000000; Sync 
2024-01-10;02:06:00;28,6;25,0;19,1;27,7;1142,7;-25,299999;-1000,000000;22,214384;0,000000; Sync 
2024-01-10;02:07:00;28,7;25,1;19,2;27,9;1144,8;-25,299999;-1000,000000;19,579422;0,000000; Sync 
2024-01-10;02:08:00;28,7;25,1;19,3;27,8;1144,1;-25,299999;-1000,000000;18,868223;0,000000; Sync 
2024-01-10;02:09:00;28,5;25,1;19,2;27,6;1144,0;-25,299999;-1000,000000;18,597233;0,000000; Sync 
2024-01-10;02:10:00;28,4;25,1;19,2;27,5;1142,7;-25,299999;-1000,000000;18,692169;0,000000; Sync 
2024-01-10;02:11:00;28,4;25,2;19,2;27,5;1142,5;-25,299999;-1000,000000;18,442846;0,000000; Sync 
2024-01-10;02:11:59;28,5;25,3;19,3;27,5;1142,9;-25,299999;-1000,000000;18,772245;0,000000; Sync 
2024-01-10;02:13:00;28,4;24,9;19,2;27,4;1143,6;-25,200001;-1000,000000;18,793039;0,000000; Sync 
2024-01-10;02:14:00;28,2;24,8;19,2;27,3;1144,3;-25,100000;-1000,000000;19,072041;0,000000; Sync 
2024-01-10;02:15:00;28,2;24,9;19,4;27,3;1141,6;-25,000000;-1000,000000;19,509621;0,000000; Sync 
2024-01-10;02:16:00;28,1;24,7;19,4;27,1;1141,3;-25,000000;-1000,000000;18,879951;0,000000; Sync 
2024-01-10;02:17:00;27,9;24,8;19,4;27,1;1142,1;-25,000000;-1000,000000;18,671385;0,000000; Sync 
2024-01-10;02:18:00;28,2;24,9;19,3;27,0;1142,9;-25,000000;-1000,000000;18,821714;0,000000; Sync 
2024-01-10;02:19:00;28,1;24,9;19,5;27,1;1145,2;-25,000000;-1000,000000;18,696081;0,000000; Sync 
2024-01-10;02:20:00;27,8;24,8;19,4;26,9;1143,4;-25,000000;-1000,000000;19,139687;0,000000; Sync 
2024-01-10;02:21:00;27,9;25,0;19,5;27,0;1142,0;-25,000000;-1000,000000;18,901424;0,000000; Sync 
2024-01-10;02:22:00;27,9;25,1;19,5;27,0;1143,1;-25,000000;-1000,000000;18,889273;0,000000; Sync 
2024-01-10;02:23:00;27,8;24,9;19,4;26,9;1143,8;-25,000000;-1000,000000;18,036194;0,000000; Sync 
2024-01-10;02:24:00;27,9;25,1;19,4;27,0;1144,9;-25,000000;-1000,000000;18,559931;0,000000; Sync 
2024-01-10;02:25:00;27,9;25,1;19,4;27,0;1140,6;-25,000000;-1000,000000;20,787674;0,000000; Sync 
2024-01-10;02:26:00;27,9;25,1;19,5;27,0;1145,4;-25,000000;-1000,000000;20,964617;0,000000; Sync 
2024-01-10;02:27:00;28,0;25,2;19,5;27,1;1146,1;-25,000000;-1000,000000;20,583797;0,000000; Sync 
2024-01-10;02:28:00;28,1;25,3;19,4;27,0;1144,1;-25,000000;-1000,000000;21,191208;0,000000; Sync 
2024-01-10;02:29:00;28,0;25,1;19,4;27,0;1142,2;-25,000000;-1000,000000;21,525776;0,000000; Sync 
2024-01-10;02:30:00;28,1;25,2;19,5;27,0;1141,1;-25,000000;-1000,000000;21,389786;0,000000; Sync 
2024-01-10;02:31:00;28,1;25,3;19,4;27,2;1141,8;-25,000000;-1000,000000;21,716164;0,000000; Sync 
2024-01-10;02:32:00;28,1;25,2;19,4;27,1;1145,1;-25,000000;-1000,000000;21,178171;0,000000; Sync 
2024-01-10;02:33:00;28,1;25,2;19,4;27,1;1143,2;-25,000000;-1000,000000;21,474579;0,000000; Sync 
2024-01-10;02:34:00;27,9;25,1;19,3;27,0;1143,2;-25,000000;-1000,000000;21,241039;0,000000; Sync 
2024-01-10;02:35:00;28,0;25,0;19,4;27,2;1140,5;-25,000000;-1000,000000;21,119259;0,000000; Sync 
2024-01-10;02:36:00;28,0;24,8;19,3;27,1;1143,1;-25,000000;-1000,000000;21,396879;0,000000; Sync 
2024-01-10;02:37:00;27,8;24,9;19,4;27,1;1146,7;-25,000000;-1000,000000;21,232235;0,000000; Sync 
2024-01-10;02:38:00;27,9;24,9;19,4;27,0;1142,6;-25,000000;-1000,000000;19,187927;0,000000; Sync 
2024-01-10;02:39:00;27,9;24,8;19,4;27,0;1145,4;-25,000000;-1000,000000;18,917820;0,000000; Sync 
2024-01-10;02:40:00;27,9;25,2;19,4;27,0;1143,6;-25,000000;-1000,000000;21,343861;0,000000; Sync 
2024-01-10;02:41:00;28,1;25,2;19,4;27,1;1144,6;-25,000000;-1000,000000;20,887629;0,000000; Sync 
2024-01-10;02:42:00;27,9;24,9;19,4;27,0;1144,7;-25,000000;-1000,000000;20,827818;0,000000; Sync 
2024-01-10;02:43:00;27,8;24,7;19,3;26,9;1140,2;-25,000000;-1000,000000;18,377037;0,000000; Sync 
2024-01-10;02:44:00;27,9;24,9;19,3;26,9;1140,8;-25,000000;-1000,000000;18,341755;0,000000; Sync 
2024-01-10;02:45:00;27,9;24,9;19,3;27,0;1141,6;-25,000000;-1000,000000;18,510656;0,000000; Sync 
2024-01-10;02:46:00;28,0;25,1;19,4;27,1;1142,2;-25,000000;-1000,000000;18,620457;0,000000; Sync 
2024-01-10;02:47:00;28,0;25,1;19,3;27,0;1140,9;-25,000000;-1000,000000;18,236435;0,000000; Sync 
2024-01-10;02:48:00;27,9;25,1;19,3;27,0;1144,4;-25,000000;-1000,000000;18,642742;0,000000; Sync 
2024-01-10;02:49:00;28,0;25,1;19,3;27,1;1141,8;-25,000000;-1000,000000;19,009050;0,000000; Sync 
2024-01-10;02:50:00;27,9;25,0;19,3;27,0;1143,4;-25,000000;-1000,000000;18,640110;0,000000; Sync 
2024-01-10;02:51:00;27,9;25,1;19,3;27,0;1141,8;-25,000000;-1000,000000;18,248356;0,000000; Sync 
2024-01-10;02:52:00;27,7;25,1;19,2;26,8;1144,6;-25,100000;-1000,000000;17,733662;0,000000; Sync 
2024-01-10;02:53:00;27,8;25,2;19,3;26,9;1139,4;-25,100000;-1000,000000;17,181650;0,000000; Sync 
2024-01-10;02:54:00;28,0;25,0;19,3;27,0;1143,8;-25,100000;-1000,000000;17,520864;0,000000; Sync 
2024-01-10;02:55:00;27,9;24,9;19,2;27,0;1141,5;-25,100000;-1000,000000;19,943027;0,000000; Sync 
2024-01-10;02:56:00;27,8;25,0;19,3;27,1;1145,2;-25,100000;-1000,000000;17,795856;0,000000; Sync 
2024-01-10;02:57:00;27,9;25,0;19,3;27,1;1142,5;-25,100000;-1000,000000;19,963280;0,000000; Sync 
2024-01-10;02:58:00;28,0;25,0;19,3;27,2;1143,5;-25,100000;-1000,000000;20,085484;0,000000; Sync 
2024-01-10;02:59:00;27,9;25,0;19,3;27,1;1141,2;-25,100000;-1000,000000;17,674473;0,000000; Sync 
2024-01-10;03:00:00;27,8;25,2;19,3;27,0;1140,4;-25,100000;-1000,000000;17,474503;0,000000; Sync 
2024-01-10;03:01:00;27,8;25,2;19,3;27,0;1144,0;-25,100000;-1000,000000;20,030251;0,000000; Sync 
2024-01-10;03:02:00;27,9;25,4;19,4;27,0;1141,3;-25,100000;-1000,000000;17,425413;0,000000; Sync 
2024-01-10;03:03:00;27,7;25,0;19,2;26,9;1141,7;-25,100000;-1000,000000;17,953035;0,000000; Sync 
2024-01-10;03:04:00;27,8;25,0;19,2;26,9;1143,4;-25,100000;-1000,000000;17,693054;0,000000; Sync 
2024-01-10;03:05:00;27,8;25,1;19,2;26,9;1143,0;-25,100000;-1000,000000;17,680561;0,000000; Sync 
2024-01-10;03:06:00;27,8;25,3;19,3;27,0;1142,9;-25,100000;-1000,000000;20,184525;0,000000; Sync 
2024-01-10;03:07:00;27,9;25,0;19,2;26,9;1142,9;-25,100000;-1000,000000;19,949139;0,000000; Sync 
2024-01-10;03:08:00;27,8;25,0;19,3;27,0;1145,2;-25,100000;-1000,000000;17,779644;0,000000; Sync 
2024-01-10;03:09:00;27,8;25,1;19,2;27,0;1142,3;-25,100000;-1000,000000;17,554489;0,000000; Sync 
2024-01-10;03:10:00;27,9;24,9;19,3;27,0;1141,8;-25,100000;-1000,000000;17,758528;0,000000; Sync 
2024-01-10;03:11:00;27,8;24,9;19,3;27,0;1144,2;-25,100000;-1000,000000;17,718903;0,000000; Sync 
2024-01-10;03:12:00;27,8;24,9;19,2;27,0;1144,3;-25,100000;-1000,000000;17,531727;0,000000; Sync 
2024-01-10;03:13:00;27,7;24,9;19,2;26,9;1142,6;-25,100000;-1000,000000;17,187424;0,000000; Sync 
2024-01-10;03:14:00;27,8;25,1;19,4;27,0;1143,8;-25,100000;-1000,000000;17,462564;0,000000; Sync 
2024-01-10;03:15:00;27,8;24,9;19,3;27,0;1142,7;-25,100000;-1000,000000;17,456259;0,000000; Sync 
2024-01-10;03:16:00;27,8;24,9;19,2;27,0;1140,9;-25,100000;-1000,000000;17,211094;0,000000; Sync 
2024-01-10;03:17:00;27,7;25,1;19,1;27,1;1144,9;-25,100000;-1000,000000;17,452328;0,000000; Sync 
2024-01-10;03:18:00;27,8;25,2;19,2;27,0;1140,5;-25,100000;-1000,000000;17,134754;0,000000; Sync 
2024-01-10;03:19:00;27,9;25,2;19,1;26,9;1141,5;-25,100000;-1000,000000;17,775372;0,000000; Sync 
2024-01-10;03:20:00;27,9;25,2;19,2;27,0;1141,6;-25,100000;-1000,000000;17,620226;0,000000; Sync 
2024-01-10;03:21:00;27,9;25,3;19,2;27,0;1145,4;-25,100000;-1000,000000;19,786762;0,000000; Sync 
2024-01-10;03:22:00;27,8;25,2;19,1;27,0;1141,2;-25,100000;-1000,000000;19,916794;0,000000; Sync 
2024-01-10;03:23:00;28,0;25,3;19,3;27,1;1143,1;-25,100000;-1000,000000;17,527292;0,000000; Sync 
2024-01-10;03:24:00;27,8;25,1;19,2;26,9;1143,9;-25,100000;-1000,000000;17,347534;0,000000; Sync 
2024-01-10;03:25:00;27,9;25,2;19,2;27,0;1140,0;-25,100000;-1000,000000;17,712965;0,000000; Sync 
2024-01-10;03:26:00;28,0;25,3;19,3;27,1;1143,0;-25,100000;-1000,000000;17,700216;0,000000; Sync 
2024-01-10;03:27:00;27,9;25,2;19,1;26,9;1142,4;-25,100000;-1000,000000;17,841066;0,000000; Sync 
2024-01-10;03:28:00;28,0;25,3;19,3;27,2;1144,1;-25,100000;-1000,000000;17,822584;0,000000; Sync 
2024-01-10;03:29:00;27,9;25,2;19,2;27,0;1145,4;-25,100000;-1000,000000;17,904215;0,000000; Sync 
2024-01-10;03:30:00;28,1;25,2;19,2;27,1;1140,9;-25,100000;-1000,000000;17,820444;0,000000; Sync 
2024-01-10;03:31:00;28,1;25,1;19,2;27,2;1142,9;-25,100000;-1000,000000;18,158705;0,000000; Sync 
2024-01-10;03:32:00;28,0;25,0;19,1;27,1;1142,9;-25,100000;-1000,000000;17,834276;0,000000; Sync 
2024-01-10;03:33:00;28,1;25,2;19,2;27,2;1143,8;-25,100000;-1000,000000;18,168560;0,000000; Sync 
2024-01-10;03:34:00;28,2;25,3;19,2;27,3;1143,2;-25,100000;-1000,000000;18,281158;0,000000; Sync 
2024-01-10;03:35:00;28,2;25,3;19,2;27,3;1144,5;-25,100000;-1000,000000;21,166924;0,000000; Sync 
2024-01-10;03:36:00;28,3;25,4;19,3;27,4;1143,7;-25,100000;-1000,000000;21,189629;0,000000; Sync 
2024-01-10;03:37:00;28,3;25,4;19,2;27,3;1142,7;-25,100000;-1000,000000;21,937141;0,000000; Sync 
2024-01-10;03:38:00;28,4;25,2;19,2;27,4;1144,8;-25,100000;-1000,000000;21,147667;0,000000; Sync 
2024-01-10;03:39:00;28,3;24,9;19,1;27,3;1142,1;-25,100000;-1000,000000;21,673767;0,000000; Sync 
2024-01-10;03:40:00;28,5;25,0;19,3;27,4;1144,7;-25,100000;-1000,000000;21,573400;0,000000; Sync 
2024-01-10;03:41:00;28,4;24,8;19,1;27,3;1144,1;-25,100000;-1000,000000;19,342939;0,000000; Sync 
2024-01-10;03:42:00;28,3;24,8;19,1;27,3;1143,6;-25,100000;-1000,000000;18,898006;0,000000; Sync 
2024-01-10;03:43:00;28,4;24,8;19,1;27,3;1143,1;-25,100000;-1000,000000;18,917582;0,000000; Sync 
2024-01-10;03:44:00;28,3;24,9;19,2;27,4;1142,6;-25,100000;-1000,000000;19,433172;0,000000; Sync 
2024-01-10;03:45:00;28,5;25,0;19,3;27,5;1142,0;-25,100000;-1000,000000;19,710890;0,000000; Sync 
2024-01-10;03:46:00;28,6;25,0;19,3;27,6;1146,8;-25,100000;-1000,000000;19,423317;0,000000; Sync 
2024-01-10;03:47:00;28,8;25,1;19,2;27,5;1141,5;-25,200001;-1000,000000;19,667244;0,000000; Sync 
2024-01-10;03:48:00;28,6;25,3;19,4;27,8;1145,0;-25,299999;-1000,000000;19,486347;0,000000; Sync 
2024-01-10;03:49:00;28,7;25,2;19,3;27,7;1143,8;-25,400000;-1000,000000;18,876606;0,000000; Sync 
2024-01-10;03:50:00;29,0;25,5;19,4;27,9;1143,1;-25,400000;-1000,000000;19,114702;0,000000; Sync 
2024-01-10;03:51:00;28,9;25,5;19,3;27,9;1142,7;-25,400000;-1000,000000;18,882895;0,000000; Sync 
2024-01-10;03:52:00;28,9;25,5;19,4;28,1;1143,7;-25,400000;-1000,000000;19,393185;0,000000; Sync 
2024-01-10;03:53:00;29,0;25,5;19,3;28,0;1143,8;-25,400000;-1000,000000;19,320530;0,000000; Sync 
2024-01-10;03:54:00;29,1;25,6;19,2;27,9;1142,1;-25,400000;-1000,000000;19,917622;0,000000; Sync 
2024-01-10;03:55:00;29,3;25,7;19,3;28,0;1143,1;-25,400000;-1000,000000;22,937531;0,000000; Sync 
2024-01-10;03:56:00;29,3;25,5;19,4;28,1;1143,6;-25,400000;-1000,000000;22,659773;0,000000; Sync 
2024-01-10;03:57:00;29,3;25,2;19,3;28,1;1142,5;-25,400000;-1000,000000;20,252800;0,000000; Sync 
2024-01-10;03:58:00;29,3;25,3;19,4;28,2;1144,1;-25,400000;-1000,000000;20,206245;0,000000; Sync 
2024-01-10;03:59:00;29,2;25,5;19,4;28,2;1141,7;-25,400000;-1000,000000;20,705276;0,000000; Sync 
2024-01-10;04:00:00;29,2;25,5;19,3;28,1;1142,8;-25,400000;-1000,000000;20,794552;0,000000; Sync 
2024-01-10;04:01:00;29,4;25,6;19,4;28,3;1143,2;-25,400000;-1000,000000;23,487558;0,000000; Sync 
2024-01-10;04:02:00;29,4;25,4;19,4;28,2;1143,7;-25,400000;-1000,000000;23,426172;0,000000; Sync 
2024-01-10;04:03:00;29,5;25,4;19,5;28,3;1143,0;-25,400000;-1000,000000;23,518639;0,000000; Sync 
2024-01-10;04:04:00;29,4;25,2;19,4;28,2;1142,5;-25,400000;-1000,000000;23,778490;0,000000; Sync 
2024-01-10;04:05:00;29,3;25,3;19,4;28,3;1142,9;-25,500000;-1000,000000;23,075836;0,000000; Sync 
2024-01-10;04:06:00;29,4;25,4;19,4;28,3;1142,2;-25,500000;-1000,000000;22,719704;0,000000; Sync 
2024-01-10;04:07:00;29,5;25,4;19,5;28,4;1144,4;-25,400000;-1000,000000;22,719704;0,000000; Sync 
2024-01-10;04:08:00;29,4;25,4;19,5;28,2;1142,8;-25,400000;-1000,000000;20,503277;0,000000; Sync 
2024-01-10;04:09:00;29,3;25,6;19,6;28,3;1143,0;-25,500000;-1000,000000;20,005480;0,000000; Sync 
2024-01-10;04:10:00;29,4;25,6;19,5;28,2;1142,1;-25,500000;-1000,000000;20,675568;0,000000; Sync 
2024-01-10;04:11:00;29,4;25,5;19,5;28,2;1142,0;-25,400000;-1000,000000;21,012625;0,000000; Sync 
2024-01-10;04:12:00;29,5;25,5;19,6;28,3;1142,8;-25,400000;-1000,000000;21,333645;0,000000; Sync 
2024-01-10;04:13:00;29,4;25,4;19,6;28,3;1142,6;-25,400000;-1000,000000;23,543514;0,000000; Sync 
2024-01-10;04:14:00;29,4;25,2;19,6;28,2;1144,0;-25,400000;-1000,000000;23,808872;0,000000; Sync 
2024-01-10;04:15:00;29,4;25,2;19,6;28,2;1142,3;-25,400000;-1000,000000;21,270580;0,000000; Sync 
2024-01-10;04:16:00;29,5;25,3;19,7;28,3;1143,1;-25,400000;-1000,000000;24,070183;0,000000; Sync 
2024-01-10;04:17:00;29,5;25,4;19,8;28,2;1142,6;-25,400000;-1000,000000;23,802826;0,000000; Sync 
2024-01-10;04:18:00;29,4;25,3;19,7;28,2;1141,8;-25,400000;-1000,000000;23,840595;0,000000; Sync 
2024-01-10;04:19:00;29,4;25,2;19,7;28,2;1142,7;-25,400000;-1000,000000;21,479877;0,000000; Sync 
2024-01-10;04:20:00;29,3;25,2;19,7;28,1;1142,6;-25,400000;-1000,000000;21,402021;0,000000; Sync 
2024-01-10;04:21:00;29,3;25,1;19,7;28,1;1142,5;-25,400000;-1000,000000;21,518099;0,000000; Sync 
2024-01-10;04:22:00;29,5;25,3;19,8;28,3;1143,4;-25,400000;-1000,000000;21,380474;0,000000; Sync 
2024-01-10;04:23:00;29,4;25,3;19,7;28,2;1140,7;-25,400000;-1000,000000;21,531914;0,000000; Sync 
2024-01-10;04:24:00;29,5;25,5;19,7;28,3;1141,2;-25,500000;-1000,000000;21,557661;0,000000; Sync 
2024-01-10;04:25:00;29,7;25,7;19,8;28,5;1142,0;-25,600000;-1000,000000;21,708132;0,000000; Sync 
2024-01-10;04:26:00;29,7;25,7;19,7;28,5;1142,5;-25,700001;-1000,000000;23,985506;0,000000; Sync 
2024-01-10;04:27:00;29,8;25,9;19,8;28,7;1143,3;-25,700001;-1000,000000;23,967590;0,000000; Sync 
2024-01-10;04:28:00;29,9;25,7;19,8;28,7;1143,1;-25,700001;-1000,000000;23,816399;0,000000; Sync 
2024-01-10;04:29:00;29,9;25,7;19,8;28,7;1141,3;-25,700001;-1000,000000;23,444178;0,000000; Sync 
2024-01-10;04:30:00;29,8;25,6;19,8;28,7;1143,5;-25,700001;-1000,000000;23,924381;0,000000; Sync 
2024-01-10;04:31:00;29,7;25,5;19,7;28,5;1141,7;-25,700001;-1000,000000;21,395134;0,000000; Sync 
2024-01-10;04:32:00;29,7;25,5;19,8;28,5;1142,4;-25,700001;-1000,000000;21,392265;0,000000; Sync 
2024-01-10;04:33:00;29,7;25,9;19,9;28,6;1142,3;-25,700001;-1000,000000;21,295580;0,000000; Sync 
2024-01-10;04:34:00;29,7;25,7;19,8;28,5;1142,4;-25,700001;-1000,000000;21,642548;0,000000; Sync 
2024-01-10;04:35:00;29,8;25,8;19,9;28,6;1141,4;-25,700001;-1000,000000;23,663946;0,000000; Sync 
2024-01-10;04:36:00;29,7;25,9;19,9;28,7;1144,0;-25,700001;-1000,000000;23,249516;0,000000; Sync 
2024-01-10;04:37:00;29,7;25,9;19,8;28,5;1143,7;-25,700001;-1000,000000;23,851114;0,000000; Sync 
2024-01-10;04:38:00;29,7;25,9;19,9;28,6;1142,1;-25,700001;-1000,000000;23,585388;0,000000; Sync 
2024-01-10;04:39:00;29,7;25,7;19,9;28,6;1141,8;-25,700001;-1000,000000;23,943047;0,000000; Sync 
2024-01-10;04:40:00;29,6;25,7;19,9;28,6;1143,4;-25,700001;-1000,000000;23,382347;0,000000; Sync 
2024-01-10;04:41:00;29,4;25,5;19,9;28,3;1143,5;-25,700001;-1000,000000;23,723335;0,000000; Sync 
2024-01-10;04:42:00;29,5;25,6;20,0;28,4;1142,7;-25,700001;-1000,000000;23,228371;0,000000; Sync 
2024-01-10;04:43:00;29,5;25,3;19,9;28,2;1143,8;-25,500000;-1000,000000;21,442556;0,000000; Sync 
2024-01-10;04:44:00;29,3;25,2;19,9;28,1;1142,4;-25,400000;-1000,000000;21,826134;0,000000; Sync 
2024-01-10;04:44:59;29,2;25,4;20,1;28,1;1142,9;-25,400000;-1000,000000;20,850166;0,000000; Sync 
2024-01-10;04:46:00;29,0;25,4;20,0;27,9;1142,6;-25,400000;-1000,000000;21,469381;0,000000; Sync 
2024-01-10;04:47:00;28,9;25,1;20,0;27,8;1143,4;-25,400000;-1000,000000;21,009899;0,000000; Sync 
2024-01-10;04:48:00;29,0;25,3;20,1;28,0;1143,2;-25,400000;-1000,000000;20,991566;0,000000; Sync 
2024-01-10;04:49:00;29,0;25,3;20,1;28,0;1143,0;-25,400000;-1000,000000;20,999832;0,000000; Sync 
2024-01-10;04:50:00;28,9;25,2;20,0;27,9;1141,9;-25,400000;-1000,000000;20,842144;0,000000; Sync 
2024-01-10;04:51:00;28,8;25,2;19,9;27,7;1141,5;-25,400000;-1000,000000;20,846142;0,000000; Sync 
2024-01-10;04:52:00;29,0;25,4;20,0;27,9;1142,7;-25,400000;-1000,000000;20,530983;0,000000; Sync 
2024-01-10;04:53:00;28,9;25,3;19,9;27,8;1142,2;-25,400000;-1000,000000;20,618193;0,000000; Sync 
2024-01-10;04:54:00;28,9;25,6;19,9;27,9;1141,3;-25,500000;-1000,000000;22,927208;0,000000; Sync 
2024-01-10;04:55:00;29,0;25,7;20,0;28,0;1143,4;-25,500000;-1000,000000;22,812357;0,000000; Sync 
2024-01-10;04:56:00;29,2;25,7;20,1;28,1;1144,5;-25,500000;-1000,000000;23,381012;0,000000; Sync 
2024-01-10;04:57:00;29,1;25,5;19,9;28,0;1143,4;-25,500000;-1000,000000;23,564892;0,000000; Sync 
2024-01-10;04:58:00;29,2;25,6;20,0;28,1;1143,4;-25,500000;-1000,000000;23,444536;0,000000; Sync 
2024-01-10;04:59:00;29,1;25,6;19,9;28,0;1141,7;-25,500000;-1000,000000;23,487881;0,000000; Sync 
2024-01-10;05:00:00;29,2;25,7;20,0;28,1;1143,5;-25,500000;-1000,000000;23,993290;0,000000; Sync 
2024-01-10;05:01:00;29,2;25,7;20,0;28,1;1141,7;-25,500000;-1000,000000;23,736551;0,000000; Sync 
2024-01-10;05:02:00;29,3;25,4;20,0;28,1;1143,8;-25,500000;-1000,000000;23,717297;0,000000; Sync 
2024-01-10;05:03:00;29,1;25,3;19,9;28,0;1142,4;-25,500000;-1000,000000;20,953875;0,000000; Sync 
2024-01-10;05:04:00;29,2;25,4;20,0;28,1;1143,4;-25,500000;-1000,000000;20,751781;0,000000; Sync 
2024-01-10;05:05:00;29,1;25,3;19,8;28,0;1141,8;-25,500000;-1000,000000;20,565037;0,000000; Sync 
2024-01-10;05:06:00;29,1;25,4;19,9;27,9;1145,1;-25,500000;-1000,000000;20,515982;0,000000; Sync 
2024-01-10;05:07:00;29,0;25,3;19,9;27,9;1142,5;-25,500000;-1000,000000;20,062733;0,000000; Sync 
2024-01-10;05:08:00;29,0;25,4;19,9;27,9;1143,1;-25,500000;-1000,000000;20,793516;0,000000; Sync 
2024-01-10;05:09:00;29,1;25,5;20,0;28,1;1144,0;-25,500000;-1000,000000;20,294863;0,000000; Sync 
2024-01-10;05:10:00;29,0;25,6;19,9;27,9;1142,9;-25,500000;-1000,000000;20,171711;0,000000; Sync 
2024-01-10;05:10:59;28,9;25,6;19,9;27,9;1144,1;-25,500000;-1000,000000;22,043499;0,000000; Sync 
2024-01-10;05:12:00;28,8;25,5;19,8;27,7;1141,5;-25,500000;-1000,000000;19,592743;0,000000; Sync 
2024-01-10;05:13:00;28,9;25,5;19,9;27,9;1144,2;-25,500000;-1000,000000;19,780422;0,000000; Sync 
2024-01-10;05:14:00;29,0;25,4;19,9;27,9;1143,4;-25,500000;-1000,000000;19,739981;0,000000; Sync 
2024-01-10;05:15:00;28,9;25,5;19,9;27,9;1144,4;-25,500000;-1000,000000;20,176355;0,000000; Sync 
2024-01-10;05:16:00;29,0;25,6;20,0;28,0;1143,6;-25,500000;-1000,000000;19,993752;0,000000; Sync 
2024-01-10;05:17:00;28,8;25,6;19,9;27,8;1141,8;-25,500000;-1000,000000;19,577579;0,000000; Sync 
2024-01-10;05:18:00;28,9;25,7;20,0;27,9;1143,6;-25,500000;-1000,000000;22,118443;0,000000; Sync 
2024-01-10;05:19:00;28,7;25,7;19,9;27,8;1144,1;-25,500000;-1000,000000;21,609003;0,000000; Sync 
2024-01-10;05:20:00;28,7;25,7;19,8;27,7;1142,5;-25,500000;-1000,000000;21,932117;0,000000; Sync 
2024-01-10;05:21:00;28,8;25,4;19,8;27,8;1143,6;-25,500000;-1000,000000;21,774605;0,000000; Sync 
2024-01-10;05:22:00;28,8;25,6;19,9;27,9;1144,0;-25,500000;-1000,000000;22,142916;0,000000; Sync 
2024-01-10;05:23:00;28,7;25,4;19,8;27,8;1142,5;-25,500000;-1000,000000;21,590031;0,000000; Sync 
2024-01-10;05:24:00;28,8;25,6;19,9;27,9;1143,6;-25,500000;-1000,000000;21,821257;0,000000; Sync 
2024-01-10;05:25:00;29,0;25,9;20,0;28,0;1145,2;-25,500000;-1000,000000;22,180401;0,000000; Sync 
2024-01-10;05:26:00;28,7;25,6;19,9;27,9;1143,8;-25,500000;-1000,000000;21,860394;0,000000; Sync 
2024-01-10;05:27:00;28,7;25,4;19,8;27,8;1143,8;-25,500000;-1000,000000;21,897760;0,000000; Sync 
2024-01-10;05:28:00;28,7;25,2;19,7;27,7;1141,2;-25,500000;-1000,000000;19,353434;0,000000; Sync 
2024-01-10;05:29:00;28,7;25,4;19,8;27,8;1142,3;-25,500000;-1000,000000;19,476635;0,000000; Sync 
2024-01-10;05:30:00;28,6;25,2;19,8;27,8;1145,3;-25,500000;-1000,000000;19,410625;0,000000; Sync 
2024-01-10;05:31:00;28,7;25,3;19,8;27,7;1143,6;-25,500000;-1000,000000;19,359921;0,000000; Sync 
2024-01-10;05:32:00;28,7;25,3;19,7;27,8;1144,1;-25,500000;-1000,000000;19,242870;0,000000; Sync 
2024-01-10;05:33:00;28,7;25,4;19,9;27,9;1142,7;-25,500000;-1000,000000;21,889206;0,000000; Sync 
2024-01-10;05:34:00;28,9;25,5;19,9;27,9;1143,8;-25,500000;-1000,000000;19,321577;0,000000; Sync 
2024-01-10;05:35:00;28,8;25,3;19,8;27,8;1143,2;-25,500000;-1000,000000;19,618828;0,000000; Sync 
2024-01-10;05:36:00;28,7;25,2;19,7;27,7;1142,6;-25,500000;-1000,000000;19,661421;0,000000; Sync 
2024-01-10;05:37:00;28,7;25,2;19,7;27,8;1145,0;-25,500000;-1000,000000;19,257954;0,000000; Sync 
2024-01-10;05:38:00;28,6;25,3;19,7;27,8;1143,3;-25,500000;-1000,000000;19,313591;0,000000; Sync 
2024-01-10;05:39:00;28,6;25,6;19,8;27,8;1142,8;-25,500000;-1000,000000;19,157276;0,000000; Sync 
2024-01-10;05:40:00;28,7;25,5;19,7;27,7;1141,8;-25,500000;-1000,000000;19,067432;0,000000; Sync 
2024-01-10;05:41:00;28,7;25,6;19,7;27,8;1143,7;-25,500000;-1000,000000;19,138981;0,000000; Sync 
2024-01-10;05:42:00;28,7;25,6;19,7;27,7;1142,2;-25,500000;-1000,000000;21,066286;0,000000; Sync 
2024-01-10;05:43:00;28,8;25,7;19,8;27,7;1142,6;-25,500000;-1000,000000;18,953238;0,000000; Sync 
2024-01-10;05:44:00;28,8;25,7;19,7;27,8;1143,6;-25,500000;-1000,000000;19,174932;0,000000; Sync 
2024-01-10;05:45:00;28,6;25,6;19,6;27,7;1142,9;-25,500000;-1000,000000;21,796230;0,000000; Sync 
2024-01-10;05:46:00;28,6;25,7;19,8;27,8;1144,7;-25,500000;-1000,000000;21,639137;0,000000; Sync 
2024-01-10;05:47:00;28,5;25,6;19,6;27,5;1142,4;-25,500000;-1000,000000;20,876163;0,000000; Sync 
2024-01-10;05:48:00;28,6;25,7;19,7;27,6;1144,2;-25,500000;-1000,000000;21,041941;0,000000; Sync 
2024-01-10;05:49:00;28,5;25,4;19,6;27,6;1141,7;-25,299999;-1000,000000;21,625105;0,000000; Sync 
2024-01-10;05:50:00;28,5;25,4;19,6;27,5;1143,5;-25,299999;-1000,000000;22,080870;0,000000; Sync 
2024-01-10;05:51:00;28,5;25,2;19,7;27,5;1142,5;-25,400000;-1000,000000;19,167831;0,000000; Sync 
2024-01-10;05:52:00;28,4;25,1;19,7;27,4;1145,2;-25,299999;-1000,000000;18,772768;0,000000; Sync 
2024-01-10;05:53:00;28,4;25,1;19,6;27,4;1144,0;-25,200001;-1000,000000;21,527729;0,000000; Sync 
2024-01-10;05:54:00;28,3;25,0;19,7;27,4;1143,4;-25,200001;-1000,000000;19,606844;0,000000; Sync 
2024-01-10;05:55:00;28,2;25,0;19,5;27,4;1143,1;-25,200001;-1000,000000;22,002802;0,000000; Sync 
2024-01-10;05:56:00;28,4;25,2;19,8;27,5;1143,6;-25,200001;-1000,000000;21,473804;0,000000; Sync 
2024-01-10;05:57:00;28,3;25,0;19,6;27,3;1144,7;-25,200001;-1000,000000;19,028873;0,000000; Sync 
2024-01-10;05:58:00;28,1;24,9;19,5;27,2;1144,6;-25,200001;-1000,000000;21,265606;0,000000; Sync 
2024-01-10;05:59:00;28,2;25,0;19,6;27,3;1143,4;-25,200001;-1000,000000;19,234106;0,000000; Sync 
2024-01-10;06:00:00;28,3;25,0;19,6;27,3;1142,7;-25,200001;-1000,000000;18,619629;0,000000; Sync 
2024-01-10;06:01:00;28,2;25,0;19,6;27,3;1144,5;-25,200001;-1000,000000;18,802971;0,000000; Sync 
2024-01-10;06:01:59;28,2;25,0;19,6;27,2;1143,8;-25,200001;-1000,000000;19,239805;0,000000; Sync 
2024-01-10;06:03:00;28,3;25,3;19,7;27,4;1142,5;-25,200001;-1000,000000;18,530931;0,000000; Sync 
2024-01-10;06:04:00;28,1;25,2;19,5;27,2;1142,2;-25,200001;-1000,000000;21,494640;0,000000; Sync 
2024-01-10;06:05:00;28,1;25,1;19,6;27,2;1144,1;-25,200001;-1000,000000;21,273018;0,000000; Sync 
2024-01-10;06:06:00;28,0;25,1;19,6;27,2;1143,9;-25,200001;-1000,000000;18,876678;0,000000; Sync 
2024-01-10;06:07:00;28,0;25,0;19,7;27,3;1146,6;-25,200001;-1000,000000;18,276190;0,000000; Sync 
2024-01-10;06:08:00;27,9;25,0;19,6;27,1;1143,7;-25,200001;-1000,000000;18,295500;0,000000; Sync 
2024-01-10;06:09:00;27,9;25,1;19,7;27,0;1142,0;-25,200001;-1000,000000;18,331175;0,000000; Sync 
2024-01-10;06:10:00;27,8;25,1;19,5;27,0;1144,6;-25,200001;-1000,000000;20,155178;0,000000; Sync 
2024-01-10;06:11:00;27,8;25,2;19,5;27,0;1143,7;-25,200001;-1000,000000;20,042542;0,000000; Sync 
2024-01-10;06:12:00;27,8;25,1;19,5;27,0;1144,0;-25,200001;-1000,000000;19,855789;0,000000; Sync 
2024-01-10;06:13:00;27,7;25,1;19,4;26,9;1141,8;-25,200001;-1000,000000;19,578121;0,000000; Sync 
2024-01-10;06:14:00;27,8;25,3;19,5;27,0;1143,8;-25,200001;-1000,000000;19,500391;0,000000; Sync 
2024-01-10;06:15:00;27,7;25,3;19,5;26,8;1145,5;-25,200001;-1000,000000;19,290167;0,000000; Sync 
2024-01-10;06:16:00;27,7;25,2;19,4;26,8;1142,2;-25,200001;-1000,000000;19,362513;0,000000; Sync 
2024-01-10;06:17:00;27,7;25,2;19,4;26,8;1145,3;-25,200001;-1000,000000;19,598537;0,000000; Sync 
2024-01-10;06:18:00;27,6;25,1;19,4;26,8;1141,8;-25,200001;-1000,000000;19,431026;0,000000; Sync 
2024-01-10;06:19:00;27,5;25,1;19,4;26,7;1144,7;-25,200001;-1000,000000;18,752735;0,000000; Sync 
2024-01-10;06:20:00;27,5;25,4;19,4;26,7;1143,1;-25,200001;-1000,000000;19,058445;0,000000; Sync 
2024-01-10;06:21:00;27,6;25,4;19,5;26,7;1145,2;-25,000000;-1000,000000;18,808388;0,000000; Sync 
2024-01-10;06:22:00;27,5;25,1;19,4;26,6;1143,3;-25,100000;-1000,000000;17,142403;0,000000; Sync 
2024-01-10;06:23:00;27,4;25,2;19,5;26,5;1143,4;-25,200001;-1000,000000;16,603584;0,000000; Sync 
2024-01-10;06:24:00;27,2;25,1;19,4;26,5;1141,9;-25,000000;-1000,000000;16,603584;0,000000; Sync 
2024-01-10;06:25:00;27,3;25,0;19,4;26,5;1143,4;-24,900000;-1000,000000;18,902952;0,000000; Sync 
2024-01-10;06:26:00;27,4;24,9;19,4;26,5;1140,5;-24,900000;-1000,000000;16,762131;0,000000; Sync 
2024-01-10;06:27:00;27,6;24,9;19,5;26,7;1140,3;-24,900000;-1000,000000;19,459213;0,000000; Sync 
2024-01-10;06:28:00;28,0;25,0;19,3;27,0;1143,6;-25,000000;-1000,000000;20,452316;0,000000; Sync 
2024-01-10;06:29:00;28,9;25,2;19,4;27,7;1141,7;-25,000000;-1000,000000;22,154997;0,000000; Sync 
2024-01-10;06:30:00;29,8;25,3;19,3;28,5;1137,5;-25,100000;-1000,000000;24,327415;0,000000; Sync 
2024-01-10;06:31:00;30,6;25,6;19,4;29,0;1136,3;-25,299999;-1000,000000;25,023125;0,000000; Sync 
2024-01-10;06:32:00;31,3;25,9;19,5;29,7;1137,0;-25,600000;-1000,000000;25,238813;0,000000; Sync 
2024-01-10;06:33:00;32,0;26,1;19,4;30,2;1134,6;-25,799999;-1000,000000;26,261925;0,000000; Sync 
2024-01-10;06:34:00;32,7;26,2;19,4;30,7;1138,1;-26,000000;-1000,000000;26,113947;0,000000; Sync 
2024-01-10;06:35:00;33,3;26,6;19,5;31,4;1138,5;-26,200001;-1000,000000;27,238075;0,000000; Sync 
2024-01-10;06:36:00;34,0;26,6;19,3;31,7;1136,5;-26,400000;-1000,000000;27,749950;0,000000; Sync 
2024-01-10;06:37:00;34,7;26,8;19,3;32,2;1135,9;-26,600000;-1000,000000;27,771143;0,000000; Sync 
2024-01-10;06:38:00;35,1;27,0;19,2;32,5;1135,0;-26,799999;-1000,000000;27,846634;0,000000; Sync 
2024-01-10;06:39:00;35,8;27,2;19,3;33,0;1135,9;-26,900000;-1000,000000;28,736578;0,000000; Sync 
2024-01-10;06:40:00;36,0;27,1;19,3;33,1;1136,6;-27,000000;-1000,000000;28,730486;0,000000; Sync 
2024-01-10;06:41:00;36,6;27,2;19,4;33,5;1134,5;-27,100000;-1000,000000;30,137371;0,000000; Sync 
2024-01-10;06:42:00;37,0;27,3;19,6;33,8;1136,4;-27,200001;-1000,000000;30,505951;0,000000; Sync 
2024-01-10;06:43:00;37,0;27,5;19,9;33,9;1134,5;-27,299999;-1000,000000;30,790394;0,000000; Sync 
2024-01-10;06:44:00;36,8;27,3;20,1;33,9;1135,7;-27,500000;-1000,000000;31,183092;0,000000; Sync 
2024-01-10;06:45:00;36,9;27,4;20,2;33,7;1135,2;-27,600000;-1000,000000;32,157276;0,000000; Sync 
2024-01-10;06:46:00;37,1;27,7;20,5;33,9;1135,2;-27,600000;-1000,000000;31,675777;0,000000; Sync 
2024-01-10;06:47:00;37,2;27,7;20,7;33,9;1136,5;-27,700001;-1000,000000;32,468422;0,000000; Sync 
2024-01-10;06:48:00;37,1;27,7;20,7;33,9;1135,2;-27,700001;-1000,000000;32,398212;0,000000; Sync 
2024-01-10;06:49:00;37,3;27,8;20,9;33,9;1133,7;-27,700001;-1000,000000;32,398212;0,000000; Sync 
2024-01-10;06:50:00;37,3;27,8;21,0;33,9;1134,1;-27,799999;-1000,000000;32,481274;0,000000; Sync 
2024-01-10;06:51:00;37,7;28,1;21,3;34,2;1134,0;-27,799999;-1000,000000;33,151257;0,000000; Sync 
2024-01-10;06:52:00;37,8;28,0;21,4;34,1;1136,1;-27,799999;-1000,000000;34,068027;0,000000; Sync 
2024-01-10;06:53:00;37,9;27,9;21,5;34,1;1135,2;-27,799999;-1000,000000;34,786480;0,000000; Sync 
2024-01-10;06:54:00;37,9;28,1;21,7;34,2;1135,5;-27,900000;-1000,000000;34,858414;0,000000; Sync 
2024-01-10;06:55:00;38,0;28,1;21,8;34,4;1134,5;-28,000000;-1000,000000;35,026562;0,000000; Sync 
2024-01-10;06:56:00;38,1;28,2;21,9;34,3;1134,1;-28,100000;-1000,000000;35,180584;0,000000; Sync 
2024-01-10;06:57:00;38,2;28,2;22,1;34,4;1135,4;-28,100000;-1000,000000;35,677635;0,000000; Sync 
2024-01-10;06:58:00;38,4;28,4;22,3;34,6;1133,1;-28,200001;-1000,000000;35,677635;0,000000; Sync 
2024-01-10;06:59:00;38,4;28,4;22,2;34,6;1134,1;-28,200001;-1000,000000;36,362335;0,000000; Sync 
2024-01-10;07:00:00;38,5;28,3;22,5;34,6;1134,8;-28,200001;-1000,000000;37,104626;0,000000; Sync 
2024-01-10;07:01:00;38,5;28,3;22,4;34,4;1135,1;-28,200001;-1000,000000;37,296703;0,000000; Sync 
2024-01-10;07:02:00;38,5;28,3;22,6;34,4;1135,5;-28,299999;-1000,000000;37,839767;0,000000; Sync 
2024-01-10;07:03:00;38,5;28,4;22,7;34,5;1135,6;-28,299999;-1000,000000;37,787872;0,000000; Sync 
2024-01-10;07:04:00;38,4;28,3;22,6;34,4;1134,5;-28,299999;-1000,000000;37,932903;0,000000; Sync 
2024-01-10;07:05:00;38,5;28,4;22,6;34,4;1134,3;-28,299999;-1000,000000;38,050011;0,000000; Sync 
2024-01-10;07:06:00;38,5;28,4;22,8;34,4;1133,7;-28,400000;-1000,000000;38,322056;0,000000; Sync 
2024-01-10;07:07:00;38,5;28,4;22,8;34,4;1133,1;-28,400000;-1000,000000;38,322056;0,000000; Sync 
2024-01-10;07:08:00;38,6;28,6;23,0;34,5;1134,0;-28,500000;-1000,000000;38,195766;0,000000; Sync 
2024-01-10;07:08:59;38,6;28,6;23,1;34,5;1134,1;-28,500000;-1000,000000;38,474537;0,000000; Sync 
2024-01-10;07:10:00;38,6;28,6;23,2;34,5;1134,8;-28,500000;-1000,000000;38,609398;0,000000; Sync 
2024-01-10;07:11:00;38,5;28,5;23,1;34,4;1133,0;-28,500000;-1000,000000;38,640244;0,000000; Sync 
2024-01-10;07:12:00;38,5;28,5;23,2;34,5;1134,2;-28,400000;-1000,000000;39,488205;0,000000; Sync 
2024-01-10;07:13:00;38,5;28,4;23,2;34,3;1133,9;-28,400000;-1000,000000;39,822945;0,000000; Sync 
2024-01-10;07:14:00;38,6;28,6;23,2;34,3;1133,6;-28,500000;-1000,000000;39,990540;0,000000; Sync 
2024-01-10;07:15:00;38,6;28,6;23,3;34,4;1134,4;-28,500000;-1000,000000;39,990540;0,000000; Sync 
2024-01-10;07:16:00;38,5;28,5;23,4;34,4;1135,0;-28,500000;-1000,000000;39,990540;0,000000; Sync 
2024-01-10;07:17:00;38,5;28,5;23,3;34,3;1133,0;-28,500000;-1000,000000;40,041618;0,000000; Sync 
2024-01-10;07:18:00;38,5;28,5;23,3;34,3;1132,8;-28,500000;-1000,000000;39,987415;0,000000; Sync 
2024-01-10;07:19:00;38,5;28,6;23,4;34,4;1131,2;-28,600000;-1000,000000;40,106827;0,000000; Sync 
2024-01-10;07:20:00;38,6;28,6;23,4;34,4;1135,4;-28,600000;-1000,000000;40,106827;0,000000; Sync 
2024-01-10;07:21:00;38,6;28,7;23,4;34,4;1133,8;-28,600000;-1000,000000;40,106827;0,000000; Sync 
2024-01-10;07:22:00;38,6;28,6;23,5;34,5;1133,4;-28,600000;-1000,000000;40,151432;0,000000; Sync 
2024-01-10;07:23:00;38,7;28,6;23,6;34,4;1133,1;-28,400000;-1000,000000;41,219883;0,000000; Sync 
2024-01-10;07:24:00;38,5;28,4;23,4;34,2;1132,1;-28,400000;-1000,000000;41,351116;0,000000; Sync 
2024-01-10;07:25:00;38,6;28,5;23,6;34,3;1134,5;-28,400000;-1000,000000;41,838291;0,000000; Sync 
2024-01-10;07:26:00;38,6;28,5;23,6;34,2;1133,2;-28,400000;-1000,000000;41,809105;0,000000; Sync 
2024-01-10;07:27:00;38,7;28,4;23,5;34,2;1133,3;-28,400000;-1000,000000;41,973705;0,000000; Sync 
2024-01-10;07:28:00;38,5;28,4;23,5;34,1;1132,1;-28,299999;-1000,000000;42,396400;0,000000; Sync 
2024-01-10;07:29:00;38,6;28,5;23,6;34,2;1134,1;-28,299999;-1000,000000;42,819164;0,000000; Sync 
2024-01-10;07:30:00;38,6;28,4;23,7;34,2;1133,4;-28,400000;-1000,000000;42,933861;0,000000; Sync 
2024-01-10;07:31:00;38,5;28,4;23,5;34,0;1133,4;-28,500000;-1000,000000;40,758858;0,000000; Sync 
2024-01-10;07:32:00;38,7;28,5;23,7;34,2;1131,3;-28,500000;-1000,000000;43,348389;0,000000; Sync 
2024-01-10;07:33:00;38,5;28,6;23,7;34,4;1133,2;-28,600000;-1000,000000;40,274063;0,000000; Sync 
2024-01-10;07:34:00;38,5;28,5;23,5;34,2;1130,7;-28,600000;-1000,000000;42,484917;0,000000; Sync 
2024-01-10;07:35:00;38,5;28,4;23,6;34,2;1132,8;-28,400000;-1000,000000;42,789639;0,000000; Sync 
2024-01-10;07:36:00;38,6;28,5;23,6;34,2;1134,6;-28,299999;-1000,000000;43,428600;0,000000; Sync 
2024-01-10;07:37:00;38,5;28,3;23,7;34,1;1132,0;-28,400000;-1000,000000;43,642143;0,000000; Sync 
2024-01-10;07:38:00;38,6;28,6;23,5;34,2;1130,7;-28,500000;-1000,000000;41,006786;0,000000; Sync 
2024-01-10;07:39:00;38,5;28,6;23,6;34,3;1133,7;-28,600000;-1000,000000;41,006786;0,000000; Sync 
2024-01-10;07:39:59;38,5;28,4;23,6;34,1;1133,2;-28,400000;-1000,000000;43,966080;0,000000; Sync 
2024-01-10;07:41:00;38,0;28,3;23,6;33,7;1132,3;-28,400000;-1000,000000;41,501911;0,000000; Sync 
2024-01-10;07:42:00;37,8;28,4;23,7;33,7;1135,0;-28,400000;-1000,000000;41,501911;0,000000; Sync 
2024-01-10;07:43:00;37,5;28,2;23,6;33,5;1133,8;-28,299999;-1000,000000;41,551090;0,000000; Sync 
2024-01-10;07:44:00;37,3;28,2;23,6;33,3;1133,9;-28,299999;-1000,000000;41,241093;0,000000; Sync 
2024-01-10;07:45:00;37,2;28,1;23,6;33,3;1133,4;-28,100000;-1000,000000;41,241093;0,000000; Sync 
2024-01-10;07:46:00;37,2;28,1;23,7;33,1;1134,3;-28,000000;-1000,000000;43,538311;0,000000; Sync 
2024-01-10;07:47:00;37,0;27,9;23,6;32,9;1133,4;-28,000000;-1000,000000;43,538311;0,000000; Sync 
2024-01-10;07:48:00;37,1;27,9;23,7;33,0;1134,4;-28,000000;-1000,000000;43,538311;0,000000; Sync 
2024-01-10;07:49:00;37,0;28,0;23,5;33,0;1133,7;-28,000000;-1000,000000;41,264980;0,000000; Sync 
2024-01-10;07:50:00;36,9;28,0;23,4;33,0;1133,3;-28,000000;-1000,000000;41,264980;0,000000; Sync 
2024-01-10;07:51:00;36,9;28,0;23,5;33,1;1133,9;-28,000000;-1000,000000;41,309086;0,000000; Sync 
2024-01-10;07:52:00;36,8;27,9;23,3;32,9;1134,6;-28,000000;-1000,000000;41,217705;0,000000; Sync 
2024-01-10;07:53:00;36,7;27,8;23,5;33,1;1134,3;-28,000000;-1000,000000;40,886879;0,000000; Sync 
2024-01-10;07:54:00;36,7;27,8;23,3;32,9;1134,6;-28,000000;-1000,000000;40,588928;0,000000; Sync 
2024-01-10;07:55:00;36,9;28,0;23,2;32,9;1132,3;-28,000000;-1000,000000;40,371975;0,000000; Sync 
2024-01-10;07:56:00;36,9;27,9;23,2;33,1;1132,3;-28,000000;-1000,000000;40,427681;0,000000; Sync 
2024-01-10;07:57:00;37,1;27,9;23,1;33,1;1133,9;-28,000000;-1000,000000;40,288006;0,000000; Sync 
2024-01-10;07:58:00;37,5;28,1;23,2;33,5;1130,1;-28,000000;-1000,000000;40,288006;0,000000; Sync 
2024-01-10;07:59:00;37,8;28,2;23,2;33,7;1132,5;-28,000000;-1000,000000;42,752274;0,000000; Sync 
2024-01-10;08:00:00;38,1;28,2;23,2;33,9;1130,1;-28,100000;-1000,000000;40,138912;0,000000; Sync 
2024-01-10;08:01:00;38,3;28,2;23,2;33,9;1130,3;-28,200001;-1000,000000;42,391590;0,000000; Sync 
2024-01-10;08:02:00;38,5;28,4;23,1;34,3;1130,8;-28,299999;-1000,000000;39,939526;0,000000; Sync 
2024-01-10;08:03:00;38,6;28,3;22,9;34,3;1129,6;-28,299999;-1000,000000;42,619858;0,000000; Sync 
2024-01-10;08:04:00;38,9;28,4;23,1;34,4;1131,1;-28,400000;-1000,000000;40,199249;0,000000; Sync 
2024-01-10;08:04:59;39,1;28,4;23,2;34,5;1131,9;-28,500000;-1000,000000;42,586857;0,000000; Sync 
2024-01-10;08:06:00;39,2;28,4;23,2;34,6;1132,3;-28,500000;-1000,000000;42,230289;0,000000; Sync 
2024-01-10;08:07:00;39,2;28,4;23,1;34,6;1131,4;-28,500000;-1000,000000;42,230289;0,000000; Sync 
2024-01-10;08:08:00;39,5;28,4;23,1;34,7;1128,5;-28,500000;-1000,000000;42,230289;0,000000; Sync 
2024-01-10;08:09:00;39,6;28,6;23,2;34,9;1127,0;-28,600000;-1000,000000;42,297592;0,000000; Sync 
2024-01-10;08:10:00;39,7;28,6;23,2;34,8;1129,6;-28,600000;-1000,000000;42,557758;0,000000; Sync 
2024-01-10;08:11:00;39,8;28,8;23,3;34,9;1129,8;-28,600000;-1000,000000;42,389050;0,000000; Sync 
2024-01-10;08:12:00;39,7;28,7;23,3;35,0;1129,4;-28,700001;-1000,000000;42,372223;0,000000; Sync 
2024-01-10;08:13:00;39,6;28,7;23,4;34,9;1130,5;-28,700001;-1000,000000;42,372223;0,000000; Sync 
2024-01-10;08:14:00;39,4;28,7;23,4;34,8;1132,5;-28,799999;-1000,000000;40,076637;0,000000; Sync 
2024-01-10;08:15:00;39,3;28,7;23,5;34,8;1129,9;-28,799999;-1000,000000;40,442093;0,000000; Sync 
2024-01-10;08:16:00;39,2;28,7;23,6;34,7;1130,2;-28,700001;-1000,000000;43,043137;0,000000; Sync 
2024-01-10;08:17:00;39,1;28,6;23,6;34,5;1132,2;-28,600000;-1000,000000;43,043137;0,000000; Sync 
2024-01-10;08:18:00;38,8;28,5;23,7;34,5;1133,3;-28,600000;-1000,000000;42,998013;0,000000; Sync 
2024-01-10;08:19:00;38,8;28,5;23,7;34,3;1131,7;-28,600000;-1000,000000;43,131199;0,000000; Sync 
2024-01-10;08:20:00;38,7;28,6;23,7;34,4;1132,2;-28,600000;-1000,000000;40,965012;0,000000; Sync 
2024-01-10;08:21:00;38,5;28,4;23,7;34,1;1132,8;-28,600000;-1000,000000;43,528629;0,000000; Sync 
2024-01-10;08:22:00;38,4;28,6;23,8;34,2;1133,3;-28,400000;-1000,000000;43,971432;0,000000; Sync 
2024-01-10;08:23:00;38,3;28,5;23,8;34,0;1133,0;-28,299999;-1000,000000;43,567383;0,000000; Sync 
2024-01-10;08:24:00;38,1;28,3;23,7;33,8;1134,0;-28,299999;-1000,000000;43,627735;0,000000; Sync 
2024-01-10;08:25:00;38,1;28,4;23,7;33,7;1134,4;-28,299999;-1000,000000;43,627735;0,000000; Sync 
2024-01-10;08:26:00;37,9;28,3;23,8;33,6;1133,9;-28,299999;-1000,000000;43,627735;0,000000; Sync 
2024-01-10;08:27:00;37,5;28,1;23,7;33,3;1135,2;-28,299999;-1000,000000;41,292847;0,000000; Sync 
2024-01-10;08:28:00;37,3;28,3;23,6;33,3;1135,7;-28,299999;-1000,000000;40,675331;0,000000; Sync 
2024-01-10;08:29:00;36,8;28,1;23,6;33,0;1135,0;-28,100000;-1000,000000;41,061798;0,000000; Sync 
2024-01-10;08:30:00;36,5;28,0;23,6;32,8;1133,7;-28,000000;-1000,000000;40,888187;0,000000; Sync 
2024-01-10;08:31:00;36,1;27,8;23,6;32,5;1134,3;-28,000000;-1000,000000;40,939766;0,000000; Sync 
2024-01-10;08:32:00;35,9;28,0;23,8;32,4;1135,3;-27,799999;-1000,000000;39,669567;0,000000; Sync 
2024-01-10;08:33:00;35,2;27,6;23,5;32,1;1135,9;-27,700001;-1000,000000;39,551327;0,000000; Sync 
2024-01-10;08:34:00;34,8;27,5;23,5;31,7;1135,0;-27,600000;-1000,000000;39,202969;0,000000; Sync 
2024-01-10;08:35:00;34,5;27,4;23,5;31,5;1136,7;-27,400000;-1000,000000;37,734974;0,000000; Sync 
2024-01-10;08:36:00;34,1;27,3;23,4;31,2;1136,4;-27,299999;-1000,000000;37,734974;0,000000; Sync 
2024-01-10;08:37:00;33,7;27,1;23,4;30,9;1137,2;-27,100000;-1000,000000;37,619469;0,000000; Sync 
2024-01-10;08:38:00;33,2;26,9;23,3;30,5;1136,2;-27,100000;-1000,000000;37,212357;0,000000; Sync 
2024-01-10;08:39:00;32,9;27,0;23,4;30,2;1137,0;-27,000000;-1000,000000;34,556557;0,000000; Sync 
2024-01-10;08:40:00;32,4;26,8;23,2;30,1;1137,7;-26,799999;-1000,000000;32,765182;0,000000; Sync 
2024-01-10;08:41:00;31,9;26,5;22,9;29,7;1139,7;-26,700001;-1000,000000;33,216507;0,000000; Sync 
2024-01-10;08:42:00;31,7;26,4;22,9;29,5;1136,9;-26,500000;-1000,000000;32,334503;0,000000; Sync 
2024-01-10;08:43:00;31,2;26,3;22,9;29,2;1137,0;-26,500000;-1000,000000;31,700449;0,000000; Sync 
2024-01-10;08:44:00;30,9;26,4;22,7;29,0;1138,8;-26,400000;-1000,000000;29,081392;0,000000; Sync 
2024-01-10;08:45:00;30,6;26,3;22,8;28,9;1138,5;-26,200001;-1000,000000;28,256174;0,000000; Sync 
2024-01-10;08:46:00;30,2;26,1;22,6;28,7;1138,3;-26,200001;-1000,000000;28,901764;0,000000; Sync 
2024-01-10;08:47:00;30,1;26,1;22,6;28,6;1139,5;-26,100000;-1000,000000;27,365198;0,000000; Sync 
2024-01-10;08:48:00;29,6;25,9;22,5;28,3;1141,9;-25,900000;-1000,000000;27,030798;0,000000; Sync 
2024-01-10;08:49:00;29,3;25,6;22,3;27,9;1140,9;-25,900000;-1000,000000;26,443945;0,000000; Sync 
2024-01-10;08:50:00;28,9;25,6;22,3;27,8;1141,7;-25,799999;-1000,000000;24,652246;0,000000; Sync 
2024-01-10;08:51:00;28,7;25,6;22,1;27,7;1141,5;-25,600000;-1000,000000;23,892958;0,000000; Sync 
2024-01-10;08:52:00;28,7;25,7;22,2;27,7;1141,0;-25,600000;-1000,000000;23,892958;0,000000; Sync 
2024-01-10;08:53:00;28,4;25,5;22,0;27,4;1142,3;-25,500000;-1000,000000;23,447786;0,000000; Sync 
2024-01-10;08:54:00;28,1;25,3;21,9;27,1;1140,7;-25,500000;-1000,000000;23,360991;0,000000; Sync 
2024-01-10;08:55:00;27,8;25,6;21,8;27,2;1142,6;-25,799999;-1000,000000;19,810862;0,000000; Sync 
2024-01-10;08:56:00;28,1;26,2;21,8;27,2;1142,9;-26,100000;-1000,000000;17,259796;0,000000; Sync 
2024-01-10;08:57:00;28,2;26,1;21,7;27,3;1141,1;-26,000000;-1000,000000;17,199476;0,000000; Sync 
2024-01-10;08:58:00;28,1;25,8;21,6;27,3;1141,8;-26,000000;-1000,000000;17,204214;0,000000; Sync 
2024-01-10;08:59:00;27,9;25,7;21,5;27,1;1140,6;-26,000000;-1000,000000;16,856958;0,000000; Sync 
2024-01-10;09:00:00;27,7;25,9;21,5;27,2;1143,4;-26,000000;-1000,000000;16,740595;0,000000; Sync 
2024-01-10;09:01:00;27,8;26,0;21,4;27,1;1140,3;-26,000000;-1000,000000;16,740595;0,000000; Sync 
2024-01-10;09:02:00;27,6;25,8;21,3;27,0;1141,2;-26,000000;-1000,000000;16,850203;0,000000; Sync 
2024-01-10;09:03:00;27,6;25,9;21,3;26,9;1141,7;-26,000000;-1000,000000;16,034580;0,000000; Sync 
2024-01-10;09:04:00;27,6;25,9;21,3;26,9;1141,8;-26,000000;-1000,000000;15,270693;0,000000; Sync 
2024-01-10;09:05:00;27,4;25,9;21,3;26,7;1142,6;-26,000000;-1000,000000;14,852025;0,000000; Sync 
2024-01-10;09:06:00;27,2;25,8;21,1;26,5;1140,8;-25,900000;-1000,000000;13,771759;0,000000; Sync 
2024-01-10;09:07:00;27,1;25,7;21,1;26,4;1142,2;-25,700001;-1000,000000;14,474665;0,000000; Sync 
2024-01-10;09:08:00;26,9;25,4;21,0;26,2;1140,9;-25,700001;-1000,000000;13,915024;0,000000; Sync 
2024-01-10;09:09:00;27,0;25,8;21,2;26,4;1141,9;-25,700001;-1000,000000;12,800517;0,000000; Sync 
2024-01-10;09:10:00;26,7;25,8;21,0;26,2;1139,5;-25,700001;-1000,000000;15,682543;0,000000; Sync 
2024-01-10;09:11:00;26,8;25,5;21,0;26,1;1139,6;-25,700001;-1000,000000;12,717727;0,000000; Sync 
2024-01-10;09:12:00;26,6;25,3;20,9;26,0;1139,9;-25,700001;-1000,000000;12,531377;0,000000; Sync 
2024-01-10;09:13:00;26,7;25,7;21,0;26,0;1146,0;-25,700001;-1000,000000;14,344990;0,000000; Sync 
2024-01-10;09:14:00;26,7;25,8;21,0;25,8;1140,5;-25,700001;-1000,000000;14,033247;0,000000; Sync 
2024-01-10;09:15:00;26,7;25,9;21,0;26,0;1143,8;-25,700001;-1000,000000;11,777555;0,000000; Sync 
2024-01-10;09:16:00;26,5;25,6;20,8;25,9;1142,1;-25,700001;-1000,000000;11,777555;0,000000; Sync 
2024-01-10;09:17:00;26,5;25,7;20,8;25,9;1142,8;-25,700001;-1000,000000;11,777555;0,000000; Sync 
2024-01-10;09:18:00;26,5;25,7;20,8;25,8;1144,2;-25,700001;-1000,000000;11,777555;0,000000; Sync 
2024-01-10;09:19:00;26,5;25,6;20,9;25,9;1143,2;-25,600000;-1000,000000;11,777555;0,000000; Sync 
2024-01-10;09:20:00;26,4;25,3;20,7;25,7;1141,7;-25,400000;-1000,000000;14,355467;0,000000; Sync 
2024-01-10;09:21:00;26,1;25,3;20,9;25,8;1140,1;-25,400000;-1000,000000;11,625586;0,000000; Sync 
2024-01-10;09:22:00;26,2;25,4;20,8;25,5;1140,8;-25,400000;-1000,000000;11,625586;0,000000; Sync 
2024-01-10;09:23:00;26,0;25,2;20,7;25,4;1142,0;-25,400000;-1000,000000;11,557850;0,000000; Sync 
2024-01-10;09:24:00;26,0;25,3;20,7;25,5;1140,2;-25,400000;-1000,000000;11,422729;0,000000; Sync 
2024-01-10;09:25:00;25,8;25,1;20,6;25,2;1142,5;-25,400000;-1000,000000;11,107548;0,000000; Sync 
2024-01-10;09:26:00;26,0;25,3;20,7;25,2;1140,6;-25,400000;-1000,000000;10,720976;0,000000; Sync 
2024-01-10;09:27:00;25,9;25,2;20,6;25,1;1141,2;-25,400000;-1000,000000;10,769383;0,000000; Sync 
2024-01-10;09:28:00;25,9;25,3;20,6;25,1;1141,6;-25,400000;-1000,000000;10,769383;0,000000; Sync 
2024-01-10;09:29:00;26,0;25,4;20,7;25,1;1140,5;-25,400000;-1000,000000;10,769383;0,000000; Sync 
2024-01-10;09:30:00;26,1;25,5;20,8;25,2;1140,5;-25,400000;-1000,000000;10,769383;0,000000; Sync 
2024-01-10;09:31:00;26,0;25,4;20,7;25,0;1139,1;-25,400000;-1000,000000;10,769383;0,000000; Sync 
2024-01-10;09:32:00;25,9;25,3;20,6;24,9;1140,2;-25,400000;-1000,000000;10,769383;0,000000; Sync 
2024-01-10;09:33:00;26,0;25,5;20,7;24,8;1140,7;-25,400000;-1000,000000;10,769383;0,000000; Sync 
2024-01-10;09:34:00;26,1;25,4;20,7;24,9;1141,2;-25,400000;-1000,000000;10,769383;0,000000; Sync 
2024-01-10;09:35:00;26,1;25,4;20,7;25,0;1140,9;-25,400000;-1000,000000;10,769383;0,000000; Sync 
2024-01-10;09:36:00;26,2;25,5;20,7;25,0;1140,7;-25,400000;-1000,000000;10,769383;0,000000; Sync 
2024-01-10;09:37:00;26,1;25,4;20,6;24,9;1140,3;-25,400000;-1000,000000;10,769383;0,000000; Sync 
2024-01-10;09:38:00;26,1;25,5;20,6;25,0;1142,1;-25,400000;-1000,000000;10,769383;0,000000; Sync 
2024-01-10;09:39:00;26,0;25,3;20,5;24,9;1141,8;-25,400000;-1000,000000;10,769383;0,000000; Sync 
2024-01-10;09:40:00;26,1;25,4;20,6;25,1;1139,8;-25,400000;-1000,000000;13,086229;0,000000; Sync 
2024-01-10;09:41:00;26,2;25,5;20,5;25,2;1140,6;-25,400000;-1000,000000;10,508872;0,000000; Sync 
2024-01-10;09:42:00;26,0;25,3;20,8;25,0;1140,3;-25,400000;-1000,000000;10,508872;0,000000; Sync 
2024-01-10;09:43:00;26,0;25,4;21,3;24,9;1141,6;-25,400000;-1000,000000;10,508872;0,000000; Sync 
2024-01-10;09:44:00;26,1;25,4;21,5;24,8;1139,9;-25,400000;-1000,000000;13,060035;0,000000; Sync 
2024-01-10;09:45:00;26,2;25,4;21,3;25,3;1140,7;-25,400000;-1000,000000;12,893950;0,000000; Sync 
2024-01-10;09:46:00;25,9;25,3;21,0;25,1;1141,6;-25,400000;-1000,000000;10,697607;0,000000; Sync 
2024-01-10;09:47:00;26,1;25,5;21,1;25,1;1141,7;-25,400000;-1000,000000;10,697607;0,000000; Sync 
2024-01-10;09:48:00;26,1;25,4;21,1;25,3;1144,3;-25,400000;-1000,000000;12,763704;0,000000; Sync 
2024-01-10;09:49:00;26,0;25,4;20,9;25,2;1143,6;-25,400000;-1000,000000;12,719275;0,000000; Sync 
2024-01-10;09:50:00;25,9;25,2;20,7;25,1;1139,7;-25,400000;-1000,000000;10,040819;0,000000; Sync 
2024-01-10;09:51:00;26,0;25,4;21,0;25,1;1143,2;-25,400000;-1000,000000;10,040819;0,000000; Sync 
2024-01-10;09:52:00;26,0;25,4;21,7;25,0;1142,9;-25,400000;-1000,000000;10,040819;0,000000; Sync 
2024-01-10;09:53:00;25,9;25,3;22,0;24,9;1141,4;-25,400000;-1000,000000;10,040819;0,000000; Sync 
2024-01-10;09:54:00;26,0;25,3;22,1;24,8;1141,4;-25,400000;-1000,000000;10,040819;0,000000; Sync 
2024-01-10;09:55:00;26,1;25,4;22,2;24,7;1143,0;-25,400000;-1000,000000;10,040819;0,000000; Sync 
2024-01-10;09:56:00;26,1;25,5;22,2;24,6;1142,4;-25,400000;-1000,000000;10,040819;0,000000; Sync 
2024-01-10;09:57:00;26,0;25,3;22,2;24,6;1142,9;-25,400000;-1000,000000;10,040819;0,000000; Sync 
2024-01-10;09:58:00;26,1;25,5;22,3;24,5;1141,2;-25,400000;-1000,000000;10,040819;0,000000; Sync 
2024-01-10;09:59:00;25,9;25,4;22,1;24,6;1142,4;-25,400000;-1000,000000;10,040819;0,000000; Sync 
2024-01-10;10:00:00;26,1;25,5;22,2;24,5;1142,4;-25,400000;-1000,000000;10,040819;0,000000; Sync 
2024-01-10;10:01:00;25,9;25,4;21,9;24,7;1143,4;-25,400000;-1000,000000;12,582827;0,000000; Sync 
2024-01-10;10:02:00;26,2;25,5;21,7;25,1;1143,9;-25,400000;-1000,000000;12,582827;0,000000; Sync 
2024-01-10;10:03:00;25,9;25,3;21,3;25,1;1142,5;-25,400000;-1000,000000;12,582827;0,000000; Sync 
2024-01-10;10:04:00;25,9;25,3;21,0;25,0;1142,8;-25,400000;-1000,000000;10,473179;0,000000; Sync 
2024-01-10;10:05:00;26,0;25,4;21,3;25,0;1142,8;-25,400000;-1000,000000;10,391553;0,000000; Sync 
2024-01-10;10:06:00;26,0;25,4;21,8;24,8;1144,3;-25,400000;-1000,000000;10,391553;0,000000; Sync 
2024-01-10;10:07:00;26,0;25,3;21,9;24,7;1142,3;-25,400000;-1000,000000;10,391553;0,000000; Sync 
2024-01-10;10:08:00;26,0;25,4;22,1;24,7;1142,9;-25,400000;-1000,000000;10,391553;0,000000; Sync 
2024-01-10;10:09:00;26,0;25,4;22,1;24,6;1140,8;-25,400000;-1000,000000;10,391553;0,000000; Sync 
2024-01-10;10:10:00;26,0;25,4;22,2;24,6;1142,1;-25,400000;-1000,000000;12,535856;0,000000; Sync 
2024-01-10;10:11:00;26,0;25,4;22,1;24,5;1141,6;-25,400000;-1000,000000;12,535856;0,000000; Sync 
2024-01-10;10:12:00;25,9;25,3;22,0;24,4;1143,6;-25,400000;-1000,000000;12,535856;0,000000; Sync 
2024-01-10;10:13:00;26,2;25,5;22,2;24,6;1143,6;-25,400000;-1000,000000;12,535856;0,000000; Sync 
2024-01-10;10:14:00;26,1;25,4;22,0;24,4;1143,4;-25,400000;-1000,000000;12,535856;0,000000; Sync 
2024-01-10;10:15:00;26,0;25,5;21,9;24,5;1144,0;-25,400000;-1000,000000;12,535856;0,000000; Sync 
2024-01-10;10:16:00;26,1;25,4;21,9;24,5;1141,5;-25,400000;-1000,000000;12,535856;0,000000; Sync 
2024-01-10;10:17:00;26,1;25,6;21,9;24,6;1143,0;-25,400000;-1000,000000;12,535856;0,000000; Sync 
2024-01-10;10:18:00;26,0;25,3;21,7;24,5;1144,5;-25,400000;-1000,000000;12,535856;0,000000; Sync 
2024-01-10;10:19:00;26,0;25,5;21,6;24,5;1143,6;-25,400000;-1000,000000;12,535856;0,000000; Sync 
2024-01-10;10:20:00;25,9;25,4;21,5;24,5;1143,8;-25,400000;-1000,000000;12,535856;0,000000; Sync 
2024-01-10;10:21:00;26,1;25,5;21,5;24,6;1144,3;-25,400000;-1000,000000;12,535856;0,000000; Sync 
2024-01-10;10:22:00;26,1;25,5;21,4;24,5;1143,9;-25,400000;-1000,000000;12,538460;0,000000; Sync 
2024-01-10;10:23:00;26,1;25,6;21,4;24,6;1143,2;-25,400000;-1000,000000;12,538460;0,000000; Sync 
2024-01-10;10:24:00;26,1;25,4;21,3;24,6;1145,6;-25,400000;-1000,000000;12,538460;0,000000; Sync 
2024-01-10;10:25:00;26,0;25,4;21,2;24,5;1144,0;-25,400000;-1000,000000;12,892669;0,000000; Sync 
2024-01-10;10:26:00;26,1;25,4;21,2;24,6;1144,8;-25,400000;-1000,000000;12,892669;0,000000; Sync 
2024-01-10;10:27:00;26,1;25,4;21,2;24,6;1143,9;-25,400000;-1000,000000;12,892669;0,000000; Sync 
2024-01-10;10:28:00;26,2;25,4;21,0;24,9;1142,5;-25,400000;-1000,000000;12,892669;0,000000; Sync 
2024-01-10;10:29:00;26,1;25,5;20,9;25,0;1144,1;-25,400000;-1000,000000;10,316413;0,000000; Sync 
2024-01-10;10:30:00;26,1;25,4;21,1;25,0;1144,2;-25,400000;-1000,000000;10,316413;0,000000; Sync 
2024-01-10;10:31:00;25,9;25,3;21,4;24,7;1146,1;-25,400000;-1000,000000;10,316413;0,000000; Sync 
2024-01-10;10:32:00;26,1;25,4;21,6;24,6;1144,6;-25,400000;-1000,000000;10,316413;0,000000; Sync 
2024-01-10;10:33:00;26,1;23,2;20,1;24,6;1145,7;-20,700001;-1000,000000;45,852329;0,000000; Sync 
2024-01-10;10:34:00;25,4;20,1;16,5;22,8;1146,1;-20,700001;-1000,000000;41,161785;0,000000; Sync 
2024-01-10;10:35:00;22,4;19,6;16,1;21,6;1149,8;-20,700001;-1000,000000;19,356604;0,000000; Sync 
