Tecomat F2x CP2005I v2.3.063 DataLogger v1.3 (2024-01-18-00:00:00) : Hot_Dock / HotDock ! Type : PERIODIC | DATE : %TYYYY-MM-DD | TIME : %Thh:mm:ss | REAL : %3.2f %RF051600 | REAL : %3.2f %RF051774 | REAL : %4.3f %RF052122 | REAL : %2.2f %RF052482 | REAL : %f %RF052297 | REAL : %f %YF000040 | REAL : %f %YF000050 | STRING : %s | ,;
DATE;TIME;17_RT_01;17_RT_02;17_RF_01;18_RA_01_1;17_RA_01;Valve_out;Pump_out;Text
2024-01-18;00:00:00;23,49;18,26;0,000;2,50;10,000000;10,000000;2,498957; Sync 
2024-01-18;00:01:00;23,45;18,24;0,000;2,50;10,000000;10,000000;2,498957; Sync 
2024-01-18;00:02:00;23,44;18,28;0,000;2,50;10,000000;10,000000;2,498957; Sync 
2024-01-18;00:03:00;23,46;18,27;0,000;2,50;10,000000;10,000000;2,498957; Sync 
2024-01-18;00:04:00;23,42;18,28;0,000;2,50;10,000000;10,000000;2,498957; Sync 
2024-01-18;00:05:00;23,39;18,27;0,000;2,50;10,000000;10,000000;2,498957; Sync 
2024-01-18;00:06:00;23,36;18,26;0,000;2,50;10,000000;10,000000;2,498957; Sync 
2024-01-18;00:07:00;23,39;18,28;0,000;2,50;10,000000;10,000000;2,498957; Sync 
2024-01-18;00:08:00;23,34;18,26;0,000;2,50;10,000000;10,000000;2,498957; Sync 
2024-01-18;00:09:00;23,32;18,29;0,000;2,50;10,000000;10,000000;2,498957; Sync 
2024-01-18;00:10:00;23,35;18,32;0,000;2,50;10,000000;10,000000;2,498957; Sync 
2024-01-18;00:11:00;23,36;18,33;0,000;2,50;10,000000;10,000000;2,498957; Sync 
2024-01-18;00:12:00;23,33;18,30;0,000;2,50;10,000000;10,000000;2,498957; Sync 
2024-01-18;00:13:00;23,33;18,35;0,000;2,50;10,000000;10,000000;2,498957; Sync 
2024-01-18;00:14:00;23,32;18,34;0,000;2,50;10,000000;10,000000;2,498957; Sync 
2024-01-18;00:15:00;23,28;18,33;0,000;2,50;10,000000;10,000000;2,498957; Sync 
2024-01-18;00:16:00;23,29;18,35;0,000;2,50;10,000000;10,000000;2,498957; Sync 
2024-01-18;00:17:00;23,28;18,36;0,000;2,50;10,000000;10,000000;2,498957; Sync 
2024-01-18;00:18:00;23,28;18,37;0,000;2,50;10,000000;10,000000;2,498957; Sync 
2024-01-18;00:19:00;23,27;18,39;0,000;2,50;10,000000;10,000000;2,498957; Sync 
2024-01-18;00:20:00;23,25;18,39;0,000;2,50;10,000000;10,000000;2,498957; Sync 
2024-01-18;00:21:00;23,24;18,37;0,000;2,50;10,000000;10,000000;2,498957; Sync 
2024-01-18;00:22:00;23,22;18,37;0,000;2,50;10,000000;10,000000;2,498957; Sync 
2024-01-18;00:23:00;23,21;18,38;0,000;2,50;10,000000;10,000000;2,498957; Sync 
2024-01-18;00:24:00;23,24;18,39;0,000;2,50;10,000000;10,000000;2,498957; Sync 
2024-01-18;00:25:00;23,24;18,41;0,000;2,50;10,000000;10,000000;2,498957; Sync 
2024-01-18;00:26:00;23,19;18,41;0,000;2,50;10,000000;10,000000;2,498957; Sync 
2024-01-18;00:27:00;23,20;18,40;0,000;2,50;10,000000;10,000000;2,498957; Sync 
2024-01-18;00:28:00;23,19;18,42;0,000;2,50;10,000000;10,000000;2,498957; Sync 
2024-01-18;00:29:00;23,18;18,40;0,000;2,50;10,000000;10,000000;2,498957; Sync 
2024-01-18;00:30:00;23,20;18,45;0,000;2,50;10,000000;10,000000;2,498957; Sync 
2024-01-18;00:31:00;23,17;18,39;0,000;2,50;10,000000;10,000000;2,498957; Sync 
2024-01-18;00:32:00;23,18;18,44;0,000;2,50;10,000000;10,000000;2,498957; Sync 
2024-01-18;00:33:00;23,13;18,41;0,000;2,50;10,000000;10,000000;2,498957; Sync 
2024-01-18;00:34:00;23,14;18,41;0,000;2,50;10,000000;10,000000;2,498957; Sync 
2024-01-18;00:35:00;23,13;18,44;0,000;2,50;10,000000;10,000000;2,498957; Sync 
2024-01-18;00:36:00;23,14;18,45;0,000;2,50;10,000000;10,000000;2,498957; Sync 
2024-01-18;00:37:00;23,12;18,43;0,000;2,50;10,000000;10,000000;2,498957; Sync 
2024-01-18;00:38:00;23,15;18,45;0,000;2,50;10,000000;10,000000;2,498957; Sync 
2024-01-18;00:39:00;23,11;18,47;0,000;2,50;10,000000;10,000000;2,498957; Sync 
2024-01-18;00:40:00;23,12;18,47;0,000;2,50;10,000000;10,000000;2,498957; Sync 
2024-01-18;00:41:00;23,11;18,48;0,000;2,50;10,000000;10,000000;2,498957; Sync 
2024-01-18;00:42:00;23,13;18,49;0,000;2,50;10,000000;10,000000;2,498957; Sync 
2024-01-18;00:43:00;23,10;18,47;0,000;2,50;10,000000;10,000000;2,498957; Sync 
2024-01-18;00:44:00;23,08;18,49;0,000;2,50;10,000000;10,000000;2,498957; Sync 
2024-01-18;00:45:00;23,11;18,46;0,000;2,50;10,000000;10,000000;2,498957; Sync 
2024-01-18;00:46:00;23,09;18,49;0,000;2,50;10,000000;10,000000;2,498957; Sync 
2024-01-18;00:47:00;23,09;18,49;0,000;2,50;10,000000;10,000000;2,498957; Sync 
2024-01-18;00:48:00;23,05;18,47;0,000;2,50;10,000000;10,000000;2,498957; Sync 
2024-01-18;00:49:00;23,11;18,53;0,000;2,50;10,000000;10,000000;2,498957; Sync 
2024-01-18;00:50:00;23,08;18,52;0,000;2,50;10,000000;10,000000;2,498957; Sync 
2024-01-18;00:51:00;23,05;18,51;0,000;2,50;10,000000;10,000000;2,498957; Sync 
2024-01-18;00:52:00;23,07;18,52;0,000;2,50;10,000000;10,000000;2,498957; Sync 
2024-01-18;00:53:00;23,06;18,51;0,000;2,50;10,000000;10,000000;2,498957; Sync 
2024-01-18;00:54:00;23,08;18,53;0,000;2,50;10,000000;10,000000;2,498957; Sync 
2024-01-18;00:55:00;23,03;18,51;0,000;2,50;10,000000;10,000000;2,498957; Sync 
2024-01-18;00:56:00;23,08;18,55;0,000;2,50;10,000000;10,000000;2,498957; Sync 
2024-01-18;00:57:00;23,02;18,50;0,000;2,50;10,000000;10,000000;2,498957; Sync 
2024-01-18;00:58:00;23,06;18,56;0,000;2,50;10,000000;10,000000;2,498957; Sync 
2024-01-18;00:59:00;23,03;18,52;0,000;2,50;10,000000;10,000000;2,498957; Sync 
2024-01-18;01:00:00;23,00;18,52;0,000;2,50;10,000000;10,000000;2,498957; Sync 
2024-01-18;01:01:00;23,01;18,50;0,000;2,50;10,000000;10,000000;2,498957; Sync 
2024-01-18;01:02:00;23,00;18,51;0,000;2,50;10,000000;10,000000;2,498957; Sync 
2024-01-18;01:03:00;23,00;18,51;0,000;2,50;10,000000;10,000000;2,498957; Sync 
2024-01-18;01:04:00;23,01;18,51;0,000;2,50;10,000000;10,000000;2,498957; Sync 
2024-01-18;01:05:00;23,02;18,54;0,000;2,50;10,000000;10,000000;2,498957; Sync 
2024-01-18;01:06:00;23,01;18,53;0,000;2,50;10,000000;10,000000;2,498957; Sync 
2024-01-18;01:07:00;23,02;18,54;0,000;2,50;10,000000;10,000000;2,498957; Sync 
2024-01-18;01:08:00;23,03;18,55;0,000;2,50;10,000000;10,000000;2,498957; Sync 
2024-01-18;01:09:00;23,04;18,53;0,000;2,50;10,000000;10,000000;2,498957; Sync 
2024-01-18;01:10:00;23,03;18,56;0,000;2,50;10,000000;10,000000;2,498957; Sync 
2024-01-18;01:11:00;22,98;18,53;0,000;2,50;10,000000;10,000000;2,498957; Sync 
2024-01-18;01:12:00;23,03;18,56;0,000;2,50;10,000000;10,000000;2,498957; Sync 
2024-01-18;01:13:00;23,01;18,55;0,000;2,50;10,000000;10,000000;2,498957; Sync 
2024-01-18;01:14:00;23,02;18,58;0,000;2,50;10,000000;10,000000;2,498957; Sync 
2024-01-18;01:15:00;23,03;18,59;0,000;2,50;10,000000;10,000000;2,498957; Sync 
2024-01-18;01:16:00;23,03;18,55;0,000;2,50;10,000000;10,000000;2,498957; Sync 
2024-01-18;01:17:00;22,99;18,53;0,000;2,50;10,000000;10,000000;2,498957; Sync 
2024-01-18;01:18:00;23,01;18,58;0,000;2,50;10,000000;10,000000;2,498957; Sync 
2024-01-18;01:19:00;23,00;18,56;0,000;2,50;10,000000;10,000000;2,498957; Sync 
2024-01-18;01:20:00;22,97;18,54;0,000;2,50;10,000000;10,000000;2,498957; Sync 
2024-01-18;01:21:00;22,99;18,57;0,000;2,50;10,000000;10,000000;2,498957; Sync 
2024-01-18;01:22:00;23,01;18,57;0,000;2,50;10,000000;10,000000;2,498957; Sync 
2024-01-18;01:23:00;22,96;18,56;0,000;2,50;10,000000;10,000000;2,498957; Sync 
2024-01-18;01:24:00;22,97;18,57;0,000;2,50;10,000000;10,000000;2,498957; Sync 
2024-01-18;01:25:00;23,00;18,58;0,000;2,50;10,000000;10,000000;2,498957; Sync 
2024-01-18;01:26:00;23,00;18,58;0,000;2,50;10,000000;10,000000;2,498957; Sync 
2024-01-18;01:27:00;22,97;18,57;0,000;2,50;10,000000;10,000000;2,498957; Sync 
2024-01-18;01:28:00;22,98;18,60;0,000;2,50;10,000000;10,000000;2,498957; Sync 
2024-01-18;01:29:00;22,98;18,58;0,000;2,50;10,000000;10,000000;2,498957; Sync 
2024-01-18;01:30:00;22,99;18,56;0,000;2,50;10,000000;10,000000;2,498957; Sync 
2024-01-18;01:31:00;22,97;18,60;0,000;2,50;10,000000;10,000000;2,498957; Sync 
2024-01-18;01:32:00;22,94;18,57;0,000;2,50;10,000000;10,000000;2,498957; Sync 
2024-01-18;01:33:00;22,95;18,59;0,000;2,50;10,000000;10,000000;2,498957; Sync 
2024-01-18;01:34:00;22,99;18,62;0,000;2,50;10,000000;10,000000;2,498957; Sync 
2024-01-18;01:35:00;22,94;18,55;0,000;2,50;10,000000;10,000000;2,498957; Sync 
2024-01-18;01:36:00;22,95;18,58;0,000;2,50;10,000000;10,000000;2,498957; Sync 
2024-01-18;01:37:00;22,92;18,59;0,000;2,50;10,000000;10,000000;2,498957; Sync 
2024-01-18;01:38:00;22,95;18,57;0,000;2,50;10,000000;10,000000;2,498957; Sync 
2024-01-18;01:39:00;22,93;18,59;0,000;2,50;10,000000;10,000000;2,498957; Sync 
2024-01-18;01:40:00;22,92;18,57;0,000;2,50;10,000000;10,000000;2,498957; Sync 
2024-01-18;01:41:00;22,97;18,63;0,000;2,50;10,000000;10,000000;2,498957; Sync 
2024-01-18;01:42:00;22,95;18,60;0,000;2,50;10,000000;10,000000;2,498957; Sync 
2024-01-18;01:43:00;22,96;18,62;0,000;2,50;10,000000;10,000000;2,498957; Sync 
2024-01-18;01:44:00;22,94;18,60;0,000;2,50;10,000000;10,000000;2,498957; Sync 
2024-01-18;01:45:00;22,96;18,61;0,000;2,50;10,000000;10,000000;2,498957; Sync 
2024-01-18;01:46:00;22,94;18,60;0,000;2,50;10,000000;10,000000;2,498957; Sync 
2024-01-18;01:47:00;22,94;18,58;0,000;2,50;10,000000;10,000000;2,498957; Sync 
2024-01-18;01:48:00;22,92;18,58;0,000;2,50;10,000000;10,000000;2,498957; Sync 
2024-01-18;01:49:00;22,95;18,62;0,000;2,50;10,000000;10,000000;2,498957; Sync 
2024-01-18;01:50:00;22,96;18,61;0,000;2,50;10,000000;10,000000;2,498957; Sync 
2024-01-18;01:51:00;22,95;18,63;0,000;2,50;10,000000;10,000000;2,498957; Sync 
2024-01-18;01:52:00;22,95;18,63;0,000;2,50;10,000000;10,000000;2,498957; Sync 
2024-01-18;01:53:00;22,92;18,60;0,000;2,50;10,000000;10,000000;2,498957; Sync 
2024-01-18;01:54:00;22,96;18,62;0,000;2,50;10,000000;10,000000;2,498957; Sync 
2024-01-18;01:55:00;22,93;18,62;0,000;2,50;10,000000;10,000000;2,498957; Sync 
2024-01-18;01:56:00;22,89;18,57;0,000;2,50;10,000000;10,000000;2,498957; Sync 
2024-01-18;01:57:00;22,94;18,62;0,000;2,50;10,000000;10,000000;2,498957; Sync 
2024-01-18;01:58:00;22,93;18,61;0,000;2,50;10,000000;10,000000;2,498957; Sync 
2024-01-18;01:59:00;22,94;18,62;0,000;2,50;10,000000;10,000000;2,498957; Sync 
2024-01-18;02:00:00;22,91;18,58;0,000;2,50;10,000000;10,000000;2,498957; Sync 
2024-01-18;02:01:00;22,96;18,64;0,000;2,50;10,000000;10,000000;2,498957; Sync 
2024-01-18;02:02:00;22,94;18,59;0,000;2,50;10,000000;10,000000;2,498957; Sync 
2024-01-18;02:03:00;22,92;18,59;0,000;2,50;10,000000;10,000000;2,498957; Sync 
2024-01-18;02:04:00;22,97;18,65;0,000;2,50;10,000000;10,000000;2,498957; Sync 
2024-01-18;02:05:00;22,96;18,64;0,000;2,50;10,000000;10,000000;2,498957; Sync 
2024-01-18;02:06:00;22,92;18,62;0,000;2,50;10,000000;10,000000;2,498957; Sync 
2024-01-18;02:07:00;22,95;18,62;0,000;2,50;10,000000;10,000000;2,498957; Sync 
2024-01-18;02:08:00;22,93;18,62;0,000;2,50;10,000000;10,000000;2,498957; Sync 
2024-01-18;02:09:00;22,94;18,64;0,000;2,50;10,000000;10,000000;2,498957; Sync 
2024-01-18;02:10:00;22,94;18,62;0,000;2,50;10,000000;10,000000;2,498957; Sync 
2024-01-18;02:11:00;22,94;18,65;0,000;2,50;10,000000;10,000000;2,498957; Sync 
2024-01-18;02:12:00;22,93;18,64;0,000;2,50;10,000000;10,000000;2,498957; Sync 
2024-01-18;02:13:00;22,97;18,67;0,000;2,50;10,000000;10,000000;2,498957; Sync 
2024-01-18;02:14:00;22,89;18,59;0,000;2,50;10,000000;10,000000;2,498957; Sync 
2024-01-18;02:15:00;22,92;18,63;0,000;2,50;10,000000;10,000000;2,498957; Sync 
2024-01-18;02:16:00;22,92;18,64;0,000;2,50;10,000000;10,000000;2,498957; Sync 
2024-01-18;02:17:00;22,91;18,63;0,000;2,50;10,000000;10,000000;2,498957; Sync 
2024-01-18;02:18:00;22,93;18,64;0,000;2,50;10,000000;10,000000;2,498957; Sync 
2024-01-18;02:19:00;22,93;18,65;0,000;2,50;10,000000;10,000000;2,498957; Sync 
2024-01-18;02:20:00;22,91;18,62;0,000;2,50;10,000000;10,000000;2,498957; Sync 
2024-01-18;02:21:00;22,90;18,64;0,000;2,50;10,000000;10,000000;2,498957; Sync 
2024-01-18;02:22:00;22,92;18,63;0,000;2,50;10,000000;10,000000;2,498957; Sync 
2024-01-18;02:23:00;22,93;18,64;0,000;2,50;10,000000;10,000000;2,498957; Sync 
2024-01-18;02:24:00;22,92;18,64;0,000;2,50;10,000000;10,000000;2,498957; Sync 
2024-01-18;02:25:00;22,93;18,65;0,000;2,50;10,000000;10,000000;2,498957; Sync 
2024-01-18;02:26:00;22,92;18,65;0,000;2,50;10,000000;10,000000;2,498957; Sync 
2024-01-18;02:27:00;22,93;18,64;0,000;2,50;10,000000;10,000000;2,498957; Sync 
2024-01-18;02:28:00;22,91;18,64;0,000;2,50;10,000000;10,000000;2,498957; Sync 
2024-01-18;02:29:00;22,91;18,62;0,000;2,50;10,000000;10,000000;2,498957; Sync 
2024-01-18;02:30:00;22,94;18,66;0,000;2,50;10,000000;10,000000;2,498957; Sync 
2024-01-18;02:31:00;22,90;18,62;0,000;2,50;10,000000;10,000000;2,498957; Sync 
2024-01-18;02:32:00;22,93;18,66;0,000;2,50;10,000000;10,000000;2,498957; Sync 
2024-01-18;02:33:00;22,93;18,65;0,000;2,50;10,000000;10,000000;2,498957; Sync 
2024-01-18;02:34:00;22,93;18,67;0,000;2,50;10,000000;10,000000;2,498957; Sync 
2024-01-18;02:35:00;22,93;18,66;0,000;2,50;10,000000;10,000000;2,498957; Sync 
2024-01-18;02:36:00;22,89;18,63;0,000;2,50;10,000000;10,000000;2,498957; Sync 
2024-01-18;02:37:00;22,92;18,63;0,000;2,50;10,000000;10,000000;2,498957; Sync 
2024-01-18;02:38:00;22,90;18,64;0,000;2,50;10,000000;10,000000;2,498957; Sync 
2024-01-18;02:39:00;22,89;18,64;0,000;2,50;10,000000;10,000000;2,498957; Sync 
2024-01-18;02:40:00;22,93;18,65;0,000;2,50;10,000000;10,000000;2,498957; Sync 
2024-01-18;02:41:00;22,89;18,64;0,000;2,50;10,000000;10,000000;2,498957; Sync 
2024-01-18;02:42:00;22,93;18,65;0,000;2,50;10,000000;10,000000;2,498957; Sync 
2024-01-18;02:43:00;22,92;18,68;0,000;2,50;10,000000;10,000000;2,498957; Sync 
2024-01-18;02:44:00;22,92;18,67;0,000;2,50;10,000000;10,000000;2,498957; Sync 
2024-01-18;02:45:00;22,91;18,67;0,000;2,50;10,000000;10,000000;2,498957; Sync 
2024-01-18;02:46:00;22,88;18,70;7,797;2,57;10,000000;10,000000;2,571686; Sync 
2024-01-18;02:47:00;37,91;11,83;10,958;0,00;9,148124;9,148124;0,000000; Sync 
2024-01-18;02:48:00;37,88;10,28;10,618;0,00;9,456897;9,456897;0,000000; Sync 
2024-01-18;02:49:00;38,07;9,96;3,404;1,53;9,333123;9,333123;1,530668; Sync 
2024-01-18;02:50:00;36,45;9,86;0,000;2,42;10,000000;10,000000;2,420768; Sync 
2024-01-18;02:51:00;36,01;9,99;0,000;2,42;10,000000;10,000000;2,420768; Sync 
2024-01-18;02:52:00;35,68;10,11;0,000;2,42;10,000000;10,000000;2,420768; Sync 
2024-01-18;02:53:00;35,32;10,22;0,000;2,42;10,000000;10,000000;2,420768; Sync 
2024-01-18;02:54:00;35,01;10,39;0,000;2,42;10,000000;10,000000;2,420768; Sync 
2024-01-18;02:55:00;34,65;10,57;0,000;2,42;10,000000;10,000000;2,420768; Sync 
2024-01-18;02:56:00;34,31;10,72;0,000;2,42;10,000000;10,000000;2,420768; Sync 
2024-01-18;02:57:00;33,97;10,89;0,000;2,42;10,000000;10,000000;2,420768; Sync 
2024-01-18;02:58:00;33,64;11,04;0,000;2,42;10,000000;10,000000;2,420768; Sync 
2024-01-18;02:59:00;33,31;11,22;0,000;2,42;10,000000;10,000000;2,420768; Sync 
2024-01-18;03:00:00;33,00;11,37;0,000;2,42;10,000000;10,000000;2,420768; Sync 
2024-01-18;03:01:00;32,70;11,52;0,000;2,42;10,000000;10,000000;2,420768; Sync 
2024-01-18;03:02:00;32,42;11,68;0,000;2,42;10,000000;10,000000;2,420768; Sync 
2024-01-18;03:03:00;32,14;11,85;0,000;2,42;10,000000;10,000000;2,420768; Sync 
2024-01-18;03:04:00;31,86;12,03;0,000;2,42;10,000000;10,000000;2,420768; Sync 
2024-01-18;03:05:00;31,59;12,19;0,000;2,42;10,000000;10,000000;2,420768; Sync 
2024-01-18;03:06:00;31,35;12,36;0,000;2,42;10,000000;10,000000;2,420768; Sync 
2024-01-18;03:07:00;37,52;11,30;10,862;0,00;9,461309;9,461309;0,000000; Sync 
2024-01-18;03:08:00;37,79;10,96;0,000;2,71;9,507527;9,507527;2,707884; Sync 
2024-01-18;03:09:00;37,02;10,99;0,000;2,71;10,000000;10,000000;2,707884; Sync 
2024-01-18;03:10:00;36,18;11,06;0,000;2,71;10,000000;10,000000;2,707884; Sync 
2024-01-18;03:11:00;35,58;11,18;0,000;2,71;10,000000;10,000000;2,707884; Sync 
2024-01-18;03:12:00;35,18;11,33;0,000;2,71;10,000000;10,000000;2,707884; Sync 
2024-01-18;03:13:00;34,75;11,48;0,000;2,71;10,000000;10,000000;2,707884; Sync 
2024-01-18;03:14:00;34,39;11,57;0,000;2,71;10,000000;10,000000;2,707884; Sync 
2024-01-18;03:15:00;34,01;11,67;0,000;2,71;10,000000;10,000000;2,707884; Sync 
2024-01-18;03:16:00;33,72;11,86;0,000;2,71;10,000000;10,000000;2,707884; Sync 
2024-01-18;03:17:00;37,49;11,39;11,106;1,22;9,492509;9,492509;1,219589; Sync 
2024-01-18;03:18:00;38,10;11,14;10,766;0,00;9,369601;9,369601;0,000000; Sync 
2024-01-18;03:19:00;37,85;11,12;10,586;0,00;9,487149;9,487149;0,000000; Sync 
2024-01-18;03:20:00;38,07;11,17;10,643;0,00;9,404180;9,404180;0,000000; Sync 
2024-01-18;03:21:00;37,02;11,36;0,000;2,41;10,000000;10,000000;2,408272; Sync 
2024-01-18;03:22:00;36,83;11,45;0,000;2,41;10,000000;10,000000;2,408272; Sync 
2024-01-18;03:23:00;36,56;11,56;0,000;2,41;10,000000;10,000000;2,408272; Sync 
2024-01-18;03:24:00;36,25;11,67;0,000;2,41;10,000000;10,000000;2,408272; Sync 
2024-01-18;03:25:00;35,88;11,75;0,000;2,41;10,000000;10,000000;2,408272; Sync 
2024-01-18;03:26:00;35,62;11,92;0,000;2,41;10,000000;10,000000;2,408272; Sync 
2024-01-18;03:27:00;35,24;12,03;0,000;2,41;10,000000;10,000000;2,408272; Sync 
2024-01-18;03:28:00;34,95;12,16;0,000;2,41;10,000000;10,000000;2,408272; Sync 
2024-01-18;03:29:00;34,65;12,32;0,000;2,41;10,000000;10,000000;2,408272; Sync 
2024-01-18;03:30:00;34,30;12,38;0,000;2,41;10,000000;10,000000;2,408272; Sync 
2024-01-18;03:31:00;34,03;12,57;0,000;2,41;10,000000;10,000000;2,408272; Sync 
2024-01-18;03:32:00;33,73;12,70;0,000;2,41;10,000000;10,000000;2,408272; Sync 
2024-01-18;03:33:00;33,47;12,82;0,000;2,41;10,000000;10,000000;2,408272; Sync 
2024-01-18;03:34:00;33,18;12,95;0,000;2,41;10,000000;10,000000;2,408272; Sync 
2024-01-18;03:35:00;32,94;13,11;0,000;2,41;10,000000;10,000000;2,408272; Sync 
2024-01-18;03:36:00;32,61;13,21;0,000;2,41;10,000000;10,000000;2,408272; Sync 
2024-01-18;03:37:00;37,78;12,39;11,641;0,00;8,816919;8,816919;0,000000; Sync 
2024-01-18;03:38:00;37,90;11,92;11,293;0,00;9,046751;9,046751;0,000000; Sync 
2024-01-18;03:39:00;36,65;11,73;0,000;2,65;10,000000;10,000000;2,650285; Sync 
2024-01-18;03:40:00;34,39;11,76;0,000;2,65;10,000000;10,000000;2,650285; Sync 
2024-01-18;03:41:00;33,56;11,86;0,000;2,65;10,000000;10,000000;2,650285; Sync 
2024-01-18;03:42:00;33,12;11,94;0,000;2,65;10,000000;10,000000;2,650285; Sync 
2024-01-18;03:43:00;32,92;12,08;0,000;2,65;10,000000;10,000000;2,650285; Sync 
2024-01-18;03:44:00;32,71;12,19;0,000;2,65;10,000000;10,000000;2,650285; Sync 
2024-01-18;03:45:00;32,54;12,30;0,000;2,65;10,000000;10,000000;2,650285; Sync 
2024-01-18;03:46:00;32,32;12,43;0,000;2,65;10,000000;10,000000;2,650285; Sync 
2024-01-18;03:47:00;32,12;12,56;0,000;2,65;10,000000;10,000000;2,650285; Sync 
2024-01-18;03:48:00;31,96;12,70;0,000;2,65;10,000000;10,000000;2,650285; Sync 
2024-01-18;03:49:00;31,72;12,77;0,000;2,65;10,000000;10,000000;2,650285; Sync 
2024-01-18;03:50:00;31,55;12,92;0,000;2,65;10,000000;10,000000;2,650285; Sync 
2024-01-18;03:51:00;31,36;13,07;0,000;2,65;10,000000;10,000000;2,650285; Sync 
2024-01-18;03:52:00;31,19;13,17;0,000;2,65;10,000000;10,000000;2,650285; Sync 
2024-01-18;03:53:00;31,01;13,31;0,000;2,65;10,000000;10,000000;2,650285; Sync 
2024-01-18;03:54:00;30,80;13,45;0,000;2,65;10,000000;10,000000;2,650285; Sync 
2024-01-18;03:55:00;30,63;13,58;0,000;2,65;10,000000;10,000000;2,650285; Sync 
2024-01-18;03:56:00;30,49;13,75;0,000;2,65;10,000000;10,000000;2,650285; Sync 
2024-01-18;03:57:00;30,28;13,88;0,000;2,65;10,000000;10,000000;2,650285; Sync 
2024-01-18;03:58:00;30,10;14,02;0,000;2,65;10,000000;10,000000;2,650285; Sync 
2024-01-18;03:59:00;29,93;14,12;0,000;2,65;10,000000;10,000000;2,650285; Sync 
2024-01-18;04:00:00;29,79;14,25;0,000;2,65;10,000000;10,000000;2,650285; Sync 
2024-01-18;04:01:00;29,61;14,40;0,000;2,65;10,000000;10,000000;2,650285; Sync 
2024-01-18;04:02:00;29,45;14,51;0,000;2,65;10,000000;10,000000;2,650285; Sync 
2024-01-18;04:03:00;29,33;14,67;0,000;2,65;10,000000;10,000000;2,650285; Sync 
2024-01-18;04:04:00;29,16;14,74;0,000;2,65;10,000000;10,000000;2,650285; Sync 
2024-01-18;04:05:00;29,04;14,88;0,000;2,65;10,000000;10,000000;2,650285; Sync 
2024-01-18;04:06:00;28,88;14,99;0,000;2,65;10,000000;10,000000;2,650285; Sync 
2024-01-18;04:07:00;28,78;15,13;0,000;2,65;10,000000;10,000000;2,650285; Sync 
2024-01-18;04:08:00;28,60;15,21;0,000;2,65;10,000000;10,000000;2,650285; Sync 
2024-01-18;04:09:00;28,50;15,33;0,000;2,65;10,000000;10,000000;2,650285; Sync 
2024-01-18;04:10:00;28,36;15,43;0,000;2,65;10,000000;10,000000;2,650285; Sync 
2024-01-18;04:11:00;28,30;15,55;0,000;2,65;10,000000;10,000000;2,650285; Sync 
2024-01-18;04:12:00;28,15;15,62;0,000;2,65;10,000000;10,000000;2,650285; Sync 
2024-01-18;04:13:00;28,04;15,75;0,000;2,65;10,000000;10,000000;2,650285; Sync 
2024-01-18;04:14:00;27,97;15,85;0,000;2,65;10,000000;10,000000;2,650285; Sync 
2024-01-18;04:15:00;27,80;15,89;0,000;2,65;10,000000;10,000000;2,650285; Sync 
2024-01-18;04:16:00;27,68;16,00;0,000;2,65;10,000000;10,000000;2,650285; Sync 
2024-01-18;04:17:00;27,59;16,08;0,000;2,65;10,000000;10,000000;2,650285; Sync 
2024-01-18;04:18:00;27,51;16,19;0,000;2,65;10,000000;10,000000;2,650285; Sync 
2024-01-18;04:19:00;27,38;16,23;0,000;2,65;10,000000;10,000000;2,650285; Sync 
2024-01-18;04:20:00;27,27;16,33;0,000;2,65;10,000000;10,000000;2,650285; Sync 
2024-01-18;04:21:00;27,24;16,45;0,000;2,65;10,000000;10,000000;2,650285; Sync 
2024-01-18;04:22:00;27,10;16,49;0,000;2,65;10,000000;10,000000;2,650285; Sync 
2024-01-18;04:23:00;27,04;16,57;0,000;2,65;10,000000;10,000000;2,650285; Sync 
2024-01-18;04:24:00;26,93;16,64;0,000;2,65;10,000000;10,000000;2,650285; Sync 
2024-01-18;04:25:00;26,85;16,67;0,000;2,65;10,000000;10,000000;2,650285; Sync 
2024-01-18;04:26:00;26,72;16,75;0,000;2,65;10,000000;10,000000;2,650285; Sync 
2024-01-18;04:27:00;26,70;16,83;0,000;2,65;10,000000;10,000000;2,650285; Sync 
2024-01-18;04:28:00;26,63;16,89;0,000;2,65;10,000000;10,000000;2,650285; Sync 
2024-01-18;04:29:00;26,54;16,97;0,000;2,65;10,000000;10,000000;2,650285; Sync 
2024-01-18;04:30:00;26,44;17,01;0,000;2,65;10,000000;10,000000;2,650285; Sync 
2024-01-18;04:31:00;26,38;17,06;0,000;2,65;10,000000;10,000000;2,650285; Sync 
2024-01-18;04:32:00;26,31;17,13;0,000;2,65;10,000000;10,000000;2,650285; Sync 
2024-01-18;04:33:00;26,20;17,16;0,000;2,65;10,000000;10,000000;2,650285; Sync 
2024-01-18;04:34:00;26,12;17,19;0,000;2,65;10,000000;10,000000;2,650285; Sync 
2024-01-18;04:35:00;26,06;17,23;0,000;2,65;10,000000;10,000000;2,650285; Sync 
2024-01-18;04:36:00;26,01;17,29;0,000;2,65;10,000000;10,000000;2,650285; Sync 
2024-01-18;04:37:00;25,93;17,35;0,000;2,65;10,000000;10,000000;2,650285; Sync 
2024-01-18;04:38:00;25,87;17,38;0,000;2,65;10,000000;10,000000;2,650285; Sync 
2024-01-18;04:39:00;25,81;17,43;0,000;2,65;10,000000;10,000000;2,650285; Sync 
2024-01-18;04:40:00;25,74;17,44;0,000;2,65;10,000000;10,000000;2,650285; Sync 
2024-01-18;04:41:00;25,72;17,52;0,000;2,65;10,000000;10,000000;2,650285; Sync 
2024-01-18;04:42:00;25,59;17,51;0,000;2,65;10,000000;10,000000;2,650285; Sync 
2024-01-18;04:43:00;25,58;17,55;0,000;2,65;10,000000;10,000000;2,650285; Sync 
2024-01-18;04:44:00;29,46;16,46;9,690;0,00;10,000000;10,000000;0,000000; Sync 
2024-01-18;04:45:00;37,92;11,65;11,030;0,00;9,171640;9,171640;0,000000; Sync 
2024-01-18;04:46:00;38,12;10,76;0,242;2,94;9,027487;9,027487;2,941149; Sync 
2024-01-18;04:47:00;35,00;10,66;0,000;2,87;10,000000;10,000000;2,874633; Sync 
2024-01-18;04:48:00;33,79;10,64;0,000;2,87;10,000000;10,000000;2,874633; Sync 
2024-01-18;04:49:00;33,38;10,77;0,000;2,87;10,000000;10,000000;2,874633; Sync 
2024-01-18;04:50:00;33,14;10,92;0,000;2,87;10,000000;10,000000;2,874633; Sync 
2024-01-18;04:51:00;32,89;11,05;0,000;2,87;10,000000;10,000000;2,874633; Sync 
2024-01-18;04:52:00;32,72;11,25;0,000;2,87;10,000000;10,000000;2,874633; Sync 
2024-01-18;04:53:00;32,48;11,40;0,000;2,87;10,000000;10,000000;2,874633; Sync 
2024-01-18;04:54:00;32,27;11,54;0,000;2,87;10,000000;10,000000;2,874633; Sync 
2024-01-18;04:55:00;32,03;11,68;0,000;2,87;10,000000;10,000000;2,874633; Sync 
2024-01-18;04:56:00;31,81;11,82;0,000;2,87;10,000000;10,000000;2,874633; Sync 
2024-01-18;04:57:00;31,58;11,94;0,000;2,87;10,000000;10,000000;2,874633; Sync 
2024-01-18;04:58:00;31,32;12,09;0,000;2,87;10,000000;10,000000;2,874633; Sync 
2024-01-18;04:59:00;31,10;12,22;0,000;2,87;10,000000;10,000000;2,874633; Sync 
2024-01-18;05:00:00;30,92;12,41;0,000;2,87;10,000000;10,000000;2,874633; Sync 
2024-01-18;05:01:00;30,67;12,51;0,000;2,87;10,000000;10,000000;2,874633; Sync 
2024-01-18;05:02:00;30,49;12,66;0,000;2,87;10,000000;10,000000;2,874633; Sync 
2024-01-18;05:03:00;30,28;12,82;0,000;2,87;10,000000;10,000000;2,874633; Sync 
2024-01-18;05:04:00;30,12;12,96;0,000;2,87;10,000000;10,000000;2,874633; Sync 
2024-01-18;05:05:00;29,92;13,11;0,000;2,87;10,000000;10,000000;2,874633; Sync 
2024-01-18;05:06:00;29,74;13,26;0,000;2,87;10,000000;10,000000;2,874633; Sync 
2024-01-18;05:07:00;29,61;13,42;0,000;2,87;10,000000;10,000000;2,874633; Sync 
2024-01-18;05:08:00;29,43;13,55;0,000;2,87;10,000000;10,000000;2,874633; Sync 
2024-01-18;05:09:00;29,28;13,67;0,000;2,87;10,000000;10,000000;2,874633; Sync 
2024-01-18;05:10:00;29,05;13,80;0,000;2,87;10,000000;10,000000;2,874633; Sync 
2024-01-18;05:11:00;28,96;13,95;0,000;2,87;10,000000;10,000000;2,874633; Sync 
2024-01-18;05:12:00;28,79;14,11;0,000;2,87;10,000000;10,000000;2,874633; Sync 
2024-01-18;05:13:00;28,64;14,20;0,000;2,87;10,000000;10,000000;2,874633; Sync 
2024-01-18;05:14:00;28,49;14,34;0,000;2,87;10,000000;10,000000;2,874633; Sync 
2024-01-18;05:15:00;28,38;14,47;0,000;2,87;10,000000;10,000000;2,874633; Sync 
2024-01-18;05:16:00;28,21;14,54;0,000;2,87;10,000000;10,000000;2,874633; Sync 
2024-01-18;05:17:00;28,09;14,66;0,000;2,87;10,000000;10,000000;2,874633; Sync 
2024-01-18;05:18:00;27,98;14,79;0,000;2,87;10,000000;10,000000;2,874633; Sync 
2024-01-18;05:19:00;27,88;14,91;0,000;2,87;10,000000;10,000000;2,874633; Sync 
2024-01-18;05:20:00;27,77;15,02;0,000;2,87;10,000000;10,000000;2,874633; Sync 
2024-01-18;05:21:00;27,66;15,10;0,000;2,87;10,000000;10,000000;2,874633; Sync 
2024-01-18;05:22:00;27,51;15,16;0,000;2,87;10,000000;10,000000;2,874633; Sync 
2024-01-18;05:23:00;27,44;15,27;0,000;2,87;10,000000;10,000000;2,874633; Sync 
2024-01-18;05:24:00;27,32;15,37;0,000;2,87;10,000000;10,000000;2,874633; Sync 
2024-01-18;05:25:00;27,23;15,47;0,000;2,87;10,000000;10,000000;2,874633; Sync 
2024-01-18;05:26:00;27,14;15,55;0,000;2,87;10,000000;10,000000;2,874633; Sync 
2024-01-18;05:27:00;27,03;15,63;0,000;2,87;10,000000;10,000000;2,874633; Sync 
2024-01-18;05:28:00;26,93;15,69;0,000;2,87;10,000000;10,000000;2,874633; Sync 
2024-01-18;05:29:00;26,83;15,76;0,000;2,87;10,000000;10,000000;2,874633; Sync 
2024-01-18;05:30:00;26,77;15,86;0,000;2,87;10,000000;10,000000;2,874633; Sync 
2024-01-18;05:31:00;26,69;15,93;0,000;2,87;10,000000;10,000000;2,874633; Sync 
2024-01-18;05:32:00;26,59;15,99;0,000;2,87;10,000000;10,000000;2,874633; Sync 
2024-01-18;05:33:00;26,51;16,05;0,000;2,87;10,000000;10,000000;2,874633; Sync 
2024-01-18;05:34:00;26,44;16,15;0,000;2,87;10,000000;10,000000;2,874633; Sync 
2024-01-18;05:35:00;26,34;16,21;0,000;2,87;10,000000;10,000000;2,874633; Sync 
2024-01-18;05:36:00;26,25;16,26;0,000;2,87;10,000000;10,000000;2,874633; Sync 
2024-01-18;05:37:00;26,17;16,30;0,000;2,87;10,000000;10,000000;2,874633; Sync 
2024-01-18;05:38:00;37,46;12,02;11,327;0,00;9,140463;9,140463;0,000000; Sync 
2024-01-18;05:39:00;36,95;10,78;0,000;2,91;10,000000;10,000000;2,908538; Sync 
2024-01-18;05:40:00;36,69;10,67;0,000;2,91;10,000000;10,000000;2,908538; Sync 
2024-01-18;05:41:00;36,35;10,67;0,000;2,91;10,000000;10,000000;2,908538; Sync 
2024-01-18;05:42:00;35,99;10,83;0,000;2,91;10,000000;10,000000;2,908538; Sync 
2024-01-18;05:43:00;35,63;10,98;0,000;2,91;10,000000;10,000000;2,908538; Sync 
2024-01-18;05:44:00;35,24;11,13;0,000;2,91;10,000000;10,000000;2,908538; Sync 
2024-01-18;05:45:00;34,83;11,25;0,000;2,91;10,000000;10,000000;2,908538; Sync 
2024-01-18;05:46:00;34,51;11,42;0,000;2,91;10,000000;10,000000;2,908538; Sync 
2024-01-18;05:47:00;34,16;11,55;0,000;2,91;10,000000;10,000000;2,908538; Sync 
2024-01-18;05:48:00;33,84;11,69;0,000;2,91;10,000000;10,000000;2,908538; Sync 
2024-01-18;05:49:00;33,49;11,86;0,000;2,91;10,000000;10,000000;2,908538; Sync 
2024-01-18;05:50:00;33,19;12,01;0,000;2,91;10,000000;10,000000;2,908538; Sync 
2024-01-18;05:51:00;32,87;12,18;0,000;2,91;10,000000;10,000000;2,908538; Sync 
2024-01-18;05:52:00;32,55;12,28;0,000;2,91;10,000000;10,000000;2,908538; Sync 
2024-01-18;05:53:00;32,29;12,42;0,000;2,91;10,000000;10,000000;2,908538; Sync 
2024-01-18;05:54:00;32,05;12,64;0,000;2,91;10,000000;10,000000;2,908538; Sync 
2024-01-18;05:55:00;31,74;12,76;0,000;2,91;10,000000;10,000000;2,908538; Sync 
2024-01-18;05:56:00;31,55;12,95;0,000;2,91;10,000000;10,000000;2,908538; Sync 
2024-01-18;05:57:00;31,27;13,10;0,000;2,91;10,000000;10,000000;2,908538; Sync 
2024-01-18;05:58:00;31,06;13,25;0,000;2,91;10,000000;10,000000;2,908538; Sync 
2024-01-18;05:59:00;30,82;13,37;0,000;2,91;10,000000;10,000000;2,908538; Sync 
2024-01-18;06:00:00;30,58;13,51;0,000;2,91;10,000000;10,000000;2,908538; Sync 
2024-01-18;06:01:00;30,39;13,66;0,000;2,91;10,000000;10,000000;2,908538; Sync 
2024-01-18;06:02:00;30,21;13,82;0,000;2,91;10,000000;10,000000;2,908538; Sync 
2024-01-18;06:03:00;29,98;13,91;0,000;2,91;10,000000;10,000000;2,908538; Sync 
2024-01-18;06:04:00;29,79;14,04;0,000;2,91;10,000000;10,000000;2,908538; Sync 
2024-01-18;06:05:00;29,62;14,18;0,000;2,91;10,000000;10,000000;2,908538; Sync 
2024-01-18;06:06:00;29,47;14,30;0,000;2,91;10,000000;10,000000;2,908538; Sync 
2024-01-18;06:07:00;29,30;14,41;0,000;2,91;10,000000;10,000000;2,908538; Sync 
2024-01-18;06:08:00;29,13;14,54;0,000;2,91;10,000000;10,000000;2,908538; Sync 
2024-01-18;06:09:00;28,99;14,63;0,000;2,91;10,000000;10,000000;2,908538; Sync 
2024-01-18;06:10:00;28,81;14,75;0,000;2,91;10,000000;10,000000;2,908538; Sync 
2024-01-18;06:11:00;28,70;14,87;0,000;2,91;10,000000;10,000000;2,908538; Sync 
2024-01-18;06:12:00;28,56;14,98;0,000;2,91;10,000000;10,000000;2,908538; Sync 
2024-01-18;06:13:00;28,44;15,06;0,000;2,91;10,000000;10,000000;2,908538; Sync 
2024-01-18;06:14:00;28,30;15,15;0,000;2,91;10,000000;10,000000;2,908538; Sync 
2024-01-18;06:15:00;28,16;15,23;0,000;2,91;10,000000;10,000000;2,908538; Sync 
2024-01-18;06:16:00;28,05;15,33;0,000;2,91;10,000000;10,000000;2,908538; Sync 
2024-01-18;06:17:00;27,93;15,41;0,000;2,91;10,000000;10,000000;2,908538; Sync 
2024-01-18;06:18:00;27,84;15,53;0,000;2,91;10,000000;10,000000;2,908538; Sync 
2024-01-18;06:19:00;27,72;15,59;0,000;2,91;10,000000;10,000000;2,908538; Sync 
2024-01-18;06:20:00;27,59;15,67;0,000;2,91;10,000000;10,000000;2,908538; Sync 
2024-01-18;06:21:00;27,49;15,77;0,000;2,91;10,000000;10,000000;2,908538; Sync 
2024-01-18;06:22:00;27,35;15,81;0,000;2,91;10,000000;10,000000;2,908538; Sync 
2024-01-18;06:23:00;27,22;15,87;0,000;2,91;10,000000;10,000000;2,908538; Sync 
2024-01-18;06:24:00;27,17;16,01;0,000;2,91;10,000000;10,000000;2,908538; Sync 
2024-01-18;06:25:00;27,01;15,97;0,000;2,91;10,000000;10,000000;2,908538; Sync 
2024-01-18;06:26:00;26,99;16,12;0,000;2,91;10,000000;10,000000;2,908538; Sync 
2024-01-18;06:27:00;26,87;16,17;0,000;2,91;10,000000;10,000000;2,908538; Sync 
2024-01-18;06:28:00;26,77;16,20;0,000;2,91;10,000000;10,000000;2,908538; Sync 
2024-01-18;06:29:00;26,72;16,29;0,000;2,91;10,000000;10,000000;2,908538; Sync 
2024-01-18;06:30:00;26,61;16,32;0,000;2,91;10,000000;10,000000;2,908538; Sync 
2024-01-18;06:31:00;26,56;16,43;0,000;2,91;10,000000;10,000000;2,908538; Sync 
2024-01-18;06:32:00;26,42;16,44;0,000;2,91;10,000000;10,000000;2,908538; Sync 
2024-01-18;06:33:00;26,40;16,50;0,000;2,91;10,000000;10,000000;2,908538; Sync 
2024-01-18;06:34:00;26,30;16,54;0,000;2,91;10,000000;10,000000;2,908538; Sync 
2024-01-18;06:35:00;26,24;16,62;0,000;2,91;10,000000;10,000000;2,908538; Sync 
2024-01-18;06:36:00;26,18;16,68;0,000;2,91;10,000000;10,000000;2,908538; Sync 
2024-01-18;06:37:00;26,11;16,72;0,000;2,91;10,000000;10,000000;2,908538; Sync 
2024-01-18;06:38:00;26,01;16,75;0,000;2,91;10,000000;10,000000;2,908538; Sync 
2024-01-18;06:39:00;26,01;16,82;0,000;2,91;10,000000;10,000000;2,908538; Sync 
2024-01-18;06:40:00;25,88;16,84;0,000;2,91;10,000000;10,000000;2,908538; Sync 
2024-01-18;06:41:00;25,84;16,89;0,000;2,91;10,000000;10,000000;2,908538; Sync 
2024-01-18;06:42:00;25,79;16,93;0,000;2,91;10,000000;10,000000;2,908538; Sync 
2024-01-18;06:43:00;25,71;16,95;0,000;2,91;10,000000;10,000000;2,908538; Sync 
2024-01-18;06:44:00;25,69;17,00;0,000;2,91;10,000000;10,000000;2,908538; Sync 
2024-01-18;06:45:00;34,59;13,96;9,953;0,00;9,793575;9,793575;0,000000; Sync 
2024-01-18;06:46:00;37,20;10,79;0,000;2,72;9,886210;9,886210;2,721696; Sync 
2024-01-18;06:47:00;36,73;10,35;0,000;2,72;10,000000;10,000000;2,721696; Sync 
2024-01-18;06:48:00;36,56;10,32;0,000;2,72;10,000000;10,000000;2,721696; Sync 
2024-01-18;06:49:00;36,22;10,38;0,000;2,72;10,000000;10,000000;2,721696; Sync 
2024-01-18;06:50:00;35,87;10,57;0,000;2,72;10,000000;10,000000;2,721696; Sync 
2024-01-18;06:51:00;35,51;10,72;0,000;2,72;10,000000;10,000000;2,721696; Sync 
2024-01-18;06:52:00;35,13;10,88;0,000;2,72;10,000000;10,000000;2,721696; Sync 
2024-01-18;06:53:00;34,74;11,02;0,000;2,72;10,000000;10,000000;2,721696; Sync 
2024-01-18;06:54:00;34,36;11,19;0,000;2,72;10,000000;10,000000;2,721696; Sync 
2024-01-18;06:55:00;34,01;11,34;0,000;2,72;10,000000;10,000000;2,721696; Sync 
2024-01-18;06:56:00;33,67;11,51;0,000;2,72;10,000000;10,000000;2,721696; Sync 
2024-01-18;06:57:00;33,34;11,66;0,000;2,72;10,000000;10,000000;2,721696; Sync 
2024-01-18;06:58:00;33,03;11,80;0,000;2,72;10,000000;10,000000;2,721696; Sync 
2024-01-18;06:59:00;32,75;12,01;0,000;2,72;10,000000;10,000000;2,721696; Sync 
2024-01-18;07:00:00;32,46;12,17;0,000;2,72;10,000000;10,000000;2,721696; Sync 
2024-01-18;07:01:00;32,19;12,30;0,000;2,72;10,000000;10,000000;2,721696; Sync 
2024-01-18;07:02:00;31,91;12,49;0,000;2,72;10,000000;10,000000;2,721696; Sync 
2024-01-18;07:03:00;31,62;12,63;0,000;2,72;10,000000;10,000000;2,721696; Sync 
2024-01-18;07:04:00;31,38;12,81;0,000;2,72;10,000000;10,000000;2,721696; Sync 
2024-01-18;07:05:00;31,11;12,96;0,000;2,72;10,000000;10,000000;2,721696; Sync 
2024-01-18;07:06:00;30,88;13,12;0,000;2,72;10,000000;10,000000;2,721696; Sync 
2024-01-18;07:07:00;30,67;13,30;0,000;2,72;10,000000;10,000000;2,721696; Sync 
2024-01-18;07:08:00;30,41;13,41;0,000;2,72;10,000000;10,000000;2,721696; Sync 
2024-01-18;07:09:00;30,22;13,61;0,000;2,72;10,000000;10,000000;2,721696; Sync 
2024-01-18;07:10:00;29,92;13,70;0,000;2,72;10,000000;10,000000;2,721696; Sync 
2024-01-18;07:11:00;29,75;13,88;0,000;2,72;10,000000;10,000000;2,721696; Sync 
2024-01-18;07:12:00;29,53;13,99;0,000;2,72;10,000000;10,000000;2,721696; Sync 
2024-01-18;07:13:00;29,32;14,11;0,000;2,72;10,000000;10,000000;2,721696; Sync 
2024-01-18;07:14:00;29,11;14,23;0,000;2,72;10,000000;10,000000;2,721696; Sync 
2024-01-18;07:15:00;28,95;14,35;0,000;2,72;10,000000;10,000000;2,721696; Sync 
2024-01-18;07:16:00;28,76;14,47;0,000;2,72;10,000000;10,000000;2,721696; Sync 
2024-01-18;07:17:00;28,57;14,60;0,000;2,72;10,000000;10,000000;2,721696; Sync 
2024-01-18;07:18:00;28,40;14,72;0,000;2,72;10,000000;10,000000;2,721696; Sync 
2024-01-18;07:19:00;28,23;14,81;0,000;2,72;10,000000;10,000000;2,721696; Sync 
2024-01-18;07:20:00;28,06;14,91;0,000;2,72;10,000000;10,000000;2,721696; Sync 
2024-01-18;07:21:00;27,89;15,04;0,000;2,72;10,000000;10,000000;2,721696; Sync 
2024-01-18;07:22:00;27,74;15,10;0,000;2,72;10,000000;10,000000;2,721696; Sync 
2024-01-18;07:23:00;27,59;15,22;0,000;2,72;10,000000;10,000000;2,721696; Sync 
2024-01-18;07:24:00;27,43;15,26;0,000;2,72;10,000000;10,000000;2,721696; Sync 
2024-01-18;07:25:00;27,27;15,38;0,000;2,72;10,000000;10,000000;2,721696; Sync 
2024-01-18;07:26:00;27,13;15,42;0,000;2,72;10,000000;10,000000;2,721696; Sync 
2024-01-18;07:27:00;27,02;15,55;0,000;2,72;10,000000;10,000000;2,721696; Sync 
2024-01-18;07:28:00;26,84;15,57;0,000;2,72;10,000000;10,000000;2,721696; Sync 
2024-01-18;07:29:00;26,67;15,66;0,000;2,72;10,000000;10,000000;2,721696; Sync 
2024-01-18;07:30:00;26,40;15,75;0,000;2,72;10,000000;10,000000;2,721696; Sync 
2024-01-18;07:31:00;26,11;15,75;0,000;2,72;10,000000;10,000000;2,721696; Sync 
2024-01-18;07:32:00;25,79;15,79;0,000;2,72;10,000000;10,000000;2,721696; Sync 
2024-01-18;07:33:00;25,52;15,75;0,000;2,72;10,000000;10,000000;2,721696; Sync 
2024-01-18;07:34:00;25,37;15,79;0,000;2,72;10,000000;10,000000;2,721696; Sync 
2024-01-18;07:35:00;25,24;15,80;0,000;2,72;10,000000;10,000000;2,721696; Sync 
2024-01-18;07:36:00;25,15;15,83;0,000;2,72;10,000000;10,000000;2,721696; Sync 
2024-01-18;07:37:00;25,06;15,91;0,000;2,72;10,000000;10,000000;2,721696; Sync 
2024-01-18;07:38:00;24,99;15,93;0,000;2,72;10,000000;10,000000;2,721696; Sync 
2024-01-18;07:39:00;24,93;16,00;0,000;2,72;10,000000;10,000000;2,721696; Sync 
2024-01-18;07:40:00;24,82;16,01;0,000;2,72;10,000000;10,000000;2,721696; Sync 
2024-01-18;07:41:00;24,77;16,08;0,000;2,72;10,000000;10,000000;2,721696; Sync 
2024-01-18;07:42:00;24,68;16,11;0,000;2,72;10,000000;10,000000;2,721696; Sync 
2024-01-18;07:43:00;24,64;16,20;0,000;2,72;10,000000;10,000000;2,721696; Sync 
2024-01-18;07:44:00;24,55;16,20;0,000;2,72;10,000000;10,000000;2,721696; Sync 
2024-01-18;07:45:00;24,50;16,28;0,000;2,72;10,000000;10,000000;2,721696; Sync 
2024-01-18;07:46:00;24,38;16,25;0,000;2,72;10,000000;10,000000;2,721696; Sync 
2024-01-18;07:47:00;24,33;16,30;0,000;2,72;10,000000;10,000000;2,721696; Sync 
2024-01-18;07:48:00;24,30;16,37;0,000;2,72;10,000000;10,000000;2,721696; Sync 
2024-01-18;07:49:00;24,21;16,40;0,000;2,72;10,000000;10,000000;2,721696; Sync 
2024-01-18;07:50:00;24,17;16,46;0,000;2,72;10,000000;10,000000;2,721696; Sync 
2024-01-18;07:51:00;24,12;16,49;0,000;2,72;10,000000;10,000000;2,721696; Sync 
2024-01-18;07:52:00;24,01;16,49;0,000;2,72;10,000000;10,000000;2,721696; Sync 
2024-01-18;07:53:00;23,93;16,53;0,000;2,72;10,000000;10,000000;2,721696; Sync 
2024-01-18;07:54:00;23,93;16,57;0,000;2,72;10,000000;10,000000;2,721696; Sync 
2024-01-18;07:55:00;23,89;16,59;0,000;2,72;10,000000;10,000000;2,721696; Sync 
2024-01-18;07:56:00;23,80;16,62;0,000;2,72;10,000000;10,000000;2,721696; Sync 
2024-01-18;07:57:00;23,78;16,67;0,000;2,72;10,000000;10,000000;2,721696; Sync 
2024-01-18;07:58:00;23,71;16,68;0,000;2,72;10,000000;10,000000;2,721696; Sync 
2024-01-18;07:59:00;23,64;16,70;0,000;2,72;10,000000;10,000000;2,721696; Sync 
2024-01-18;08:00:00;23,62;16,71;0,000;2,72;10,000000;10,000000;2,721696; Sync 
2024-01-18;08:01:00;23,56;16,76;0,000;2,72;10,000000;10,000000;2,721696; Sync 
2024-01-18;08:02:00;23,52;16,78;0,000;2,72;10,000000;10,000000;2,721696; Sync 
2024-01-18;08:03:00;23,50;16,84;0,000;2,72;10,000000;10,000000;2,721696; Sync 
2024-01-18;08:04:00;23,50;16,86;0,000;2,72;10,000000;10,000000;2,721696; Sync 
2024-01-18;08:05:00;23,41;16,85;0,000;2,72;10,000000;10,000000;2,721696; Sync 
2024-01-18;08:06:00;23,39;16,90;0,000;2,72;10,000000;10,000000;2,721696; Sync 
2024-01-18;08:07:00;23,35;16,91;0,000;2,72;10,000000;10,000000;2,721696; Sync 
2024-01-18;08:08:00;23,33;16,93;0,000;2,72;10,000000;10,000000;2,721696; Sync 
2024-01-18;08:09:00;23,27;16,95;0,000;2,72;10,000000;10,000000;2,721696; Sync 
2024-01-18;08:10:00;23,25;16,96;0,000;2,72;10,000000;10,000000;2,721696; Sync 
2024-01-18;08:11:00;23,18;16,98;0,000;2,72;10,000000;10,000000;2,721696; Sync 
2024-01-18;08:12:00;23,15;17,01;0,000;2,72;10,000000;10,000000;2,721696; Sync 
2024-01-18;08:13:00;23,10;16,99;0,000;2,72;10,000000;10,000000;2,721696; Sync 
2024-01-18;08:14:00;23,06;17,03;0,000;2,72;10,000000;10,000000;2,721696; Sync 
2024-01-18;08:15:00;23,04;17,04;0,000;2,72;10,000000;10,000000;2,721696; Sync 
2024-01-18;08:16:00;22,97;17,05;0,000;2,72;10,000000;10,000000;2,721696; Sync 
2024-01-18;08:17:00;22,95;17,04;0,000;2,72;10,000000;10,000000;2,721696; Sync 
2024-01-18;08:18:00;22,89;17,08;0,000;2,72;10,000000;10,000000;2,721696; Sync 
2024-01-18;08:19:00;22,89;17,10;0,000;2,72;10,000000;10,000000;2,721696; Sync 
2024-01-18;08:20:00;22,85;17,08;0,000;2,72;10,000000;10,000000;2,721696; Sync 
2024-01-18;08:21:00;22,82;17,10;0,000;2,72;10,000000;10,000000;2,721696; Sync 
2024-01-18;08:22:00;22,77;17,11;0,000;2,72;10,000000;10,000000;2,721696; Sync 
2024-01-18;08:23:00;22,74;17,14;0,000;2,72;10,000000;10,000000;2,721696; Sync 
2024-01-18;08:24:00;22,71;17,17;0,000;2,72;10,000000;10,000000;2,721696; Sync 
2024-01-18;08:25:00;22,66;17,16;0,000;2,72;10,000000;10,000000;2,721696; Sync 
2024-01-18;08:26:00;22,65;17,15;0,000;2,72;10,000000;10,000000;2,721696; Sync 
2024-01-18;08:27:00;22,59;17,16;0,000;2,72;10,000000;10,000000;2,721696; Sync 
2024-01-18;08:28:00;22,57;17,19;0,000;2,72;10,000000;10,000000;2,721696; Sync 
2024-01-18;08:29:00;22,54;17,18;0,000;2,72;10,000000;10,000000;2,721696; Sync 
2024-01-18;08:30:00;22,52;17,23;0,000;2,72;10,000000;10,000000;2,721696; Sync 
2024-01-18;08:31:00;37,56;12,27;10,884;0,00;9,068141;9,068141;0,000000; Sync 
2024-01-18;08:32:00;37,84;10,40;11,080;0,00;9,300702;9,300702;0,000000; Sync 
2024-01-18;08:33:00;36,87;10,08;0,000;2,57;10,000000;10,000000;2,566716; Sync 
2024-01-18;08:34:00;35,58;10,08;0,000;2,57;10,000000;10,000000;2,566716; Sync 
2024-01-18;08:35:00;34,81;10,12;0,000;2,57;10,000000;10,000000;2,566716; Sync 
2024-01-18;08:36:00;34,31;10,28;0,000;2,57;10,000000;10,000000;2,566716; Sync 
2024-01-18;08:37:00;33,86;10,39;0,000;2,57;10,000000;10,000000;2,566716; Sync 
2024-01-18;08:38:00;33,46;10,52;0,000;2,57;10,000000;10,000000;2,566716; Sync 
2024-01-18;08:39:00;33,09;10,63;0,000;2,57;10,000000;10,000000;2,566716; Sync 
2024-01-18;08:40:00;32,77;10,79;0,000;2,57;10,000000;10,000000;2,566716; Sync 
2024-01-18;08:41:00;32,44;10,93;0,000;2,57;10,000000;10,000000;2,566716; Sync 
2024-01-18;08:42:00;32,16;11,08;0,000;2,57;10,000000;10,000000;2,566716; Sync 
2024-01-18;08:43:00;31,84;11,17;0,000;2,57;10,000000;10,000000;2,566716; Sync 
2024-01-18;08:44:00;31,61;11,32;0,000;2,57;10,000000;10,000000;2,566716; Sync 
2024-01-18;08:45:00;31,32;11,43;0,000;2,57;10,000000;10,000000;2,566716; Sync 
2024-01-18;08:46:00;31,05;11,52;0,000;2,57;10,000000;10,000000;2,566716; Sync 
2024-01-18;08:47:00;30,83;11,68;0,000;2,57;10,000000;10,000000;2,566716; Sync 
2024-01-18;08:48:00;30,57;11,80;0,000;2,57;10,000000;10,000000;2,566716; Sync 
2024-01-18;08:49:00;30,32;11,96;0,000;2,57;10,000000;10,000000;2,566716; Sync 
2024-01-18;08:50:00;30,07;12,11;0,000;2,57;10,000000;10,000000;2,566716; Sync 
2024-01-18;08:51:00;29,83;12,27;0,000;2,57;10,000000;10,000000;2,566716; Sync 
2024-01-18;08:52:00;29,59;12,42;0,000;2,57;10,000000;10,000000;2,566716; Sync 
2024-01-18;08:53:00;29,31;12,53;0,000;2,57;10,000000;10,000000;2,566716; Sync 
2024-01-18;08:54:00;29,15;12,69;0,000;2,57;10,000000;10,000000;2,566716; Sync 
2024-01-18;08:55:00;28,88;12,81;0,000;2,57;10,000000;10,000000;2,566716; Sync 
2024-01-18;08:56:00;28,70;12,96;0,000;2,57;10,000000;10,000000;2,566716; Sync 
2024-01-18;08:57:00;28,53;13,08;0,000;2,57;10,000000;10,000000;2,566716; Sync 
2024-01-18;08:58:00;28,28;13,16;0,000;2,57;10,000000;10,000000;2,566716; Sync 
2024-01-18;08:59:00;28,10;13,31;0,000;2,57;10,000000;10,000000;2,566716; Sync 
2024-01-18;09:00:00;27,87;13,40;0,000;2,57;10,000000;10,000000;2,566716; Sync 
2024-01-18;09:01:00;27,76;13,52;0,000;2,57;10,000000;10,000000;2,566716; Sync 
2024-01-18;09:02:00;27,58;13,64;0,000;2,57;10,000000;10,000000;2,566716; Sync 
2024-01-18;09:03:00;27,42;13,74;0,000;2,57;10,000000;10,000000;2,566716; Sync 
2024-01-18;09:04:00;27,22;13,84;0,000;2,57;10,000000;10,000000;2,566716; Sync 
2024-01-18;09:05:00;27,07;13,96;0,000;2,57;10,000000;10,000000;2,566716; Sync 
2024-01-18;09:06:00;26,91;14,04;0,000;2,57;10,000000;10,000000;2,566716; Sync 
2024-01-18;09:07:00;26,77;14,16;0,000;2,57;10,000000;10,000000;2,566716; Sync 
2024-01-18;09:08:00;26,61;14,23;0,000;2,57;10,000000;10,000000;2,566716; Sync 
2024-01-18;09:09:00;26,46;14,29;0,000;2,57;10,000000;10,000000;2,566716; Sync 
2024-01-18;09:10:00;26,36;14,40;0,000;2,57;10,000000;10,000000;2,566716; Sync 
2024-01-18;09:11:00;26,24;14,48;0,000;2,57;10,000000;10,000000;2,566716; Sync 
2024-01-18;09:12:00;26,06;14,55;0,000;2,57;10,000000;10,000000;2,566716; Sync 
2024-01-18;09:13:00;25,96;14,67;0,000;2,57;10,000000;10,000000;2,566716; Sync 
2024-01-18;09:14:00;25,84;14,74;0,000;2,57;10,000000;10,000000;2,566716; Sync 
2024-01-18;09:15:00;25,75;14,81;0,000;2,57;10,000000;10,000000;2,566716; Sync 
2024-01-18;09:16:00;25,62;14,87;0,000;2,57;10,000000;10,000000;2,566716; Sync 
2024-01-18;09:17:00;25,56;14,96;0,000;2,57;10,000000;10,000000;2,566716; Sync 
2024-01-18;09:18:00;25,47;15,03;0,000;2,57;10,000000;10,000000;2,566716; Sync 
2024-01-18;09:19:00;25,29;15,03;0,000;2,57;10,000000;10,000000;2,566716; Sync 
2024-01-18;09:20:00;25,26;15,13;0,000;2,57;10,000000;10,000000;2,566716; Sync 
2024-01-18;09:21:00;25,11;15,13;0,000;2,57;10,000000;10,000000;2,566716; Sync 
2024-01-18;09:22:00;25,05;15,24;0,000;2,57;10,000000;10,000000;2,566716; Sync 
2024-01-18;09:23:00;24,97;15,29;0,000;2,57;10,000000;10,000000;2,566716; Sync 
2024-01-18;09:24:00;24,88;15,35;0,000;2,57;10,000000;10,000000;2,566716; Sync 
2024-01-18;09:25:00;24,77;15,37;0,000;2,57;10,000000;10,000000;2,566716; Sync 
2024-01-18;09:26:00;24,68;15,44;0,000;2,57;10,000000;10,000000;2,566716; Sync 
2024-01-18;09:27:00;24,63;15,50;0,000;2,57;10,000000;10,000000;2,566716; Sync 
2024-01-18;09:28:00;24,54;15,56;0,000;2,57;10,000000;10,000000;2,566716; Sync 
2024-01-18;09:29:00;24,44;15,61;0,000;2,57;10,000000;10,000000;2,566716; Sync 
2024-01-18;09:30:00;24,33;15,66;0,000;2,57;10,000000;10,000000;2,566716; Sync 
2024-01-18;09:31:00;28,97;14,60;9,829;0,00;10,000000;10,000000;0,000000; Sync 
2024-01-18;09:32:00;37,81;10,84;10,979;0,00;9,252522;9,252522;0,000000; Sync 
2024-01-18;09:33:00;38,07;10,18;11,228;0,00;9,131802;9,131802;0,000000; Sync 
2024-01-18;09:34:00;37,95;10,01;0,205;2,51;9,225354;9,225354;2,514787; Sync 
2024-01-18;09:35:00;35,77;10,01;0,000;2,49;10,000000;10,000000;2,485496; Sync 
2024-01-18;09:36:00;35,05;10,09;0,000;2,49;10,000000;10,000000;2,485496; Sync 
2024-01-18;09:37:00;34,68;10,20;0,000;2,49;10,000000;10,000000;2,485496; Sync 
2024-01-18;09:38:00;34,40;10,29;0,000;2,49;10,000000;10,000000;2,485496; Sync 
2024-01-18;09:39:00;34,12;10,43;0,000;2,49;10,000000;10,000000;2,485496; Sync 
2024-01-18;09:40:00;33,83;10,57;0,000;2,49;10,000000;10,000000;2,485496; Sync 
2024-01-18;09:41:00;33,52;10,68;0,000;2,49;10,000000;10,000000;2,485496; Sync 
2024-01-18;09:42:00;33,18;10,79;0,000;2,49;10,000000;10,000000;2,485496; Sync 
2024-01-18;09:43:00;32,87;10,93;0,000;2,49;10,000000;10,000000;2,485496; Sync 
2024-01-18;09:44:00;32,58;11,06;0,000;2,49;10,000000;10,000000;2,485496; Sync 
2024-01-18;09:45:00;32,28;11,22;0,000;2,49;10,000000;10,000000;2,485496; Sync 
2024-01-18;09:46:00;33,08;11,37;9,474;5,40;10,000000;10,000000;5,401803; Sync 
2024-01-18;09:47:00;38,06;11,17;10,974;0,55;9,181653;9,181653;0,547198; Sync 
2024-01-18;09:48:00;38,02;11,09;11,171;0,00;9,144738;9,144738;0,000000; Sync 
2024-01-18;09:49:00;37,99;11,04;11,047;0,00;9,223693;9,223693;0,000000; Sync 
2024-01-18;09:50:00;37,98;11,31;11,062;0,00;9,232965;9,232965;0,000000; Sync 
2024-01-18;09:51:00;38,11;11,45;2,179;2,09;9,208582;9,208582;2,087493; Sync 
2024-01-18;09:52:00;36,85;11,54;0,000;2,63;10,000000;10,000000;2,634507; Sync 
2024-01-18;09:53:00;34,57;11,65;0,000;2,63;10,000000;10,000000;2,634507; Sync 
2024-01-18;09:54:00;33,55;11,70;0,000;2,63;10,000000;10,000000;2,634507; Sync 
2024-01-18;09:55:00;33,08;11,81;0,000;2,63;10,000000;10,000000;2,634507; Sync 
2024-01-18;09:56:00;32,70;11,88;0,000;2,63;10,000000;10,000000;2,634507; Sync 
2024-01-18;09:57:00;32,46;11,97;0,000;2,63;10,000000;10,000000;2,634507; Sync 
2024-01-18;09:58:00;32,18;12,01;0,000;2,63;10,000000;10,000000;2,634507; Sync 
2024-01-18;09:59:00;31,98;12,14;0,000;2,63;10,000000;10,000000;2,634507; Sync 
2024-01-18;10:00:00;31,76;12,24;0,000;2,63;10,000000;10,000000;2,634507; Sync 
2024-01-18;10:01:00;31,53;12,31;0,000;2,63;10,000000;10,000000;2,634507; Sync 
2024-01-18;10:02:00;31,25;12,39;0,000;2,63;10,000000;10,000000;2,634507; Sync 
2024-01-18;10:03:00;31,05;12,53;0,000;2,63;10,000000;10,000000;2,634507; Sync 
2024-01-18;10:04:00;30,79;12,66;0,000;2,63;10,000000;10,000000;2,634507; Sync 
2024-01-18;10:05:00;30,60;12,79;0,000;2,63;10,000000;10,000000;2,634507; Sync 
2024-01-18;10:06:00;30,32;12,88;0,000;2,63;10,000000;10,000000;2,634507; Sync 
2024-01-18;10:07:00;30,11;13,01;0,000;2,63;10,000000;10,000000;2,634507; Sync 
2024-01-18;10:08:00;29,79;13,08;0,000;2,63;10,000000;10,000000;2,634507; Sync 
2024-01-18;10:09:00;29,60;13,20;0,000;2,63;10,000000;10,000000;2,634507; Sync 
2024-01-18;10:10:00;29,40;13,34;0,000;2,63;10,000000;10,000000;2,634507; Sync 
2024-01-18;10:11:00;29,22;13,46;0,000;2,63;10,000000;10,000000;2,634507; Sync 
2024-01-18;10:12:00;29,00;13,54;0,000;2,63;10,000000;10,000000;2,634507; Sync 
2024-01-18;10:13:00;28,83;13,66;0,000;2,63;10,000000;10,000000;2,634507; Sync 
2024-01-18;10:14:00;28,64;13,77;0,000;2,63;10,000000;10,000000;2,634507; Sync 
2024-01-18;10:15:00;28,42;13,85;0,000;2,63;10,000000;10,000000;2,634507; Sync 
2024-01-18;10:16:00;28,24;13,95;0,000;2,63;10,000000;10,000000;2,634507; Sync 
2024-01-18;10:17:00;28,06;14,00;0,000;2,63;10,000000;10,000000;2,634507; Sync 
2024-01-18;10:18:00;27,88;14,14;0,000;2,63;10,000000;10,000000;2,634507; Sync 
2024-01-18;10:19:00;27,76;14,19;0,000;2,63;10,000000;10,000000;2,634507; Sync 
2024-01-18;10:20:00;27,56;14,24;0,000;2,63;10,000000;10,000000;2,634507; Sync 
2024-01-18;10:21:00;27,39;14,33;0,000;2,63;10,000000;10,000000;2,634507; Sync 
2024-01-18;10:22:00;27,23;14,40;0,000;2,63;10,000000;10,000000;2,634507; Sync 
2024-01-18;10:23:00;27,06;14,45;0,000;2,63;10,000000;10,000000;2,634507; Sync 
2024-01-18;10:24:00;26,93;14,53;0,000;2,63;10,000000;10,000000;2,634507; Sync 
2024-01-18;10:25:00;26,75;14,57;0,000;2,63;10,000000;10,000000;2,634507; Sync 
2024-01-18;10:26:00;26,62;14,65;0,000;2,63;10,000000;10,000000;2,634507; Sync 
2024-01-18;10:27:00;26,49;14,68;0,000;2,63;10,000000;10,000000;2,634507; Sync 
2024-01-18;10:28:00;26,33;14,71;0,000;2,63;10,000000;10,000000;2,634507; Sync 
2024-01-18;10:29:00;26,21;14,78;0,000;2,63;10,000000;10,000000;2,634507; Sync 
2024-01-18;10:30:00;26,07;14,82;0,000;2,63;10,000000;10,000000;2,634507; Sync 
2024-01-18;10:31:00;25,92;14,86;0,000;2,63;10,000000;10,000000;2,634507; Sync 
2024-01-18;10:32:00;25,79;14,89;0,000;2,63;10,000000;10,000000;2,634507; Sync 
2024-01-18;10:33:00;25,69;14,92;0,000;2,63;10,000000;10,000000;2,634507; Sync 
2024-01-18;10:34:00;25,56;14,95;0,000;2,63;10,000000;10,000000;2,634507; Sync 
2024-01-18;10:35:00;25,41;14,97;0,000;2,63;10,000000;10,000000;2,634507; Sync 
2024-01-18;10:36:00;25,26;14,96;0,000;2,63;10,000000;10,000000;2,634507; Sync 
2024-01-18;10:37:00;25,19;15,04;0,000;2,63;10,000000;10,000000;2,634507; Sync 
2024-01-18;10:38:00;25,03;15,03;0,000;2,63;10,000000;10,000000;2,634507; Sync 
2024-01-18;10:39:00;24,95;15,07;0,000;2,63;10,000000;10,000000;2,634507; Sync 
2024-01-18;10:40:00;24,81;15,11;0,000;2,63;10,000000;10,000000;2,634507; Sync 
2024-01-18;10:41:00;24,74;15,13;0,000;2,63;10,000000;10,000000;2,634507; Sync 
2024-01-18;10:42:00;24,63;15,16;0,000;2,63;10,000000;10,000000;2,634507; Sync 
2024-01-18;10:43:00;24,52;15,17;0,000;2,63;10,000000;10,000000;2,634507; Sync 
2024-01-18;10:44:00;24,44;15,21;0,000;2,63;10,000000;10,000000;2,634507; Sync 
2024-01-18;10:45:00;24,35;15,21;0,000;2,63;10,000000;10,000000;2,634507; Sync 
2024-01-18;10:46:00;24,26;15,20;0,000;2,63;10,000000;10,000000;2,634507; Sync 
2024-01-18;10:47:00;24,11;15,24;0,000;2,63;10,000000;10,000000;2,634507; Sync 
2024-01-18;10:48:00;24,03;15,22;0,000;2,63;10,000000;10,000000;2,634507; Sync 
2024-01-18;10:49:00;23,98;15,28;0,000;2,63;10,000000;10,000000;2,634507; Sync 
2024-01-18;10:50:00;23,85;15,23;0,000;2,63;10,000000;10,000000;2,634507; Sync 
2024-01-18;10:51:00;23,77;15,25;0,000;2,63;10,000000;10,000000;2,634507; Sync 
2024-01-18;10:52:00;23,68;15,27;0,000;2,63;10,000000;10,000000;2,634507; Sync 
2024-01-18;10:53:00;23,64;15,32;0,000;2,63;10,000000;10,000000;2,634507; Sync 
2024-01-18;10:54:00;23,55;15,36;0,000;2,63;10,000000;10,000000;2,634507; Sync 
2024-01-18;10:55:00;23,47;15,39;0,000;2,63;10,000000;10,000000;2,634507; Sync 
2024-01-18;10:56:00;23,41;15,41;0,000;2,63;10,000000;10,000000;2,634507; Sync 
2024-01-18;10:57:00;23,35;15,43;0,000;2,63;10,000000;10,000000;2,634507; Sync 
2024-01-18;10:58:00;23,24;15,46;0,000;2,63;10,000000;10,000000;2,634507; Sync 
2024-01-18;10:59:00;23,20;15,51;0,000;2,63;10,000000;10,000000;2,634507; Sync 
2024-01-18;11:00:00;23,18;15,57;0,000;2,63;10,000000;10,000000;2,634507; Sync 
2024-01-18;11:01:00;23,09;15,56;0,000;2,63;10,000000;10,000000;2,634507; Sync 
2024-01-18;11:02:00;23,03;15,61;0,000;2,63;10,000000;10,000000;2,634507; Sync 
2024-01-18;11:03:00;22,95;15,60;0,000;2,63;10,000000;10,000000;2,634507; Sync 
2024-01-18;11:04:00;22,89;15,65;0,000;2,63;10,000000;10,000000;2,634507; Sync 
2024-01-18;11:05:00;22,83;15,66;0,000;2,63;10,000000;10,000000;2,634507; Sync 
2024-01-18;11:06:00;22,83;15,72;0,000;2,63;10,000000;10,000000;2,634507; Sync 
2024-01-18;11:07:00;22,79;15,72;0,000;2,63;10,000000;10,000000;2,634507; Sync 
2024-01-18;11:08:00;22,73;15,73;0,000;2,63;10,000000;10,000000;2,634507; Sync 
2024-01-18;11:09:00;22,72;15,82;0,000;2,63;10,000000;10,000000;2,634507; Sync 
2024-01-18;11:10:00;22,69;15,81;0,000;2,63;10,000000;10,000000;2,634507; Sync 
2024-01-18;11:11:00;22,69;15,83;0,000;2,63;10,000000;10,000000;2,634507; Sync 
2024-01-18;11:12:00;22,66;15,89;0,000;2,63;10,000000;10,000000;2,634507; Sync 
2024-01-18;11:13:00;22,60;15,89;0,000;2,63;10,000000;10,000000;2,634507; Sync 
2024-01-18;11:14:00;22,59;15,89;0,000;2,63;10,000000;10,000000;2,634507; Sync 
2024-01-18;11:15:00;22,57;15,96;0,000;2,63;10,000000;10,000000;2,634507; Sync 
2024-01-18;11:16:00;22,54;15,97;0,000;2,63;10,000000;10,000000;2,634507; Sync 
2024-01-18;11:17:00;22,49;15,97;0,000;2,63;10,000000;10,000000;2,634507; Sync 
2024-01-18;11:18:00;22,49;15,99;0,000;2,63;10,000000;10,000000;2,634507; Sync 
2024-01-18;11:19:00;22,49;16,04;0,000;2,63;10,000000;10,000000;2,634507; Sync 
2024-01-18;11:20:00;22,47;16,01;0,000;2,63;10,000000;10,000000;2,634507; Sync 
2024-01-18;11:21:00;22,38;16,01;0,000;2,63;10,000000;10,000000;2,634507; Sync 
2024-01-18;11:22:00;22,39;16,09;0,000;2,63;10,000000;10,000000;2,634507; Sync 
2024-01-18;11:23:00;22,35;16,07;0,000;2,63;10,000000;10,000000;2,634507; Sync 
2024-01-18;11:24:00;22,35;16,11;0,000;2,63;10,000000;10,000000;2,634507; Sync 
2024-01-18;11:25:00;22,33;16,14;0,000;2,63;10,000000;10,000000;2,634507; Sync 
2024-01-18;11:26:00;22,31;16,14;0,000;2,63;10,000000;10,000000;2,634507; Sync 
2024-01-18;11:27:00;22,29;16,14;0,000;2,63;10,000000;10,000000;2,634507; Sync 
2024-01-18;11:28:00;22,27;16,16;0,000;2,63;10,000000;10,000000;2,634507; Sync 
2024-01-18;11:29:00;22,23;16,17;0,000;2,63;10,000000;10,000000;2,634507; Sync 
2024-01-18;11:30:00;22,25;16,21;0,000;2,63;10,000000;10,000000;2,634507; Sync 
