Tecomat F2x CP2005I v2.3.063 DataLogger v1.3 (2024-01-17-00:00:00) : Hot_Dock / Srovnani ! Type : PERIODIC | DATE : %TYYYY-MM-DD | TIME : %Thh:mm:ss | REAL : %3.2f %RF051252 | REAL : %3.2f %RF051426 | REAL : %4.3f %RF051948 | STRING : %s | ,;
DATE;TIME;1_MT_01;1_MT_02;1_MF_01;Text
2024-01-17;00:00:00;33,02;31,13;0,000; Sync 
2024-01-17;00:01:00;32,89;31,03;0,000; Sync 
2024-01-17;00:02:00;32,77;30,92;0,000; Sync 
2024-01-17;00:03:00;32,69;30,88;0,000; Sync 
2024-01-17;00:04:00;32,57;30,80;0,000; Sync 
2024-01-17;00:05:00;32,44;30,66;0,000; Sync 
2024-01-17;00:06:00;32,33;30,61;0,000; Sync 
2024-01-17;00:07:00;32,25;30,55;0,000; Sync 
2024-01-17;00:08:00;32,13;30,42;0,000; Sync 
2024-01-17;00:09:00;32,05;30,38;0,000; Sync 
2024-01-17;00:10:00;31,95;30,32;0,000; Sync 
2024-01-17;00:11:00;31,86;30,27;0,000; Sync 
2024-01-17;00:12:00;31,72;30,16;0,000; Sync 
2024-01-17;00:13:00;31,64;30,11;0,000; Sync 
2024-01-17;00:14:00;31,51;30,02;0,000; Sync 
2024-01-17;00:15:00;31,43;29,97;0,000; Sync 
2024-01-17;00:16:00;31,31;29,87;0,000; Sync 
2024-01-17;00:17:00;31,22;29,80;0,000; Sync 
2024-01-17;00:18:00;31,13;29,74;0,000; Sync 
2024-01-17;00:19:00;31,04;29,70;0,000; Sync 
2024-01-17;00:20:00;30,98;29,69;0,000; Sync 
2024-01-17;00:21:00;30,83;29,56;0,000; Sync 
2024-01-17;00:22:00;30,70;29,46;0,000; Sync 
2024-01-17;00:23:00;30,66;29,45;0,000; Sync 
2024-01-17;00:24:00;30,58;29,42;0,000; Sync 
2024-01-17;00:25:00;30,51;29,38;0,000; Sync 
2024-01-17;00:26:00;30,39;29,29;0,000; Sync 
2024-01-17;00:27:00;30,30;29,23;0,000; Sync 
2024-01-17;00:28:00;30,21;29,18;0,000; Sync 
2024-01-17;00:29:00;30,14;29,15;0,000; Sync 
2024-01-17;00:30:00;30,07;29,12;0,000; Sync 
2024-01-17;00:31:00;29,93;29,03;0,000; Sync 
2024-01-17;00:32:00;29,90;28,99;0,000; Sync 
2024-01-17;00:33:00;29,84;28,98;0,000; Sync 
2024-01-17;00:34:00;29,74;28,91;0,000; Sync 
2024-01-17;00:35:00;29,63;28,84;0,000; Sync 
2024-01-17;00:36:00;29,56;28,82;0,000; Sync 
2024-01-17;00:37:00;29,50;28,79;0,000; Sync 
2024-01-17;00:38:00;29,40;28,73;0,000; Sync 
2024-01-17;00:39:00;29,36;28,71;0,000; Sync 
2024-01-17;00:40:00;29,26;28,65;0,000; Sync 
2024-01-17;00:41:00;29,19;28,62;0,000; Sync 
2024-01-17;00:42:00;29,12;28,59;0,000; Sync 
2024-01-17;00:43:00;29,04;28,52;0,000; Sync 
2024-01-17;00:44:00;28,97;28,49;0,000; Sync 
2024-01-17;00:45:00;28,89;28,45;0,000; Sync 
2024-01-17;00:46:00;28,76;28,36;0,000; Sync 
2024-01-17;00:47:00;28,74;28,36;0,000; Sync 
2024-01-17;00:48:00;28,67;28,32;0,000; Sync 
2024-01-17;00:49:00;28,58;28,25;0,000; Sync 
2024-01-17;00:50:00;28,50;28,19;0,000; Sync 
2024-01-17;00:51:00;28,46;28,20;0,000; Sync 
2024-01-17;00:52:00;28,38;28,16;0,000; Sync 
2024-01-17;00:53:00;28,28;28,11;0,000; Sync 
2024-01-17;00:54:00;28,21;28,06;0,000; Sync 
2024-01-17;00:55:00;28,10;28,02;0,000; Sync 
2024-01-17;00:56:00;28,09;28,00;0,000; Sync 
2024-01-17;00:57:00;27,98;27,94;0,000; Sync 
2024-01-17;00:58:00;27,92;27,92;0,000; Sync 
2024-01-17;00:59:00;27,89;27,90;0,000; Sync 
2024-01-17;01:00:00;27,82;27,86;0,000; Sync 
2024-01-17;01:01:00;27,77;27,83;0,000; Sync 
2024-01-17;01:02:00;27,68;27,76;0,000; Sync 
2024-01-17;01:03:00;27,61;27,75;0,000; Sync 
2024-01-17;01:04:00;27,54;27,69;0,000; Sync 
2024-01-17;01:05:00;27,49;27,68;0,000; Sync 
2024-01-17;01:06:00;27,41;27,62;0,000; Sync 
2024-01-17;01:07:00;27,35;27,56;0,000; Sync 
2024-01-17;01:08:00;27,29;27,53;0,000; Sync 
2024-01-17;01:09:00;27,26;27,52;0,000; Sync 
2024-01-17;01:10:00;27,20;27,46;0,000; Sync 
2024-01-17;01:11:00;27,16;27,43;0,000; Sync 
2024-01-17;01:12:00;27,07;27,40;0,000; Sync 
2024-01-17;01:13:00;27,02;27,37;0,000; Sync 
2024-01-17;01:14:00;26,99;27,35;0,000; Sync 
2024-01-17;01:15:00;26,90;27,27;0,000; Sync 
2024-01-17;01:16:00;26,89;27,26;0,000; Sync 
2024-01-17;01:17:00;26,82;27,21;0,000; Sync 
2024-01-17;01:18:00;26,78;27,18;0,000; Sync 
2024-01-17;01:19:00;26,70;27,12;0,000; Sync 
2024-01-17;01:20:00;26,69;27,12;0,000; Sync 
2024-01-17;01:21:00;26,62;27,08;0,000; Sync 
2024-01-17;01:22:00;26,57;27,04;0,000; Sync 
2024-01-17;01:23:00;26,47;26,95;0,000; Sync 
2024-01-17;01:24:00;26,47;26,95;0,000; Sync 
2024-01-17;01:25:00;26,39;26,89;0,000; Sync 
2024-01-17;01:26:00;26,35;26,86;0,000; Sync 
2024-01-17;01:27:00;26,31;26,82;0,000; Sync 
2024-01-17;01:28:00;26,25;26,80;0,000; Sync 
2024-01-17;01:29:00;26,22;26,76;0,000; Sync 
2024-01-17;01:30:00;26,15;26,69;0,000; Sync 
2024-01-17;01:31:00;26,09;26,64;0,000; Sync 
2024-01-17;01:32:00;26,09;26,64;0,000; Sync 
2024-01-17;01:33:00;26,03;26,61;0,000; Sync 
2024-01-17;01:34:00;25,98;26,57;0,000; Sync 
2024-01-17;01:35:00;25,93;26,51;0,000; Sync 
2024-01-17;01:36:00;25,84;26,46;0,000; Sync 
2024-01-17;01:37:00;25,84;26,45;0,000; Sync 
2024-01-17;01:38:00;25,78;26,39;0,000; Sync 
2024-01-17;01:39:00;25,76;26,40;0,000; Sync 
2024-01-17;01:40:00;25,70;26,35;0,000; Sync 
2024-01-17;01:41:00;25,66;26,27;0,000; Sync 
2024-01-17;01:42:00;25,63;26,29;0,000; Sync 
2024-01-17;01:43:00;25,55;26,21;0,000; Sync 
2024-01-17;01:44:00;25,54;26,21;0,000; Sync 
2024-01-17;01:45:00;25,50;26,16;0,000; Sync 
2024-01-17;01:46:00;25,41;26,12;0,000; Sync 
2024-01-17;01:47:00;25,39;26,06;0,000; Sync 
2024-01-17;01:48:00;25,34;26,06;0,000; Sync 
2024-01-17;01:49:00;25,32;26,02;0,000; Sync 
2024-01-17;01:50:00;25,25;26,00;0,000; Sync 
2024-01-17;01:51:00;25,21;25,94;0,000; Sync 
2024-01-17;01:52:00;25,16;25,91;0,000; Sync 
2024-01-17;01:53:00;25,13;25,85;0,000; Sync 
2024-01-17;01:54:00;25,10;25,86;0,000; Sync 
2024-01-17;01:55:00;25,07;25,83;0,000; Sync 
2024-01-17;01:56:00;25,00;25,80;0,000; Sync 
2024-01-17;01:57:00;24,99;25,77;0,000; Sync 
2024-01-17;01:58:00;24,96;25,76;0,000; Sync 
2024-01-17;01:59:00;24,89;25,69;0,000; Sync 
2024-01-17;02:00:00;24,83;25,64;0,000; Sync 
2024-01-17;02:01:00;24,84;25,63;0,000; Sync 
2024-01-17;02:02:00;24,78;25,62;0,000; Sync 
2024-01-17;02:03:00;24,72;25,56;0,000; Sync 
2024-01-17;02:04:00;24,72;25,55;0,000; Sync 
2024-01-17;02:05:00;24,66;25,53;0,000; Sync 
2024-01-17;02:06:00;24,60;25,49;0,000; Sync 
2024-01-17;02:07:00;24,59;25,44;0,000; Sync 
2024-01-17;02:08:00;24,49;25,38;0,000; Sync 
2024-01-17;02:09:00;24,51;25,39;0,000; Sync 
2024-01-17;02:10:00;24,46;25,36;0,000; Sync 
2024-01-17;02:11:00;24,46;25,36;0,000; Sync 
2024-01-17;02:12:00;24,38;25,31;0,000; Sync 
2024-01-17;02:13:00;24,36;25,30;0,000; Sync 
2024-01-17;02:14:00;24,30;25,23;0,000; Sync 
2024-01-17;02:15:00;24,28;25,21;0,000; Sync 
2024-01-17;02:16:00;24,23;25,19;0,000; Sync 
2024-01-17;02:17:00;24,19;25,15;0,000; Sync 
2024-01-17;02:18:00;24,20;25,16;0,000; Sync 
2024-01-17;02:19:00;24,14;25,06;0,000; Sync 
2024-01-17;02:20:00;24,11;25,06;0,000; Sync 
2024-01-17;02:21:00;24,10;25,08;0,000; Sync 
2024-01-17;02:22:00;24,03;25,02;0,000; Sync 
2024-01-17;02:23:00;24,02;24,99;0,000; Sync 
2024-01-17;02:24:00;24,01;24,98;0,000; Sync 
2024-01-17;02:25:00;23,96;24,98;0,000; Sync 
2024-01-17;02:26:00;23,90;24,90;0,000; Sync 
2024-01-17;02:27:00;23,87;24,90;0,000; Sync 
2024-01-17;02:28:00;23,88;24,88;0,000; Sync 
2024-01-17;02:29:00;23,83;24,83;0,000; Sync 
2024-01-17;02:30:00;23,78;24,82;0,000; Sync 
2024-01-17;02:31:00;23,73;24,77;0,000; Sync 
2024-01-17;02:32:00;23,67;24,71;0,000; Sync 
2024-01-17;02:33:00;23,67;24,73;0,000; Sync 
2024-01-17;02:34:00;23,66;24,73;0,000; Sync 
2024-01-17;02:35:00;23,65;24,70;0,000; Sync 
2024-01-17;02:36:00;23,57;24,62;0,000; Sync 
2024-01-17;02:37:00;23,59;24,62;0,000; Sync 
2024-01-17;02:38:00;23,52;24,58;0,000; Sync 
2024-01-17;02:39:00;23,50;24,57;0,000; Sync 
2024-01-17;02:40:00;23,49;24,55;0,000; Sync 
2024-01-17;02:41:00;23,43;24,49;0,000; Sync 
2024-01-17;02:42:00;23,44;24,49;0,000; Sync 
2024-01-17;02:43:00;23,37;24,47;0,000; Sync 
2024-01-17;02:44:00;23,37;24,46;0,000; Sync 
2024-01-17;02:45:00;23,33;24,42;0,000; Sync 
2024-01-17;02:46:00;23,28;24,37;0,000; Sync 
2024-01-17;02:47:00;23,25;24,38;0,000; Sync 
2024-01-17;02:48:00;23,24;24,36;0,000; Sync 
2024-01-17;02:49:00;23,26;24,37;0,000; Sync 
2024-01-17;02:50:00;23,19;24,32;0,000; Sync 
2024-01-17;02:51:00;23,18;24,29;0,000; Sync 
2024-01-17;02:52:00;23,11;24,23;0,000; Sync 
2024-01-17;02:53:00;23,14;24,25;0,000; Sync 
2024-01-17;02:54:00;23,07;24,18;0,000; Sync 
2024-01-17;02:55:00;23,08;24,21;0,000; Sync 
2024-01-17;02:56:00;23,04;24,17;0,000; Sync 
2024-01-17;02:57:00;23,03;24,15;0,000; Sync 
2024-01-17;02:58:00;23,00;24,13;0,000; Sync 
2024-01-17;02:59:00;22,97;24,11;0,000; Sync 
2024-01-17;03:00:00;22,91;24,06;0,000; Sync 
2024-01-17;03:01:00;22,87;24,02;0,000; Sync 
2024-01-17;03:02:00;22,86;24,03;0,000; Sync 
2024-01-17;03:03:00;22,83;23,99;0,000; Sync 
2024-01-17;03:04:00;22,84;23,99;0,000; Sync 
2024-01-17;03:05:00;22,76;23,92;0,000; Sync 
2024-01-17;03:06:00;22,80;23,96;0,000; Sync 
2024-01-17;03:07:00;22,78;23,92;0,000; Sync 
2024-01-17;03:08:00;22,74;23,91;0,000; Sync 
2024-01-17;03:09:00;22,69;23,88;0,000; Sync 
2024-01-17;03:10:00;22,68;23,86;0,000; Sync 
2024-01-17;03:11:00;22,66;23,86;0,000; Sync 
2024-01-17;03:12:00;22,64;23,80;0,000; Sync 
2024-01-17;03:13:00;22,58;23,76;0,000; Sync 
2024-01-17;03:14:00;22,56;23,73;0,000; Sync 
2024-01-17;03:15:00;22,58;23,76;0,000; Sync 
2024-01-17;03:16:00;22,56;23,73;0,000; Sync 
2024-01-17;03:17:00;22,48;23,66;0,000; Sync 
2024-01-17;03:18:00;22,46;23,65;0,000; Sync 
2024-01-17;03:19:00;22,46;23,66;0,000; Sync 
2024-01-17;03:20:00;22,42;23,61;0,000; Sync 
2024-01-17;03:21:00;22,40;23,60;0,000; Sync 
2024-01-17;03:22:00;22,39;23,58;0,000; Sync 
2024-01-17;03:23:00;22,33;23,56;0,000; Sync 
2024-01-17;03:24:00;22,34;23,54;0,000; Sync 
2024-01-17;03:25:00;22,32;23,53;0,000; Sync 
2024-01-17;03:26:00;22,30;23,51;0,000; Sync 
2024-01-17;03:27:00;22,25;23,49;0,000; Sync 
2024-01-17;03:28:00;22,22;23,43;0,000; Sync 
2024-01-17;03:29:00;22,25;23,47;0,000; Sync 
2024-01-17;03:30:00;22,19;23,41;0,000; Sync 
2024-01-17;03:31:00;22,17;23,38;0,000; Sync 
2024-01-17;03:32:00;22,15;23,37;0,000; Sync 
2024-01-17;03:33:00;22,12;23,34;0,000; Sync 
2024-01-17;03:34:00;22,12;23,36;0,000; Sync 
2024-01-17;03:35:00;22,07;23,32;0,000; Sync 
2024-01-17;03:36:00;22,07;23,30;0,000; Sync 
2024-01-17;03:37:00;22,06;23,29;0,000; Sync 
2024-01-17;03:38:00;22,04;23,28;0,000; Sync 
2024-01-17;03:39:00;22,04;23,27;0,000; Sync 
2024-01-17;03:40:00;22,03;23,27;0,000; Sync 
2024-01-17;03:41:00;21,95;23,19;0,000; Sync 
2024-01-17;03:42:00;21,95;23,18;0,000; Sync 
2024-01-17;03:43:00;21,94;23,18;0,000; Sync 
2024-01-17;03:44:00;21,90;23,15;0,000; Sync 
2024-01-17;03:45:00;21,88;23,14;0,000; Sync 
2024-01-17;03:46:00;21,83;23,09;0,000; Sync 
2024-01-17;03:47:00;21,85;23,10;0,000; Sync 
2024-01-17;03:48:00;21,84;23,10;0,000; Sync 
2024-01-17;03:49:00;21,79;23,05;0,000; Sync 
2024-01-17;03:50:00;21,78;23,05;0,000; Sync 
2024-01-17;03:51:00;21,79;23,05;0,000; Sync 
2024-01-17;03:52:00;21,74;22,99;0,000; Sync 
2024-01-17;03:53:00;21,77;23,04;0,000; Sync 
2024-01-17;03:54:00;21,72;22,99;0,000; Sync 
2024-01-17;03:55:00;21,69;22,96;0,000; Sync 
2024-01-17;03:56:00;21,63;22,89;0,000; Sync 
2024-01-17;03:57:00;21,68;22,95;0,000; Sync 
2024-01-17;03:58:00;21,67;22,95;0,000; Sync 
2024-01-17;03:59:00;21,66;22,92;0,000; Sync 
2024-01-17;04:00:00;21,59;22,85;0,000; Sync 
2024-01-17;04:01:00;21,60;22,88;0,000; Sync 
2024-01-17;04:02:00;21,59;22,87;0,000; Sync 
2024-01-17;04:03:00;21,56;22,83;0,000; Sync 
2024-01-17;04:04:00;21,57;22,80;0,000; Sync 
2024-01-17;04:05:00;21,52;22,77;0,000; Sync 
2024-01-17;04:06:00;21,51;22,78;0,000; Sync 
2024-01-17;04:07:00;21,51;22,77;0,000; Sync 
2024-01-17;04:08:00;21,49;22,76;0,000; Sync 
2024-01-17;04:09:00;21,49;22,75;0,000; Sync 
2024-01-17;04:10:00;21,44;22,72;0,000; Sync 
2024-01-17;04:11:00;21,43;22,68;0,000; Sync 
2024-01-17;04:12:00;21,44;22,71;0,000; Sync 
2024-01-17;04:13:00;21,40;22,68;0,000; Sync 
2024-01-17;04:14:00;21,43;22,68;0,000; Sync 
2024-01-17;04:15:00;21,37;22,64;0,000; Sync 
2024-01-17;04:16:00;21,33;22,60;0,000; Sync 
2024-01-17;04:17:00;21,33;22,62;0,000; Sync 
2024-01-17;04:18:00;21,33;22,60;0,000; Sync 
2024-01-17;04:19:00;21,28;22,58;0,000; Sync 
2024-01-17;04:20:00;21,31;22,59;0,000; Sync 
2024-01-17;04:21:00;21,28;22,55;0,000; Sync 
2024-01-17;04:22:00;21,27;22,52;0,000; Sync 
2024-01-17;04:23:00;21,27;22,53;0,000; Sync 
2024-01-17;04:24:00;21,22;22,48;0,000; Sync 
2024-01-17;04:25:00;21,22;22,46;0,000; Sync 
2024-01-17;04:26:00;21,18;22,43;0,000; Sync 
2024-01-17;04:27:00;21,19;22,44;0,000; Sync 
2024-01-17;04:28:00;21,15;22,40;0,000; Sync 
2024-01-17;04:29:00;21,15;22,39;0,000; Sync 
2024-01-17;04:30:00;21,09;22,36;0,000; Sync 
2024-01-17;04:31:00;21,13;22,37;0,000; Sync 
2024-01-17;04:32:00;21,09;22,34;0,000; Sync 
2024-01-17;04:33:00;21,12;22,36;0,000; Sync 
2024-01-17;04:34:00;21,07;22,31;0,000; Sync 
2024-01-17;04:35:00;21,08;22,34;0,000; Sync 
2024-01-17;04:36:00;21,03;22,30;0,000; Sync 
2024-01-17;04:37:00;21,04;22,30;0,000; Sync 
2024-01-17;04:38:00;21,02;22,25;0,000; Sync 
2024-01-17;04:39:00;21,03;22,27;0,000; Sync 
2024-01-17;04:40:00;21,02;22,27;0,000; Sync 
2024-01-17;04:41:00;20,97;22,21;0,000; Sync 
2024-01-17;04:42:00;20,99;22,24;0,000; Sync 
2024-01-17;04:43:00;20,93;22,17;0,000; Sync 
2024-01-17;04:44:00;20,97;22,23;0,000; Sync 
2024-01-17;04:45:00;20,94;22,17;0,000; Sync 
2024-01-17;04:46:00;20,88;22,12;0,000; Sync 
2024-01-17;04:47:00;20,87;22,11;0,000; Sync 
2024-01-17;04:48:00;20,90;22,14;0,000; Sync 
2024-01-17;04:49:00;20,89;22,14;0,000; Sync 
2024-01-17;04:50:00;20,88;22,12;0,000; Sync 
2024-01-17;04:51:00;20,83;22,07;0,000; Sync 
2024-01-17;04:52:00;20,84;22,08;0,000; Sync 
2024-01-17;04:53:00;20,82;22,03;0,000; Sync 
2024-01-17;04:54:00;20,82;22,05;0,000; Sync 
2024-01-17;04:55:00;20,83;22,07;0,000; Sync 
2024-01-17;04:56:00;20,82;22,02;0,000; Sync 
2024-01-17;04:57:00;20,81;22,05;0,000; Sync 
2024-01-17;04:58:00;20,75;21,96;0,000; Sync 
2024-01-17;04:59:00;20,73;21,98;0,000; Sync 
2024-01-17;05:00:00;20,76;21,98;0,000; Sync 
2024-01-17;05:01:00;20,73;21,94;0,000; Sync 
2024-01-17;05:02:00;20,72;21,91;0,000; Sync 
2024-01-17;05:03:00;20,69;21,94;0,000; Sync 
2024-01-17;05:04:00;20,70;21,90;0,000; Sync 
2024-01-17;05:05:00;20,67;21,89;0,000; Sync 
2024-01-17;05:06:00;20,69;21,91;0,000; Sync 
2024-01-17;05:07:00;20,67;21,88;0,000; Sync 
2024-01-17;05:08:00;20,64;21,85;0,000; Sync 
2024-01-17;05:09:00;20,63;21,82;0,000; Sync 
2024-01-17;05:10:00;20,58;21,79;0,000; Sync 
2024-01-17;05:11:00;20,61;21,80;0,000; Sync 
2024-01-17;05:12:00;20,62;21,82;0,000; Sync 
2024-01-17;05:13:00;20,62;21,79;0,000; Sync 
2024-01-17;05:14:00;20,59;21,79;0,000; Sync 
2024-01-17;05:15:00;20,58;21,77;0,000; Sync 
2024-01-17;05:16:00;20,57;21,76;0,000; Sync 
2024-01-17;05:17:00;20,55;21,74;0,000; Sync 
2024-01-17;05:18:00;20,55;21,75;0,000; Sync 
2024-01-17;05:19:00;20,50;21,70;0,000; Sync 
2024-01-17;05:20:00;20,52;21,70;0,000; Sync 
2024-01-17;05:21:00;20,50;21,70;0,000; Sync 
2024-01-17;05:22:00;20,50;21,67;0,000; Sync 
2024-01-17;05:23:00;20,49;21,68;0,000; Sync 
2024-01-17;05:24:00;20,49;21,65;0,000; Sync 
2024-01-17;05:25:00;20,44;21,61;0,000; Sync 
2024-01-17;05:26:00;20,47;21,66;0,000; Sync 
2024-01-17;05:27:00;20,49;21,65;0,000; Sync 
2024-01-17;05:28:00;20,45;21,62;0,000; Sync 
2024-01-17;05:29:00;20,44;21,60;0,000; Sync 
2024-01-17;05:30:00;20,39;21,56;0,000; Sync 
2024-01-17;05:31:00;20,44;21,61;0,000; Sync 
2024-01-17;05:32:00;20,43;21,58;0,000; Sync 
2024-01-17;05:33:00;20,35;21,51;0,000; Sync 
2024-01-17;05:34:00;20,37;21,53;0,000; Sync 
2024-01-17;05:35:00;20,37;21,52;0,000; Sync 
2024-01-17;05:36:00;20,34;21,49;0,000; Sync 
2024-01-17;05:37:00;20,35;21,50;0,000; Sync 
2024-01-17;05:38:00;20,33;21,48;0,000; Sync 
2024-01-17;05:39:00;20,31;21,45;0,000; Sync 
2024-01-17;05:40:00;20,32;21,47;0,000; Sync 
2024-01-17;05:41:00;20,30;21,42;0,000; Sync 
2024-01-17;05:42:00;20,29;21,41;0,000; Sync 
2024-01-17;05:43:00;20,25;21,39;0,000; Sync 
2024-01-17;05:44:00;20,31;21,42;0,000; Sync 
2024-01-17;05:45:00;20,27;21,40;0,000; Sync 
2024-01-17;05:46:00;20,27;21,38;0,000; Sync 
2024-01-17;05:47:00;20,22;21,38;0,000; Sync 
2024-01-17;05:48:00;20,25;21,38;0,000; Sync 
2024-01-17;05:49:00;20,24;21,36;0,000; Sync 
2024-01-17;05:50:00;20,24;21,33;0,000; Sync 
2024-01-17;05:51:00;20,23;21,36;0,000; Sync 
2024-01-17;05:52:00;20,25;21,37;0,000; Sync 
2024-01-17;05:53:00;20,18;21,28;0,000; Sync 
2024-01-17;05:54:00;20,17;21,28;0,000; Sync 
2024-01-17;05:55:00;20,18;21,30;0,000; Sync 
2024-01-17;05:56:00;20,21;21,31;0,000; Sync 
2024-01-17;05:57:00;20,19;21,29;0,000; Sync 
2024-01-17;05:58:00;20,15;21,24;0,000; Sync 
2024-01-17;05:59:00;20,14;21,24;0,000; Sync 
2024-01-17;06:00:00;20,14;21,22;0,000; Sync 
2024-01-17;06:01:00;20,16;21,24;0,000; Sync 
2024-01-17;06:02:00;20,10;21,20;0,000; Sync 
2024-01-17;06:03:00;20,11;21,18;0,000; Sync 
2024-01-17;06:04:00;20,11;21,16;0,000; Sync 
2024-01-17;06:05:00;20,14;21,21;0,000; Sync 
2024-01-17;06:06:00;20,12;21,19;0,000; Sync 
2024-01-17;06:07:00;20,09;21,15;0,000; Sync 
2024-01-17;06:08:00;20,12;21,18;0,000; Sync 
2024-01-17;06:09:00;20,06;21,13;0,000; Sync 
2024-01-17;06:10:00;20,08;21,14;0,000; Sync 
2024-01-17;06:11:00;20,06;21,13;0,000; Sync 
2024-01-17;06:12:00;20,06;21,13;0,000; Sync 
2024-01-17;06:13:00;20,04;21,10;0,000; Sync 
2024-01-17;06:14:00;20,03;21,07;0,000; Sync 
2024-01-17;06:15:00;20,06;21,12;0,000; Sync 
2024-01-17;06:16:00;20,03;21,08;0,000; Sync 
2024-01-17;06:17:00;20,01;21,06;0,000; Sync 
2024-01-17;06:18:00;20,01;21,03;0,000; Sync 
2024-01-17;06:19:00;20,00;21,04;0,000; Sync 
2024-01-17;06:20:00;20,00;21,02;0,000; Sync 
2024-01-17;06:21:00;19,97;21,00;0,000; Sync 
2024-01-17;06:22:00;19,97;20,99;0,000; Sync 
2024-01-17;06:23:00;19,97;21,00;0,000; Sync 
2024-01-17;06:24:00;19,97;21,00;0,000; Sync 
2024-01-17;06:25:00;19,95;20,98;0,000; Sync 
2024-01-17;06:26:00;19,96;20,96;0,000; Sync 
2024-01-17;06:27:00;19,93;20,95;0,000; Sync 
2024-01-17;06:28:00;19,92;20,94;0,000; Sync 
2024-01-17;06:29:00;19,93;20,94;0,000; Sync 
2024-01-17;06:30:00;19,93;20,93;0,000; Sync 
2024-01-17;06:31:00;19,89;20,87;0,000; Sync 
2024-01-17;06:32:00;19,90;20,91;0,000; Sync 
2024-01-17;06:33:00;19,94;20,95;0,000; Sync 
2024-01-17;06:34:00;19,92;20,90;0,000; Sync 
2024-01-17;06:35:00;19,91;20,89;0,000; Sync 
2024-01-17;06:36:00;19,89;20,88;0,000; Sync 
2024-01-17;06:37:00;19,86;20,86;0,000; Sync 
2024-01-17;06:38:00;19,90;20,89;0,000; Sync 
2024-01-17;06:39:00;19,85;20,85;0,000; Sync 
2024-01-17;06:40:00;19,84;20,84;0,000; Sync 
2024-01-17;06:41:00;19,87;20,83;0,000; Sync 
2024-01-17;06:42:00;19,88;20,86;0,000; Sync 
2024-01-17;06:43:00;19,87;20,81;0,000; Sync 
2024-01-17;06:44:00;19,82;20,79;0,000; Sync 
2024-01-17;06:45:00;19,84;20,80;0,000; Sync 
2024-01-17;06:46:00;19,84;20,77;0,000; Sync 
2024-01-17;06:47:00;19,81;20,76;0,000; Sync 
2024-01-17;06:48:00;19,84;20,80;0,000; Sync 
2024-01-17;06:49:00;19,82;20,76;0,000; Sync 
2024-01-17;06:50:00;19,78;20,72;0,000; Sync 
2024-01-17;06:51:00;19,77;20,71;0,000; Sync 
2024-01-17;06:52:00;19,80;20,73;0,000; Sync 
2024-01-17;06:53:00;19,79;20,73;0,000; Sync 
2024-01-17;06:54:00;19,80;20,74;0,000; Sync 
2024-01-17;06:55:00;19,74;20,68;0,000; Sync 
2024-01-17;06:56:00;19,74;20,69;0,000; Sync 
2024-01-17;06:57:00;19,77;20,69;0,000; Sync 
2024-01-17;06:58:00;19,77;20,69;0,000; Sync 
2024-01-17;06:59:00;19,73;20,65;0,000; Sync 
2024-01-17;07:00:00;19,74;20,66;0,000; Sync 
2024-01-17;07:01:00;19,74;20,66;0,000; Sync 
2024-01-17;07:02:00;19,72;20,64;0,000; Sync 
2024-01-17;07:03:00;19,74;20,67;0,000; Sync 
2024-01-17;07:04:00;19,68;20,59;0,000; Sync 
2024-01-17;07:05:00;19,73;20,62;0,000; Sync 
2024-01-17;07:06:00;19,71;20,61;0,000; Sync 
2024-01-17;07:07:00;19,73;20,60;0,000; Sync 
2024-01-17;07:08:00;19,69;20,59;0,000; Sync 
2024-01-17;07:09:00;19,66;20,56;0,000; Sync 
2024-01-17;07:10:00;19,67;20,58;0,000; Sync 
2024-01-17;07:11:00;19,68;20,57;0,000; Sync 
2024-01-17;07:12:00;19,67;20,53;0,000; Sync 
2024-01-17;07:13:00;19,67;20,57;0,000; Sync 
2024-01-17;07:14:00;19,64;20,51;0,000; Sync 
2024-01-17;07:15:00;19,68;20,55;0,000; Sync 
2024-01-17;07:16:00;19,66;20,55;0,000; Sync 
2024-01-17;07:17:00;19,65;20,52;0,000; Sync 
2024-01-17;07:18:00;19,64;20,51;0,000; Sync 
2024-01-17;07:19:00;19,63;20,49;0,000; Sync 
2024-01-17;07:20:00;19,63;20,48;0,000; Sync 
2024-01-17;07:21:00;19,67;20,51;0,000; Sync 
2024-01-17;07:22:00;19,65;20,47;0,000; Sync 
2024-01-17;07:23:00;19,65;20,50;0,000; Sync 
2024-01-17;07:24:00;19,60;20,45;0,000; Sync 
2024-01-17;07:25:00;19,64;20,47;0,000; Sync 
2024-01-17;07:26:00;19,60;20,45;0,000; Sync 
2024-01-17;07:27:00;19,64;20,48;0,000; Sync 
2024-01-17;07:28:00;19,63;20,46;0,000; Sync 
2024-01-17;07:29:00;19,61;20,45;0,000; Sync 
2024-01-17;07:30:00;19,60;20,42;0,000; Sync 
2024-01-17;07:31:00;19,59;20,41;0,000; Sync 
2024-01-17;07:32:00;19,60;20,42;0,000; Sync 
2024-01-17;07:33:00;19,58;20,39;0,000; Sync 
2024-01-17;07:34:00;19,62;20,43;0,000; Sync 
2024-01-17;07:35:00;19,57;20,38;0,000; Sync 
2024-01-17;07:36:00;19,56;20,36;0,000; Sync 
2024-01-17;07:37:00;19,59;20,40;0,000; Sync 
2024-01-17;07:38:00;19,55;20,34;0,000; Sync 
2024-01-17;07:39:00;19,54;20,33;0,000; Sync 
2024-01-17;07:40:00;19,58;20,36;0,000; Sync 
2024-01-17;07:41:00;19,60;20,39;0,000; Sync 
2024-01-17;07:42:00;19,55;20,33;0,000; Sync 
2024-01-17;07:43:00;19,57;20,34;0,000; Sync 
2024-01-17;07:44:00;19,55;20,32;0,000; Sync 
2024-01-17;07:45:00;19,57;20,34;0,000; Sync 
2024-01-17;07:46:00;19,58;20,34;0,000; Sync 
2024-01-17;07:47:00;19,56;20,31;0,000; Sync 
2024-01-17;07:48:00;19,59;20,33;0,000; Sync 
2024-01-17;07:49:00;19,53;20,31;0,000; Sync 
2024-01-17;07:50:00;19,54;20,29;0,000; Sync 
2024-01-17;07:51:00;19,55;20,28;0,000; Sync 
2024-01-17;07:52:00;19,55;20,26;0,000; Sync 
2024-01-17;07:53:00;19,55;20,27;0,000; Sync 
2024-01-17;07:54:00;19,55;20,30;0,000; Sync 
2024-01-17;07:55:00;19,53;20,25;0,000; Sync 
2024-01-17;07:56:00;19,51;20,26;0,000; Sync 
2024-01-17;07:57:00;19,50;20,22;0,000; Sync 
2024-01-17;07:58:00;19,53;20,23;0,000; Sync 
2024-01-17;07:59:00;19,51;20,23;0,000; Sync 
2024-01-17;08:00:00;19,52;20,24;0,000; Sync 
2024-01-17;08:01:00;19,50;20,21;0,000; Sync 
2024-01-17;08:02:00;19,46;20,17;0,000; Sync 
2024-01-17;08:03:00;19,49;20,20;0,000; Sync 
2024-01-17;08:04:00;19,47;20,17;0,000; Sync 
2024-01-17;08:05:00;19,47;20,17;0,000; Sync 
2024-01-17;08:06:00;19,47;20,17;0,000; Sync 
2024-01-17;08:07:00;19,47;20,16;0,000; Sync 
2024-01-17;08:08:00;19,45;20,15;0,000; Sync 
2024-01-17;08:09:00;19,47;20,19;0,000; Sync 
2024-01-17;08:10:00;19,44;20,13;0,000; Sync 
2024-01-17;08:11:00;19,43;20,12;0,000; Sync 
2024-01-17;08:12:00;19,42;20,10;0,000; Sync 
2024-01-17;08:13:00;19,43;20,12;0,000; Sync 
2024-01-17;08:14:00;19,41;20,09;0,000; Sync 
2024-01-17;08:15:00;19,43;20,15;0,000; Sync 
2024-01-17;08:16:00;19,43;20,10;0,000; Sync 
2024-01-17;08:17:00;19,39;20,04;0,000; Sync 
2024-01-17;08:18:00;19,42;20,09;0,000; Sync 
2024-01-17;08:19:00;19,39;20,06;0,000; Sync 
2024-01-17;08:20:00;19,38;20,06;0,000; Sync 
2024-01-17;08:21:00;19,41;20,05;0,000; Sync 
2024-01-17;08:22:00;19,38;20,02;0,000; Sync 
2024-01-17;08:23:00;19,42;20,08;0,000; Sync 
2024-01-17;08:24:00;19,40;20,05;0,000; Sync 
2024-01-17;08:25:00;19,37;19,99;0,000; Sync 
2024-01-17;08:26:00;19,38;20,02;0,000; Sync 
2024-01-17;08:27:00;19,40;20,06;0,000; Sync 
2024-01-17;08:28:00;19,39;20,01;0,000; Sync 
2024-01-17;08:29:00;19,39;20,02;0,000; Sync 
2024-01-17;08:30:00;19,38;19,99;0,000; Sync 
2024-01-17;08:31:00;19,42;20,02;0,000; Sync 
2024-01-17;08:32:00;19,37;19,98;0,000; Sync 
2024-01-17;08:33:00;19,41;20,00;0,000; Sync 
2024-01-17;08:34:00;19,34;19,94;0,000; Sync 
2024-01-17;08:35:00;19,35;19,95;0,000; Sync 
2024-01-17;08:36:00;19,35;19,95;0,000; Sync 
2024-01-17;08:37:00;19,33;19,96;0,000; Sync 
2024-01-17;08:38:00;19,35;19,94;0,000; Sync 
2024-01-17;08:39:00;19,35;19,96;0,000; Sync 
2024-01-17;08:40:00;19,34;19,92;0,000; Sync 
2024-01-17;08:41:00;19,35;19,91;0,000; Sync 
2024-01-17;08:42:00;19,34;19,90;0,000; Sync 
2024-01-17;08:43:00;19,26;19,84;0,000; Sync 
2024-01-17;08:44:00;19,22;19,79;0,000; Sync 
2024-01-17;08:45:00;19,18;19,74;0,000; Sync 
2024-01-17;08:46:00;19,17;19,69;0,000; Sync 
2024-01-17;08:47:00;19,10;19,63;0,000; Sync 
2024-01-17;08:48:00;19,05;19,56;0,000; Sync 
2024-01-17;08:49:00;18,98;19,50;0,000; Sync 
2024-01-17;08:50:00;18,95;19,46;0,000; Sync 
2024-01-17;08:51:00;18,84;19,37;0,000; Sync 
2024-01-17;08:52:00;18,82;19,29;0,000; Sync 
2024-01-17;08:53:00;18,75;19,21;0,000; Sync 
2024-01-17;08:54:00;18,70;19,15;0,000; Sync 
2024-01-17;08:55:00;18,61;19,04;0,000; Sync 
2024-01-17;08:56:00;18,57;18,98;0,000; Sync 
2024-01-17;08:57:00;18,46;18,86;0,000; Sync 
2024-01-17;08:58:00;18,39;18,75;0,000; Sync 
2024-01-17;08:59:00;18,40;18,73;0,000; Sync 
2024-01-17;09:00:00;18,29;18,59;0,000; Sync 
2024-01-17;09:01:00;18,24;18,53;0,000; Sync 
2024-01-17;09:02:00;18,16;18,40;0,000; Sync 
2024-01-17;09:03:00;18,08;18,32;0,000; Sync 
2024-01-17;09:04:00;18,01;18,24;0,000; Sync 
2024-01-17;09:05:00;17,95;18,16;0,000; Sync 
2024-01-17;09:06:00;17,84;18,02;0,000; Sync 
2024-01-17;09:07:00;17,82;17,96;0,000; Sync 
2024-01-17;09:08:00;17,73;17,85;0,000; Sync 
2024-01-17;09:09:00;17,65;17,73;0,000; Sync 
2024-01-17;09:10:00;17,61;17,67;0,000; Sync 
2024-01-17;09:11:00;17,59;17,61;0,000; Sync 
2024-01-17;09:12:00;17,52;17,50;0,000; Sync 
2024-01-17;09:13:00;17,48;17,41;0,000; Sync 
2024-01-17;09:14:00;17,41;17,30;0,000; Sync 
2024-01-17;09:15:00;17,40;17,28;0,000; Sync 
2024-01-17;09:16:00;17,34;17,18;0,000; Sync 
2024-01-17;09:17:00;17,29;17,12;0,000; Sync 
2024-01-17;09:18:00;17,24;17,03;0,000; Sync 
2024-01-17;09:19:00;17,18;16,93;0,000; Sync 
2024-01-17;09:20:00;17,14;16,89;0,000; Sync 
2024-01-17;09:21:00;17,08;16,81;0,000; Sync 
2024-01-17;09:22:00;17,02;16,74;0,000; Sync 
2024-01-17;09:23:00;16,91;16,64;0,000; Sync 
2024-01-17;09:24:00;16,87;16,56;0,000; Sync 
2024-01-17;09:25:00;16,78;16,48;0,000; Sync 
2024-01-17;09:26:00;16,74;16,40;0,000; Sync 
2024-01-17;09:27:00;16,63;16,33;0,000; Sync 
2024-01-17;09:28:00;16,58;16,23;0,000; Sync 
2024-01-17;09:29:00;16,52;16,16;0,000; Sync 
2024-01-17;09:30:00;16,46;16,09;0,000; Sync 
2024-01-17;09:31:00;16,42;16,02;0,000; Sync 
2024-01-17;09:32:00;16,36;15,94;0,000; Sync 
2024-01-17;09:33:00;16,30;15,84;0,000; Sync 
2024-01-17;09:34:00;16,29;15,80;0,000; Sync 
2024-01-17;09:35:00;16,19;15,69;0,000; Sync 
2024-01-17;09:36:00;16,09;15,58;0,000; Sync 
2024-01-17;09:37:00;16,07;15,53;0,000; Sync 
2024-01-17;09:38:00;15,99;15,43;0,000; Sync 
2024-01-17;09:39:00;15,95;15,39;0,000; Sync 
2024-01-17;09:40:00;15,90;15,34;0,000; Sync 
2024-01-17;09:41:00;15,81;15,22;0,000; Sync 
2024-01-17;09:42:00;15,75;15,17;0,000; Sync 
2024-01-17;09:43:00;15,68;15,08;0,000; Sync 
2024-01-17;09:44:00;15,61;14,97;0,000; Sync 
2024-01-17;09:45:00;15,51;14,91;0,000; Sync 
2024-01-17;09:46:00;15,44;14,81;0,000; Sync 
2024-01-17;09:47:00;15,41;14,75;0,000; Sync 
2024-01-17;09:48:00;15,37;14,70;0,000; Sync 
2024-01-17;09:49:00;15,29;14,60;0,000; Sync 
2024-01-17;09:50:00;15,21;14,51;0,000; Sync 
2024-01-17;09:51:00;15,19;14,48;0,000; Sync 
2024-01-17;09:52:00;15,11;14,37;0,000; Sync 
2024-01-17;09:53:00;15,04;14,26;0,000; Sync 
2024-01-17;09:54:00;14,95;14,19;0,000; Sync 
2024-01-17;09:55:00;14,89;14,11;0,000; Sync 
2024-01-17;09:56:00;14,87;14,05;0,000; Sync 
2024-01-17;09:57:00;14,75;13,94;0,000; Sync 
2024-01-17;09:58:00;14,74;13,91;0,000; Sync 
2024-01-17;09:59:00;14,66;13,81;0,000; Sync 
2024-01-17;10:00:00;14,59;13,75;0,000; Sync 
2024-01-17;10:01:00;14,55;13,67;0,000; Sync 
2024-01-17;10:02:00;14,46;13,59;0,000; Sync 
2024-01-17;10:03:00;14,39;13,48;0,000; Sync 
2024-01-17;10:04:00;14,36;13,41;0,000; Sync 
2024-01-17;10:05:00;14,30;13,34;0,000; Sync 
2024-01-17;10:06:00;14,24;13,26;0,000; Sync 
2024-01-17;10:07:00;14,18;13,17;0,000; Sync 
2024-01-17;10:08:00;14,09;13,12;0,000; Sync 
2024-01-17;10:09:00;14,05;13,03;0,000; Sync 
2024-01-17;10:10:00;13,97;12,95;0,000; Sync 
2024-01-17;10:11:00;13,92;12,87;0,000; Sync 
2024-01-17;10:12:00;13,81;12,77;0,000; Sync 
2024-01-17;10:13:00;13,79;12,74;0,000; Sync 
2024-01-17;10:14:00;13,69;12,64;0,000; Sync 
2024-01-17;10:15:00;13,64;12,58;0,000; Sync 
2024-01-17;10:16:00;13,59;12,52;0,000; Sync 
2024-01-17;10:17:00;13,52;12,44;0,000; Sync 
2024-01-17;10:18:00;13,46;12,35;0,000; Sync 
2024-01-17;10:19:00;13,41;12,32;0,000; Sync 
2024-01-17;10:20:00;13,32;12,22;0,000; Sync 
2024-01-17;10:21:00;13,24;12,12;0,000; Sync 
2024-01-17;10:22:00;13,18;12,06;0,000; Sync 
2024-01-17;10:23:00;13,12;12,00;0,000; Sync 
2024-01-17;10:24:00;13,03;11,88;0,000; Sync 
2024-01-17;10:25:00;12,94;11,79;0,000; Sync 
2024-01-17;10:26:00;12,89;11,72;0,000; Sync 
2024-01-17;10:27:00;12,85;11,66;0,000; Sync 
2024-01-17;10:28:00;12,77;11,56;0,000; Sync 
2024-01-17;10:29:00;12,73;11,48;0,000; Sync 
2024-01-17;10:30:00;12,64;11,38;0,000; Sync 
2024-01-17;10:31:00;12,56;11,33;0,000; Sync 
2024-01-17;10:32:00;12,52;11,24;0,000; Sync 
2024-01-17;10:33:00;12,44;11,16;0,000; Sync 
2024-01-17;10:34:00;12,37;11,10;0,000; Sync 
2024-01-17;10:35:00;12,32;11,01;0,000; Sync 
2024-01-17;10:36:00;12,18;10,89;0,000; Sync 
2024-01-17;10:37:00;12,15;10,83;0,000; Sync 
2024-01-17;10:38:00;12,08;10,75;0,000; Sync 
2024-01-17;10:39:00;11,99;10,66;0,000; Sync 
2024-01-17;10:40:00;11,94;10,61;0,000; Sync 
2024-01-17;10:41:00;11,88;10,51;0,000; Sync 
2024-01-17;10:42:00;11,79;10,44;0,000; Sync 
2024-01-17;10:43:00;11,68;10,33;0,000; Sync 
2024-01-17;10:44:00;11,61;10,27;0,000; Sync 
2024-01-17;10:45:00;11,56;10,21;0,000; Sync 
2024-01-17;10:46:00;11,51;10,13;0,000; Sync 
2024-01-17;10:47:00;11,41;10,04;0,000; Sync 
2024-01-17;10:48:00;11,36;9,97;0,000; Sync 
2024-01-17;10:49:00;11,29;9,91;0,000; Sync 
2024-01-17;10:50:00;11,22;9,83;0,000; Sync 
2024-01-17;10:51:00;11,12;9,73;0,000; Sync 
2024-01-17;10:52:00;11,06;9,68;0,000; Sync 
2024-01-17;10:53:00;11,04;9,63;0,000; Sync 
2024-01-17;10:54:00;10,94;9,54;0,000; Sync 
2024-01-17;10:55:00;10,88;9,47;144,921; Sync 
2024-01-17;10:56:00;17,24;19,53;456,329; Sync 
2024-01-17;10:57:00;22,93;23,98;459,690; Sync 
2024-01-17;10:58:00;24,78;25,37;459,547; Sync 
2024-01-17;10:59:00;25,41;25,83;460,643; Sync 
2024-01-17;11:00:00;25,60;25,94;1402,593; Sync 
2024-01-17;11:01:00;26,23;26,49;1393,513; Sync 
2024-01-17;11:02:00;28,85;27,20;647,649; Sync 
2024-01-17;11:03:00;32,31;27,63;464,405; Sync 
2024-01-17;11:04:00;34,06;27,81;489,202; Sync 
2024-01-17;11:05:00;34,61;28,01;624,724; Sync 
2024-01-17;11:06:00;35,28;28,47;744,460; Sync 
2024-01-17;11:07:00;35,68;28,90;863,082; Sync 
2024-01-17;11:08:00;35,88;29,40;916,820; Sync 
2024-01-17;11:09:00;36,34;29,91;963,872; Sync 
2024-01-17;11:10:00;36,71;30,29;1034,150; Sync 
2024-01-17;11:11:00;37,05;30,73;1077,390; Sync 
2024-01-17;11:12:00;37,22;30,99;1124,173; Sync 
2024-01-17;11:13:00;35,58;31,39;2060,437; Sync 
2024-01-17;11:14:00;32,76;31,91;2060,787; Sync 
2024-01-17;11:15:00;28,66;32,38;2061,407; Sync 
2024-01-17;11:16:00;32,92;32,49;2060,537; Sync 
2024-01-17;11:17:00;35,05;33,02;1862,840; Sync 
2024-01-17;11:18:00;36,02;33,06;1303,632; Sync 
2024-01-17;11:19:00;36,51;32,90;929,466; Sync 
2024-01-17;11:20:00;37,77;32,76;746,676; Sync 
2024-01-17;11:21:00;38,15;32,64;634,678; Sync 
2024-01-17;11:22:00;38,57;32,27;630,222; Sync 
2024-01-17;11:23:00;38,28;32,02;706,787; Sync 
2024-01-17;11:24:00;38,13;31,91;707,237; Sync 
2024-01-17;11:25:00;38,20;31,79;706,973; Sync 
2024-01-17;11:26:00;38,27;31,67;784,325; Sync 
2024-01-17;11:27:00;38,48;31,71;884,257; Sync 
2024-01-17;11:28:00;38,05;31,74;919,003; Sync 
2024-01-17;11:29:00;38,05;31,90;918,952; Sync 
2024-01-17;11:30:00;38,14;31,95;920,058; Sync 
2024-01-17;11:31:00;38,29;32,00;919,503; Sync 
2024-01-17;11:32:00;38,43;32,06;935,975; Sync 
2024-01-17;11:33:00;38,46;32,16;981,261; Sync 
2024-01-17;11:34:00;38,43;32,20;987,367; Sync 
2024-01-17;11:35:00;38,53;32,32;987,817; Sync 
2024-01-17;11:36:00;38,55;32,36;986,516; Sync 
2024-01-17;11:37:00;38,61;32,45;988,594; Sync 
2024-01-17;11:38:00;38,59;32,48;988,117; Sync 
2024-01-17;11:39:00;38,61;32,56;987,343; Sync 
2024-01-17;11:40:00;38,69;32,63;986,015; Sync 
2024-01-17;11:41:00;38,73;32,66;987,142; Sync 
2024-01-17;11:42:00;38,75;32,70;987,242; Sync 
2024-01-17;11:43:00;38,75;32,75;987,467; Sync 
2024-01-17;11:44:00;38,81;32,81;986,916; Sync 
2024-01-17;11:45:00;38,91;32,84;987,242; Sync 
2024-01-17;11:46:00;38,93;32,86;987,192; Sync 
2024-01-17;11:47:00;38,86;32,86;987,092; Sync 
2024-01-17;11:48:00;38,94;32,98;987,066; Sync 
2024-01-17;11:49:00;38,96;32,96;987,493; Sync 
2024-01-17;11:50:00;39,01;33,06;987,743; Sync 
2024-01-17;11:51:00;38,94;33,10;920,755; Sync 
2024-01-17;11:52:00;39,17;33,18;919,754; Sync 
2024-01-17;11:53:00;39,22;33,31;920,304; Sync 
2024-01-17;11:54:00;39,37;33,54;920,100; Sync 
2024-01-17;11:55:00;39,27;33,72;883,806; Sync 
2024-01-17;11:56:00;39,67;33,93;834,241; Sync 
2024-01-17;11:57:00;39,77;34,12;828,508; Sync 
2024-01-17;11:58:00;39,82;34,27;734,314; Sync 
2024-01-17;11:59:00;40,13;34,33;712,593; Sync 
2024-01-17;12:00:00;39,97;34,31;655,656; Sync 
2024-01-17;12:01:00;40,18;34,37;644,575; Sync 
2024-01-17;12:02:00;39,89;34,29;562,583; Sync 
2024-01-17;12:03:00;39,97;34,21;517,924; Sync 
2024-01-17;12:04:00;39,64;34,06;475,969; Sync 
2024-01-17;12:05:00;39,72;33,94;470,612; Sync 
2024-01-17;12:06:00;39,90;33,81;470,161; Sync 
2024-01-17;12:07:00;39,14;33,69;469,711; Sync 
2024-01-17;12:08:00;37,85;33,89;2061,038; Sync 
2024-01-17;12:09:00;32,68;34,98;2061,508; Sync 
2024-01-17;12:10:00;32,86;35,69;2061,357; Sync 
2024-01-17;12:11:00;37,84;36,42;1938,065; Sync 
2024-01-17;12:12:00;38,70;36,50;1523,649; Sync 
2024-01-17;12:13:00;39,52;36,43;1017,397; Sync 
2024-01-17;12:14:00;40,58;36,34;733,363; Sync 
2024-01-17;12:15:00;41,14;36,08;598,831; Sync 
2024-01-17;12:16:00;40,87;35,77;474,267; Sync 
2024-01-17;12:17:00;39,90;35,31;472,064; Sync 
2024-01-17;12:18:00;38,12;35,06;471,062; Sync 
2024-01-17;12:19:00;37,91;34,71;471,263; Sync 
2024-01-17;12:20:00;38,51;34,44;471,163; Sync 
2024-01-17;12:21:00;38,97;34,15;470,862; Sync 
2024-01-17;12:22:00;39,05;34,05;471,313; Sync 
2024-01-17;12:23:00;39,39;33,90;470,651; Sync 
2024-01-17;12:24:00;39,37;33,75;471,062; Sync 
2024-01-17;12:25:00;39,29;33,63;475,518; Sync 
2024-01-17;12:26:00;39,11;33,56;471,012; Sync 
2024-01-17;12:27:00;39,08;33,48;470,962; Sync 
2024-01-17;12:28:00;39,07;33,41;470,952; Sync 
2024-01-17;12:29:00;39,11;33,39;469,911; Sync 
2024-01-17;12:30:00;38,98;33,33;469,800; Sync 
2024-01-17;12:31:00;38,85;33,30;470,011; Sync 
2024-01-17;12:32:00;38,70;33,22;469,600; Sync 
2024-01-17;12:33:00;38,73;33,20;470,312; Sync 
2024-01-17;12:34:00;38,70;33,16;469,811; Sync 
2024-01-17;12:35:00;38,95;33,13;472,965; Sync 
2024-01-17;12:36:00;37,59;33,15;470,111; Sync 
2024-01-17;12:37:00;35,46;33,17;469,060; Sync 
2024-01-17;12:38:00;36,02;33,16;469,911; Sync 
2024-01-17;12:39:00;37,52;33,11;468,599; Sync 
2024-01-17;12:40:00;38,76;33,08;481,262; Sync 
2024-01-17;12:41:00;38,64;33,08;468,950; Sync 
2024-01-17;12:42:00;38,93;33,09;470,111; Sync 
2024-01-17;12:43:00;39,32;33,10;504,835; Sync 
2024-01-17;12:44:00;39,42;33,13;559,490; Sync 
2024-01-17;12:45:00;39,04;33,22;572,796; Sync 
2024-01-17;12:46:00;39,48;33,31;543,874; Sync 
2024-01-17;12:47:00;39,19;33,33;559,028; Sync 
2024-01-17;12:48:00;39,25;33,40;558,528; Sync 
2024-01-17;12:49:00;39,13;33,51;547,678; Sync 
2024-01-17;12:50:00;39,45;33,52;480,525; Sync 
2024-01-17;12:51:00;39,07;33,48;469,600; Sync 
2024-01-17;12:52:00;38,77;33,35;469,861; Sync 
2024-01-17;12:53:00;38,11;33,35;469,400; Sync 
2024-01-17;12:54:00;37,79;33,33;469,460; Sync 
2024-01-17;12:55:00;37,76;33,30;469,250; Sync 
2024-01-17;12:56:00;38,53;33,24;468,599; Sync 
2024-01-17;12:57:00;38,72;33,25;474,906; Sync 
2024-01-17;12:58:00;37,94;33,18;469,510; Sync 
2024-01-17;12:59:00;38,53;33,20;469,460; Sync 
2024-01-17;13:00:00;38,77;33,17;470,011; Sync 
2024-01-17;13:01:00;40,23;33,11;667,197; Sync 
2024-01-17;13:02:00;37,00;33,36;480,926; Sync 
2024-01-17;13:03:00;34,87;34,43;2061,207; Sync 
2024-01-17;13:04:00;31,45;35,33;2061,257; Sync 
2024-01-17;13:05:00;34,70;35,97;2061,458; Sync 
2024-01-17;13:06:00;37,18;36,34;1945,622; Sync 
2024-01-17;13:07:00;37,85;36,25;1206,085; Sync 
2024-01-17;13:08:00;39,66;36,18;753,685; Sync 
2024-01-17;13:09:00;40,84;35,89;615,853; Sync 
2024-01-17;13:10:00;41,36;35,66;584,562; Sync 
2024-01-17;13:11:00;41,29;35,28;572,446; Sync 
2024-01-17;13:12:00;40,97;34,92;570,901; Sync 
2024-01-17;13:13:00;40,41;34,68;522,130; Sync 
2024-01-17;13:14:00;40,57;34,44;518,425; Sync 
2024-01-17;13:15:00;39,86;34,26;471,713; Sync 
2024-01-17;13:16:00;39,76;34,02;472,264; Sync 
2024-01-17;13:17:00;39,36;33,84;470,902; Sync 
2024-01-17;13:18:00;38,93;33,77;470,312; Sync 
2024-01-17;13:19:00;37,78;33,66;470,101; Sync 
2024-01-17;13:20:00;37,59;33,57;470,001; Sync 
2024-01-17;13:21:00;37,61;33,51;469,851; Sync 
2024-01-17;13:22:00;38,11;33,49;470,362; Sync 
2024-01-17;13:23:00;38,77;33,44;469,851; Sync 
2024-01-17;13:24:00;38,84;33,44;469,901; Sync 
2024-01-17;13:25:00;39,01;33,45;470,751; Sync 
2024-01-17;13:26:00;39,09;33,45;470,712; Sync 
2024-01-17;13:27:00;38,80;33,38;470,612; Sync 
2024-01-17;13:28:00;38,89;33,39;470,251; Sync 
2024-01-17;13:29:00;38,93;33,37;469,711; Sync 
2024-01-17;13:30:00;38,97;33,40;470,512; Sync 
2024-01-17;13:31:00;38,95;33,41;469,961; Sync 
2024-01-17;13:32:00;38,09;33,40;470,061; Sync 
2024-01-17;13:33:00;35,78;33,42;469,711; Sync 
2024-01-17;13:34:00;35,74;33,37;469,110; Sync 
2024-01-17;13:35:00;37,16;33,42;468,900; Sync 
2024-01-17;13:36:00;38,86;33,41;474,105; Sync 
2024-01-17;13:37:00;39,04;33,43;470,251; Sync 
2024-01-17;13:38:00;39,26;33,42;470,111; Sync 
2024-01-17;13:39:00;39,29;33,45;470,061; Sync 
2024-01-17;13:40:00;39,36;33,43;474,178; Sync 
2024-01-17;13:41:00;39,52;33,47;542,373; Sync 
2024-01-17;13:42:00;39,29;33,55;484,931; Sync 
2024-01-17;13:43:00;39,11;33,59;470,601; Sync 
2024-01-17;13:44:00;39,10;33,55;470,001; Sync 
2024-01-17;13:45:00;39,19;33,55;470,612; Sync 
2024-01-17;13:46:00;39,13;33,58;469,961; Sync 
2024-01-17;13:47:00;39,02;33,56;470,151; Sync 
2024-01-17;13:48:00;38,90;33,58;470,522; Sync 
2024-01-17;13:49:00;38,69;33,59;469,500; Sync 
2024-01-17;13:50:00;38,49;33,55;470,362; Sync 
2024-01-17;13:51:00;38,27;33,58;469,611; Sync 
2024-01-17;13:52:00;38,21;33,58;470,662; Sync 
2024-01-17;13:53:00;38,30;33,54;469,711; Sync 
2024-01-17;13:54:00;38,53;33,55;469,350; Sync 
2024-01-17;13:55:00;38,72;33,52;469,911; Sync 
2024-01-17;13:56:00;38,61;33,55;470,372; Sync 
2024-01-17;13:57:00;38,55;33,64;2034,561; Sync 
2024-01-17;13:58:00;34,86;34,78;2060,136; Sync 
2024-01-17;13:59:00;31,39;35,57;2060,587; Sync 
2024-01-17;14:00:00;35,47;36,07;2061,038; Sync 
2024-01-17;14:01:00;37,19;36,47;1832,856; Sync 
2024-01-17;14:02:00;37,96;36,34;1082,612; Sync 
2024-01-17;14:03:00;39,94;36,30;671,802; Sync 
2024-01-17;14:04:00;41,10;36,13;545,626; Sync 
2024-01-17;14:05:00;41,68;35,84;503,555; Sync 
2024-01-17;14:06:00;41,17;35,49;493,041; Sync 
2024-01-17;14:07:00;40,64;35,09;472,926; Sync 
2024-01-17;14:08:00;40,66;34,90;473,404; Sync 
2024-01-17;14:09:00;40,14;34,69;472,003; Sync 
2024-01-17;14:10:00;39,92;34,48;471,613; Sync 
2024-01-17;14:11:00;39,83;34,29;470,201; Sync 
2024-01-17;14:12:00;39,64;34,06;471,413; Sync 
2024-01-17;14:13:00;39,49;33,96;471,163; Sync 
2024-01-17;14:14:00;39,39;33,91;470,902; Sync 
2024-01-17;14:15:00;39,27;33,80;470,801; Sync 
2024-01-17;14:16:00;39,22;33,77;470,912; Sync 
2024-01-17;14:17:00;39,08;33,68;470,952; Sync 
2024-01-17;14:18:00;39,02;33,68;470,151; Sync 
2024-01-17;14:19:00;38,92;33,64;470,612; Sync 
2024-01-17;14:20:00;38,87;33,62;470,712; Sync 
2024-01-17;14:21:00;38,86;33,62;470,651; Sync 
2024-01-17;14:22:00;38,87;33,62;471,012; Sync 
2024-01-17;14:23:00;38,80;33,54;470,211; Sync 
2024-01-17;14:24:00;38,71;33,51;470,712; Sync 
2024-01-17;14:25:00;38,65;33,54;470,061; Sync 
2024-01-17;14:26:00;39,02;33,57;596,177; Sync 
2024-01-17;14:27:00;36,35;33,64;469,360; Sync 
2024-01-17;14:28:00;35,72;33,61;469,400; Sync 
2024-01-17;14:29:00;37,42;33,56;469,561; Sync 
2024-01-17;14:30:00;39,00;33,57;477,771; Sync 
2024-01-17;14:31:00;38,93;33,55;470,001; Sync 
2024-01-17;14:32:00;39,20;33,58;469,600; Sync 
2024-01-17;14:33:00;39,50;33,59;470,211; Sync 
2024-01-17;14:34:00;39,33;33,52;471,213; Sync 
2024-01-17;14:35:00;39,72;33,49;544,375; Sync 
2024-01-17;14:36:00;39,27;33,56;483,915; Sync 
2024-01-17;14:37:00;39,19;33,59;470,501; Sync 
2024-01-17;14:38:00;39,11;33,57;470,401; Sync 
2024-01-17;14:39:00;39,17;33,55;470,011; Sync 
2024-01-17;14:40:00;39,16;33,56;470,312; Sync 
2024-01-17;14:41:00;39,01;33,55;470,462; Sync 
2024-01-17;14:42:00;38,80;33,54;470,430; Sync 
2024-01-17;14:43:00;38,62;33,47;470,182; Sync 
2024-01-17;14:44:00;38,32;33,34;469,491; Sync 
2024-01-17;14:45:00;37,82;32,88;849,725; Sync 
2024-01-17;14:46:00;42,01;38,20;862,943; Sync 
2024-01-17;14:47:00;43,22;39,65;860,991; Sync 
2024-01-17;14:48:00;44,07;40,08;862,392; Sync 
2024-01-17;14:49:00;45,66;40,49;862,506; Sync 
2024-01-17;14:50:00;45,23;40,76;863,143; Sync 
2024-01-17;14:51:00;45,39;41,13;863,794; Sync 
2024-01-17;14:52:00;43,57;39,27;2061,488; Sync 
2024-01-17;14:53:00;32,57;33,76;2060,887; Sync 
2024-01-17;14:54:00;30,32;33,00;2061,038; Sync 
2024-01-17;14:55:00;34,94;33,81;1867,344; Sync 
2024-01-17;14:56:00;41,90;39,96;1301,480; Sync 
2024-01-17;14:57:00;46,47;42,18;865,645; Sync 
2024-01-17;14:58:00;47,34;42,64;864,608; Sync 
2024-01-17;14:59:00;47,66;43,13;864,995; Sync 
2024-01-17;15:00:00;47,52;43,49;863,707; Sync 
2024-01-17;15:01:00;47,72;43,68;864,895; Sync 
2024-01-17;15:02:00;48,75;43,90;865,745; Sync 
2024-01-17;15:03:00;49,37;44,03;864,618; Sync 
2024-01-17;15:04:00;49,56;44,05;864,871; Sync 
2024-01-17;15:05:00;49,22;44,07;864,508; Sync 
2024-01-17;15:06:00;48,58;42,03;1066,646; Sync 
2024-01-17;15:07:00;38,85;33,73;671,252; Sync 
2024-01-17;15:08:00;37,67;31,71;568,057; Sync 
2024-01-17;15:09:00;37,26;31,04;651,713; Sync 
2024-01-17;15:10:00;36,59;30,77;572,860; Sync 
2024-01-17;15:11:00;35,95;30,65;468,739; Sync 
2024-01-17;15:12:00;35,23;30,62;466,538; Sync 
2024-01-17;15:13:00;35,17;30,55;468,059; Sync 
2024-01-17;15:14:00;36,21;30,47;475,104; Sync 
2024-01-17;15:15:00;36,82;30,34;603,894; Sync 
2024-01-17;15:16:00;36,24;30,31;609,605; Sync 
2024-01-17;15:17:00;32,60;30,13;466,434; Sync 
2024-01-17;15:18:00;29,23;29,97;465,128; Sync 
2024-01-17;15:19:00;29,13;29,92;466,138; Sync 
2024-01-17;15:20:00;29,30;29,86;465,637; Sync 
2024-01-17;15:21:00;29,33;29,85;465,878; Sync 
2024-01-17;15:22:00;29,28;29,79;465,837; Sync 
2024-01-17;15:23:00;29,30;29,83;466,038; Sync 
2024-01-17;15:24:00;29,29;29,79;465,837; Sync 
2024-01-17;15:25:00;29,30;29,80;465,037; Sync 
2024-01-17;15:26:00;29,27;29,78;464,728; Sync 
2024-01-17;15:27:00;29,25;29,76;1244,865; Sync 
2024-01-17;15:28:00;30,21;30,20;1457,409; Sync 
2024-01-17;15:29:00;31,70;30,62;659,018; Sync 
2024-01-17;15:30:00;33,66;30,76;468,289; Sync 
2024-01-17;15:31:00;34,29;30,63;468,439; Sync 
2024-01-17;15:32:00;35,23;30,71;468,729; Sync 
2024-01-17;15:33:00;36,29;30,55;476,983; Sync 
2024-01-17;15:34:00;39,47;36,20;863,903; Sync 
2024-01-17;15:35:00;44,52;39,20;863,621; Sync 
2024-01-17;15:36:00;45,09;39,93;863,821; Sync 
2024-01-17;15:37:00;45,61;40,18;864,357; Sync 
2024-01-17;15:38:00;46,15;40,28;864,407; Sync 
2024-01-17;15:39:00;46,86;40,57;864,508; Sync 
2024-01-17;15:40:00;47,28;40,91;864,257; Sync 
2024-01-17;15:41:00;46,95;41,34;864,157; Sync 
2024-01-17;15:42:00;47,14;41,85;865,008; Sync 
2024-01-17;15:43:00;47,49;42,41;897,880; Sync 
2024-01-17;15:44:00;39,79;33,72;895,382; Sync 
2024-01-17;15:45:00;36,73;30,71;775,847; Sync 
2024-01-17;15:46:00;36,06;29,77;784,092; Sync 
2024-01-17;15:47:00;35,38;29,50;771,952; Sync 
2024-01-17;15:48:00;35,54;29,39;752,532; Sync 
2024-01-17;15:49:00;35,63;29,38;831,485; Sync 
2024-01-17;15:50:00;35,46;29,50;831,659; Sync 
2024-01-17;15:51:00;35,77;29,62;833,286; Sync 
2024-01-17;15:52:00;36,11;29,77;889,624; Sync 
2024-01-17;15:53:00;36,14;29,90;893,031; Sync 
2024-01-17;15:54:00;36,55;30,07;945,612; Sync 
2024-01-17;15:55:00;36,51;30,28;1003,170; Sync 
2024-01-17;15:56:00;36,56;30,45;1004,071; Sync 
2024-01-17;15:57:00;36,98;30,67;1015,610; Sync 
2024-01-17;15:58:00;37,00;30,86;1807,847; Sync 
2024-01-17;15:59:00;34,39;31,37;2061,218; Sync 
2024-01-17;16:00:00;30,87;31,74;2060,498; Sync 
2024-01-17;16:01:00;28,32;32,13;2060,968; Sync 
2024-01-17;16:02:00;32,68;32,57;2061,468; Sync 
2024-01-17;16:03:00;34,17;33,01;1711,323; Sync 
2024-01-17;16:04:00;36,00;32,93;1206,189; Sync 
2024-01-17;16:05:00;36,89;32,86;882,870; Sync 
2024-01-17;16:06:00;37,75;32,73;723,862; Sync 
2024-01-17;16:07:00;38,43;32,65;687,638; Sync 
2024-01-17;16:08:00;38,76;32,32;781,401; Sync 
2024-01-17;16:09:00;38,34;32,20;786,255; Sync 
2024-01-17;16:10:00;38,25;32,23;786,667; Sync 
2024-01-17;16:11:00;38,34;32,20;786,193; Sync 
2024-01-17;16:12:00;38,30;32,17;785,604; Sync 
2024-01-17;16:13:00;38,47;32,18;815,074; Sync 
2024-01-17;16:14:00;38,46;32,20;859,254; Sync 
2024-01-17;16:15:00;38,42;32,19;864,357; Sync 
2024-01-17;16:16:00;38,44;32,26;864,958; Sync 
2024-01-17;16:17:00;38,52;32,33;863,707; Sync 
2024-01-17;16:18:00;38,58;32,33;895,582; Sync 
2024-01-17;16:19:00;38,65;32,41;923,748; Sync 
2024-01-17;16:20:00;38,62;32,47;960,022; Sync 
2024-01-17;16:21:00;38,57;32,54;960,222; Sync 
2024-01-17;16:22:00;38,57;32,64;961,223; Sync 
2024-01-17;16:23:00;38,55;32,72;960,973; Sync 
2024-01-17;16:24:00;38,61;32,78;961,191; Sync 
2024-01-17;16:25:00;38,63;32,81;960,222; Sync 
2024-01-17;16:26:00;38,65;32,87;959,772; Sync 
2024-01-17;16:27:00;38,68;32,94;960,640; Sync 
2024-01-17;16:28:00;38,90;32,97;916,142; Sync 
2024-01-17;16:29:00;39,02;32,98;915,389; Sync 
2024-01-17;16:30:00;39,08;33,03;916,239; Sync 
2024-01-17;16:31:00;39,04;33,04;916,189; Sync 
2024-01-17;16:32:00;38,81;33,07;887,323; Sync 
2024-01-17;16:33:00;38,99;33,13;885,415; Sync 
2024-01-17;16:34:00;38,90;33,14;883,778; Sync 
2024-01-17;16:35:00;38,94;33,16;856,902; Sync 
2024-01-17;16:36:00;38,99;33,22;856,402; Sync 
2024-01-17;16:37:00;38,98;33,23;843,473; Sync 
2024-01-17;16:38:00;39,09;33,29;837,089; Sync 
2024-01-17;16:39:00;39,14;33,34;836,811; Sync 
2024-01-17;16:40:00;39,12;33,44;786,154; Sync 
2024-01-17;16:41:00;39,33;33,51;773,734; Sync 
2024-01-17;16:42:00;39,31;33,48;774,931; Sync 
2024-01-17;16:43:00;39,15;33,54;765,440; Sync 
2024-01-17;16:44:00;39,22;33,47;699,012; Sync 
2024-01-17;16:45:00;39,32;33,51;698,545; Sync 
2024-01-17;16:46:00;39,30;33,53;698,645; Sync 
2024-01-17;16:47:00;39,16;33,55;668,675; Sync 
2024-01-17;16:48:00;39,45;33,65;613,087; Sync 
2024-01-17;16:49:00;39,76;33,75;613,788; Sync 
2024-01-17;16:50:00;39,34;33,73;596,076; Sync 
2024-01-17;16:51:00;39,58;33,79;539,838; Sync 
2024-01-17;16:52:00;39,61;33,81;539,387; Sync 
2024-01-17;16:53:00;39,25;33,89;481,648; Sync 
2024-01-17;16:54:00;37,25;34,28;2061,018; Sync 
2024-01-17;16:55:00;32,82;35,20;2061,268; Sync 
2024-01-17;16:56:00;32,39;35,92;2060,918; Sync 
2024-01-17;16:57:00;36,47;36,44;1924,175; Sync 
2024-01-17;16:58:00;37,77;36,68;1447,876; Sync 
2024-01-17;16:59:00;39,41;36,57;916,993; Sync 
2024-01-17;17:00:00;40,73;36,54;644,458; Sync 
2024-01-17;17:01:00;41,39;36,35;506,315; Sync 
2024-01-17;17:02:00;40,22;36,17;472,954; Sync 
2024-01-17;17:03:00;38,82;35,77;472,242; Sync 
2024-01-17;17:04:00;38,32;35,53;472,142; Sync 
2024-01-17;17:05:00;37,96;35,38;471,241; Sync 
2024-01-17;17:06:00;38,48;35,16;472,142; Sync 
2024-01-17;17:07:00;38,65;34,95;471,030; Sync 
2024-01-17;17:08:00;39,30;34,85;472,653; Sync 
2024-01-17;17:09:00;39,84;34,78;472,042; Sync 
2024-01-17;17:10:00;40,13;34,65;471,953; Sync 
2024-01-17;17:11:00;39,99;34,58;472,503; Sync 
2024-01-17;17:12:00;39,30;34,53;471,903; Sync 
2024-01-17;17:13:00;39,29;34,45;471,942; Sync 
2024-01-17;17:14:00;39,34;34,41;471,291; Sync 
2024-01-17;17:15:00;39,37;34,36;471,953; Sync 
2024-01-17;17:16:00;39,43;34,34;471,352; Sync 
2024-01-17;17:17:00;39,48;34,31;471,602; Sync 
2024-01-17;17:18:00;39,49;34,33;471,691; Sync 
2024-01-17;17:19:00;39,41;34,30;471,391; Sync 
2024-01-17;17:20:00;39,36;34,33;471,802; Sync 
2024-01-17;17:21:00;39,32;34,32;472,553; Sync 
2024-01-17;17:22:00;39,32;34,32;471,541; Sync 
2024-01-17;17:23:00;39,46;34,35;471,091; Sync 
2024-01-17;17:24:00;39,47;34,35;470,841; Sync 
2024-01-17;17:25:00;39,56;34,44;470,669; Sync 
2024-01-17;17:26:00;39,50;34,43;471,241; Sync 
2024-01-17;17:27:00;39,49;34,45;471,302; Sync 
2024-01-17;17:28:00;39,62;34,49;470,952; Sync 
2024-01-17;17:29:00;39,41;34,58;551,582; Sync 
2024-01-17;17:30:00;36,66;34,68;470,480; Sync 
2024-01-17;17:31:00;36,70;34,68;471,341; Sync 
2024-01-17;17:32:00;38,12;34,65;471,352; Sync 
2024-01-17;17:33:00;39,50;34,69;471,041; Sync 
2024-01-17;17:34:00;39,59;34,65;470,333; Sync 
2024-01-17;17:35:00;39,35;34,49;471,102; Sync 
2024-01-17;17:36:00;39,58;34,44;471,152; Sync 
2024-01-17;17:37:00;39,13;34,31;471,291; Sync 
2024-01-17;17:38:00;39,57;34,21;471,691; Sync 
2024-01-17;17:39:00;39,51;34,16;471,541; Sync 
2024-01-17;17:40:00;39,40;34,01;471,691; Sync 
2024-01-17;17:41:00;39,30;33,98;470,780; Sync 
2024-01-17;17:42:00;39,21;33,93;470,991; Sync 
2024-01-17;17:43:00;39,08;33,87;470,451; Sync 
2024-01-17;17:44:00;38,99;33,87;470,741; Sync 
2024-01-17;17:45:00;39,00;33,87;470,541; Sync 
2024-01-17;17:46:00;39,01;33,87;470,441; Sync 
2024-01-17;17:47:00;39,00;33,91;470,841; Sync 
2024-01-17;17:48:00;38,93;33,93;470,780; Sync 
2024-01-17;17:49:00;34,95;34,67;2060,868; Sync 
2024-01-17;17:50:00;31,07;35,54;2060,768; Sync 
2024-01-17;17:51:00;35,38;36,09;2060,868; Sync 
2024-01-17;17:52:00;38,15;36,78;1855,879; Sync 
2024-01-17;17:53:00;39,00;36,72;1258,524; Sync 
2024-01-17;17:54:00;40,19;36,71;844,194; Sync 
2024-01-17;17:55:00;41,17;36,66;622,844; Sync 
2024-01-17;17:56:00;41,42;36,51;476,107; Sync 
2024-01-17;17:57:00;40,68;36,27;472,742; Sync 
2024-01-17;17:58:00;38,76;36,02;472,653; Sync 
2024-01-17;17:59:00;38,01;35,92;472,653; Sync 
2024-01-17;18:00:00;38,52;35,65;472,742; Sync 
2024-01-17;18:01:00;38,81;35,49;472,992; Sync 
2024-01-17;18:02:00;39,16;35,42;472,892; Sync 
2024-01-17;18:03:00;39,64;35,34;472,803; Sync 
2024-01-17;18:04:00;40,06;35,22;471,792; Sync 
2024-01-17;18:05:00;39,57;35,16;471,892; Sync 
2024-01-17;18:06:00;39,28;35,12;471,792; Sync 
2024-01-17;18:07:00;39,37;35,07;472,192; Sync 
2024-01-17;18:08:00;39,42;35,00;471,792; Sync 
2024-01-17;18:09:00;39,88;35,00;472,103; Sync 
2024-01-17;18:10:00;40,30;35,00;471,903; Sync 
2024-01-17;18:11:00;40,39;35,00;472,954; Sync 
2024-01-17;18:12:00;40,34;34,98;472,442; Sync 
2024-01-17;18:13:00;40,29;34,97;472,854; Sync 
2024-01-17;18:14:00;40,28;34,98;472,053; Sync 
2024-01-17;18:15:00;40,28;34,98;471,992; Sync 
2024-01-17;18:16:00;39,81;34,97;472,892; Sync 
2024-01-17;18:17:00;37,62;34,98;471,352; Sync 
2024-01-17;18:18:00;36,39;35,02;471,241; Sync 
2024-01-17;18:19:00;37,96;34,99;471,452; Sync 
2024-01-17;18:20:00;39,22;35,00;471,652; Sync 
2024-01-17;18:21:00;39,57;34,97;471,491; Sync 
2024-01-17;18:22:00;39,94;35,03;471,491; Sync 
2024-01-17;18:23:00;39,51;35,04;471,091; Sync 
2024-01-17;18:24:00;39,48;35,04;471,602; Sync 
2024-01-17;18:25:00;40,10;35,03;472,153; Sync 
2024-01-17;18:26:00;40,25;35,09;471,702; Sync 
2024-01-17;18:27:00;40,25;35,05;471,953; Sync 
2024-01-17;18:28:00;40,35;35,07;472,653; Sync 
2024-01-17;18:29:00;40,46;35,09;471,842; Sync 
2024-01-17;18:30:00;40,43;35,08;471,691; Sync 
2024-01-17;18:31:00;40,28;35,06;470,791; Sync 
2024-01-17;18:32:00;40,29;35,11;472,042; Sync 
2024-01-17;18:33:00;40,27;35,12;472,042; Sync 
2024-01-17;18:34:00;40,48;35,11;471,491; Sync 
2024-01-17;18:35:00;40,55;35,11;472,403; Sync 
2024-01-17;18:36:00;40,51;35,06;472,203; Sync 
2024-01-17;18:37:00;40,54;35,14;472,131; Sync 
2024-01-17;18:38:00;40,57;35,12;472,003; Sync 
2024-01-17;18:39:00;40,65;35,11;471,602; Sync 
2024-01-17;18:40:00;42,05;35,16;647,411; Sync 
2024-01-17;18:41:00;38,94;35,25;471,792; Sync 
2024-01-17;18:42:00;36,89;35,30;470,794; Sync 
2024-01-17;18:43:00;37,06;35,15;2061,668; Sync 
2024-01-17;18:44:00;34,29;35,42;2061,468; Sync 
2024-01-17;18:45:00;31,82;35,87;2060,968; Sync 
2024-01-17;18:46:00;36,90;36,63;2061,568; Sync 
2024-01-17;18:47:00;38,94;37,09;1716,275; Sync 
2024-01-17;18:48:00;39,74;36,95;1200,785; Sync 
2024-01-17;18:49:00;40,97;37,09;846,264; Sync 
2024-01-17;18:50:00;41,75;37,01;662,621; Sync 
2024-01-17;18:51:00;41,98;36,78;548,494; Sync 
2024-01-17;18:52:00;41,73;36,61;473,242; Sync 
2024-01-17;18:53:00;40,33;36,47;472,931; Sync 
2024-01-17;18:54:00;38,39;36,31;472,742; Sync 
2024-01-17;18:55:00;38,28;36,15;472,642; Sync 
2024-01-17;18:56:00;38,42;35,96;472,792; Sync 
2024-01-17;18:57:00;39,16;35,93;472,803; Sync 
2024-01-17;18:58:00;39,01;35,92;472,381; Sync 
2024-01-17;18:59:00;38,77;35,79;472,292; Sync 
2024-01-17;19:00:00;39,35;35,77;472,753; Sync 
2024-01-17;19:01:00;40,24;35,75;472,742; Sync 
2024-01-17;19:02:00;39,63;35,75;472,031; Sync 
2024-01-17;19:03:00;39,81;35,67;471,942; Sync 
2024-01-17;19:04:00;40,24;35,69;472,892; Sync 
2024-01-17;19:05:00;40,49;35,71;472,381; Sync 
2024-01-17;19:06:00;41,11;35,70;472,481; Sync 
2024-01-17;19:07:00;41,25;35,67;472,631; Sync 
2024-01-17;19:08:00;41,34;35,72;472,092; Sync 
2024-01-17;19:09:00;41,41;35,71;473,443; Sync 
2024-01-17;19:10:00;41,42;35,71;472,381; Sync 
2024-01-17;19:11:00;40,71;35,77;482,184; Sync 
2024-01-17;19:12:00;38,26;35,83;472,342; Sync 
2024-01-17;19:13:00;37,72;35,86;472,242; Sync 
2024-01-17;19:14:00;38,79;35,87;471,130; Sync 
2024-01-17;19:15:00;39,53;35,88;472,131; Sync 
2024-01-17;19:16:00;39,70;35,92;472,192; Sync 
2024-01-17;19:17:00;40,04;35,96;472,303; Sync 
2024-01-17;19:18:00;40,47;35,97;471,842; Sync 
2024-01-17;19:19:00;40,60;36,00;473,042; Sync 
2024-01-17;19:20:00;40,75;36,06;472,392; Sync 
2024-01-17;19:21:00;41,37;36,09;472,831; Sync 
2024-01-17;19:22:00;41,55;36,18;472,081; Sync 
2024-01-17;19:23:00;41,65;36,20;472,842; Sync 
2024-01-17;19:24:00;41,73;36,28;472,992; Sync 
2024-01-17;19:25:00;41,84;36,34;472,942; Sync 
2024-01-17;19:26:00;41,85;36,34;473,042; Sync 
2024-01-17;19:27:00;42,02;36,47;473,142; Sync 
2024-01-17;19:28:00;42,09;36,50;473,092; Sync 
2024-01-17;19:29:00;42,21;36,59;473,231; Sync 
2024-01-17;19:30:00;42,34;36,65;473,192; Sync 
2024-01-17;19:31:00;42,39;36,72;473,204; Sync 
2024-01-17;19:32:00;43,26;36,83;473,031; Sync 
2024-01-17;19:33:00;41,83;36,96;594,475; Sync 
2024-01-17;19:34:00;39,05;37,07;472,442; Sync 
2024-01-17;19:35:00;39,28;37,13;472,892; Sync 
2024-01-17;19:36:00;40,02;37,25;472,442; Sync 
2024-01-17;19:37:00;40,36;37,34;472,892; Sync 
2024-01-17;19:38:00;40,68;37,40;472,031; Sync 
2024-01-17;19:39:00;41,69;37,51;473,042; Sync 
2024-01-17;19:40:00;41,75;37,63;473,304; Sync 
2024-01-17;19:41:00;42,02;37,63;472,881; Sync 
2024-01-17;19:42:00;42,33;37,76;473,281; Sync 
2024-01-17;19:43:00;42,97;37,85;473,793; Sync 
2024-01-17;19:44:00;43,38;37,99;474,443; Sync 
2024-01-17;19:45:00;43,49;38,01;474,043; Sync 
2024-01-17;19:46:00;43,65;38,15;474,131; Sync 
2024-01-17;19:47:00;42,24;38,20;2061,668; Sync 
2024-01-17;19:48:00;35,61;38,51;2061,618; Sync 
2024-01-17;19:49:00;36,31;38,85;2061,318; Sync 
2024-01-17;19:50:00;39,76;39,28;1965,503; Sync 
2024-01-17;19:51:00;40,28;39,69;1167,329; Sync 
2024-01-17;19:52:00;40,07;39,55;476,495; Sync 
2024-01-17;19:53:00;41,07;39,67;475,244; Sync 
2024-01-17;19:54:00;41,17;39,72;475,294; Sync 
2024-01-17;19:55:00;40,81;39,82;473,931; Sync 
2024-01-17;19:56:00;40,69;39,66;475,182; Sync 
2024-01-17;19:57:00;40,84;39,75;474,131; Sync 
2024-01-17;19:58:00;40,91;39,80;475,056; Sync 
2024-01-17;19:59:00;40,94;39,81;475,094; Sync 
2024-01-17;20:00:00;41,04;39,88;474,532; Sync 
2024-01-17;20:01:00;41,27;39,88;474,994; Sync 
2024-01-17;20:02:00;41,46;39,90;475,144; Sync 
2024-01-17;20:03:00;41,81;39,92;474,932; Sync 
2024-01-17;20:04:00;42,38;39,93;474,944; Sync 
2024-01-17;20:05:00;43,00;39,95;474,994; Sync 
2024-01-17;20:06:00;42,81;39,99;474,932; Sync 
2024-01-17;20:07:00;43,20;40,03;474,281; Sync 
2024-01-17;20:08:00;43,73;40,03;475,744; Sync 
2024-01-17;20:09:00;45,15;40,04;486,451; Sync 
2024-01-17;20:10:00;44,22;40,14;477,433; Sync 
2024-01-17;20:11:00;40,90;40,09;474,582; Sync 
2024-01-17;20:12:00;41,04;40,14;475,144; Sync 
2024-01-17;20:13:00;41,51;40,16;475,144; Sync 
2024-01-17;20:14:00;41,86;40,17;474,031; Sync 
2024-01-17;20:15:00;42,66;40,18;474,643; Sync 
2024-01-17;20:16:00;43,07;40,23;474,193; Sync 
2024-01-17;20:17:00;43,07;40,24;475,244; Sync 
2024-01-17;20:18:00;43,84;40,23;475,156; Sync 
2024-01-17;20:19:00;44,28;40,21;474,682; Sync 
2024-01-17;20:20:00;44,73;40,24;475,344; Sync 
2024-01-17;20:21:00;45,46;40,23;475,644; Sync 
2024-01-17;20:22:00;45,69;40,25;475,194; Sync 
2024-01-17;20:23:00;45,66;40,22;475,144; Sync 
2024-01-17;20:24:00;45,67;40,26;475,232; Sync 
2024-01-17;20:25:00;45,65;40,26;476,482; Sync 
2024-01-17;20:26:00;45,73;40,32;475,332; Sync 
2024-01-17;20:27:00;45,78;40,33;475,494; Sync 
2024-01-17;20:28:00;45,93;40,28;475,192; Sync 
2024-01-17;20:29:00;45,66;39,22;474,190; Sync 
2024-01-17;20:30:00;44,23;38,35;538,419; Sync 
2024-01-17;20:31:00;45,43;38,05;663,416; Sync 
2024-01-17;20:32:00;42,07;37,95;475,306; Sync 
2024-01-17;20:33:00;39,73;37,84;472,042; Sync 
2024-01-17;20:34:00;40,00;37,90;472,703; Sync 
2024-01-17;20:35:00;40,43;37,92;472,954; Sync 
2024-01-17;20:36:00;40,50;38,02;472,553; Sync 
2024-01-17;20:37:00;40,93;38,07;473,543; Sync 
2024-01-17;20:38:00;41,56;38,18;473,092; Sync 
2024-01-17;20:39:00;42,49;38,31;473,104; Sync 
2024-01-17;20:40:00;42,87;38,41;472,992; Sync 
2024-01-17;20:41:00;43,23;38,54;473,905; Sync 
2024-01-17;20:42:00;43,51;38,66;474,343; Sync 
2024-01-17;20:43:00;44,29;38,82;474,605; Sync 
2024-01-17;20:44:00;44,64;38,93;474,355; Sync 
2024-01-17;20:45:00;44,81;39,07;474,805; Sync 
2024-01-17;20:46:00;44,96;39,21;474,543; Sync 
2024-01-17;20:47:00;45,08;39,32;474,505; Sync 
2024-01-17;20:48:00;45,21;39,44;473,793; Sync 
2024-01-17;20:49:00;45,42;39,64;474,405; Sync 
2024-01-17;20:50:00;45,51;39,70;475,168; Sync 
2024-01-17;20:51:00;45,64;39,82;475,256; Sync 
2024-01-17;20:52:00;45,74;39,91;474,844; Sync 
2024-01-17;20:53:00;46,82;40,01;760,787; Sync 
2024-01-17;20:54:00;43,27;40,06;474,293; Sync 
2024-01-17;20:55:00;41,02;40,19;473,704; Sync 
2024-01-17;20:56:00;41,71;40,29;473,643; Sync 
2024-01-17;20:57:00;42,04;40,35;474,155; Sync 
2024-01-17;20:58:00;41,26;40,39;474,355; Sync 
2024-01-17;20:59:00;38,63;40,39;0,000; Sync 
2024-01-17;21:00:00;37,75;39,45;0,000; Sync 
2024-01-17;21:01:00;37,34;37,99;0,000; Sync 
2024-01-17;21:02:00;37,03;36,99;0,000; Sync 
2024-01-17;21:03:00;36,68;36,37;0,000; Sync 
2024-01-17;21:04:00;36,37;36,02;0,000; Sync 
2024-01-17;21:05:00;36,05;35,73;0,000; Sync 
2024-01-17;21:06:00;35,74;35,47;0,000; Sync 
2024-01-17;21:07:00;35,41;35,18;0,000; Sync 
2024-01-17;21:08:00;35,08;34,86;0,000; Sync 
2024-01-17;21:09:00;34,80;34,52;0,000; Sync 
2024-01-17;21:10:00;34,49;34,16;0,000; Sync 
2024-01-17;21:11:00;34,24;33,92;0,000; Sync 
2024-01-17;21:12:00;33,92;33,55;0,000; Sync 
2024-01-17;21:13:00;33,61;33,25;0,000; Sync 
2024-01-17;21:14:00;33,37;32,95;0,000; Sync 
2024-01-17;21:15:00;33,11;32,67;0,000; Sync 
2024-01-17;21:16:00;32,82;32,35;0,000; Sync 
2024-01-17;21:17:00;32,59;32,09;0,000; Sync 
2024-01-17;21:18:00;32,33;31,78;0,000; Sync 
2024-01-17;21:19:00;32,10;31,51;0,000; Sync 
2024-01-17;21:20:00;31,85;31,26;0,000; Sync 
2024-01-17;21:21:00;31,66;31,02;0,000; Sync 
2024-01-17;21:22:00;31,39;30,70;0,000; Sync 
2024-01-17;21:23:00;31,20;30,53;0,000; Sync 
2024-01-17;21:24:00;30,99;30,26;0,000; Sync 
2024-01-17;21:25:00;30,74;30,03;0,000; Sync 
2024-01-17;21:26:00;30,53;29,80;0,000; Sync 
2024-01-17;21:27:00;30,32;29,58;0,000; Sync 
2024-01-17;21:28:00;30,11;29,36;0,000; Sync 
2024-01-17;21:29:00;29,87;29,10;0,000; Sync 
2024-01-17;21:30:00;29,65;28,85;0,000; Sync 
2024-01-17;21:31:00;29,55;28,65;0,000; Sync 
2024-01-17;21:32:00;29,36;28,37;0,000; Sync 
2024-01-17;21:33:00;29,20;28,12;0,000; Sync 
2024-01-17;21:34:00;29,02;27,91;0,000; Sync 
2024-01-17;21:35:00;28,80;27,68;0,000; Sync 
2024-01-17;21:36:00;28,61;27,46;0,000; Sync 
2024-01-17;21:37:00;28,49;27,29;0,000; Sync 
2024-01-17;21:38:00;28,27;27,08;0,000; Sync 
2024-01-17;21:39:00;28,16;26,93;0,000; Sync 
2024-01-17;21:40:00;27,99;26,74;0,000; Sync 
2024-01-17;21:41:00;27,81;26,53;0,000; Sync 
2024-01-17;21:42:00;27,63;26,35;0,000; Sync 
2024-01-17;21:43:00;27,51;26,18;0,000; Sync 
2024-01-17;21:44:00;27,33;26,01;0,000; Sync 
2024-01-17;21:45:00;27,18;25,79;0,000; Sync 
2024-01-17;21:46:00;27,10;25,60;0,000; Sync 
2024-01-17;21:47:00;27,03;25,35;0,000; Sync 
2024-01-17;21:48:00;26,97;25,13;0,000; Sync 
2024-01-17;21:49:00;26,85;24,90;0,000; Sync 
2024-01-17;21:50:00;26,72;24,73;0,000; Sync 
2024-01-17;21:51:00;26,58;24,57;0,000; Sync 
2024-01-17;21:52:00;26,36;24,38;0,000; Sync 
2024-01-17;21:53:00;26,21;24,24;0,000; Sync 
2024-01-17;21:54:00;26,10;24,14;0,000; Sync 
2024-01-17;21:55:00;25,90;23,94;0,000; Sync 
2024-01-17;21:56:00;25,77;23,82;0,000; Sync 
2024-01-17;21:57:00;25,62;23,65;0,000; Sync 
2024-01-17;21:58:00;25,51;23,57;0,000; Sync 
2024-01-17;21:59:00;25,36;23,39;0,000; Sync 
2024-01-17;22:00:00;25,26;23,27;0,000; Sync 
2024-01-17;22:01:00;25,11;23,13;0,000; Sync 
2024-01-17;22:02:00;24,98;22,98;0,000; Sync 
2024-01-17;22:03:00;24,84;22,82;0,000; Sync 
2024-01-17;22:04:00;24,74;22,71;0,000; Sync 
2024-01-17;22:05:00;24,60;22,56;0,000; Sync 
2024-01-17;22:06:00;24,45;22,41;0,000; Sync 
2024-01-17;22:07:00;24,36;22,33;0,000; Sync 
2024-01-17;22:08:00;24,24;22,19;0,000; Sync 
2024-01-17;22:09:00;24,12;22,06;0,000; Sync 
2024-01-17;22:10:00;24,03;21,96;0,000; Sync 
2024-01-17;22:11:00;23,89;21,81;0,000; Sync 
2024-01-17;22:12:00;23,80;21,71;0,000; Sync 
2024-01-17;22:13:00;23,69;21,59;0,000; Sync 
2024-01-17;22:14:00;23,58;21,48;0,000; Sync 
2024-01-17;22:15:00;23,49;21,38;0,000; Sync 
2024-01-17;22:16:00;23,39;21,26;0,000; Sync 
2024-01-17;22:17:00;23,29;21,14;0,000; Sync 
2024-01-17;22:18:00;23,19;21,04;0,000; Sync 
2024-01-17;22:19:00;23,10;20,94;0,000; Sync 
2024-01-17;22:20:00;22,95;20,80;0,000; Sync 
2024-01-17;22:21:00;22,89;20,72;0,000; Sync 
2024-01-17;22:22:00;22,76;20,61;0,000; Sync 
2024-01-17;22:23:00;22,67;20,50;0,000; Sync 
2024-01-17;22:24:00;22,58;20,40;0,000; Sync 
2024-01-17;22:25:00;22,44;20,28;0,000; Sync 
2024-01-17;22:26:00;22,41;20,24;0,000; Sync 
2024-01-17;22:27:00;22,30;20,12;0,000; Sync 
2024-01-17;22:28:00;22,16;19,99;0,000; Sync 
2024-01-17;22:29:00;22,11;19,91;0,000; Sync 
2024-01-17;22:30:00;22,01;19,82;0,000; Sync 
2024-01-17;22:31:00;21,93;19,71;0,000; Sync 
2024-01-17;22:32:00;21,85;19,64;0,000; Sync 
2024-01-17;22:33:00;21,73;19,55;0,000; Sync 
2024-01-17;22:34:00;21,63;19,43;0,000; Sync 
2024-01-17;22:35:00;21,54;19,36;0,000; Sync 
2024-01-17;22:36:00;21,49;19,29;0,000; Sync 
2024-01-17;22:37:00;21,39;19,22;0,000; Sync 
2024-01-17;22:38:00;21,30;19,11;0,000; Sync 
2024-01-17;22:39:00;21,25;19,05;0,000; Sync 
2024-01-17;22:40:00;21,08;18,91;0,000; Sync 
2024-01-17;22:41:00;21,03;18,84;0,000; Sync 
2024-01-17;22:42:00;20,95;18,77;0,000; Sync 
2024-01-17;22:43:00;20,90;18,71;0,000; Sync 
2024-01-17;22:44:00;20,80;18,64;0,000; Sync 
2024-01-17;22:45:00;20,73;18,56;0,000; Sync 
2024-01-17;22:46:00;20,61;18,46;0,000; Sync 
2024-01-17;22:47:00;20,54;18,37;0,000; Sync 
2024-01-17;22:48:00;20,45;18,31;0,000; Sync 
2024-01-17;22:49:00;20,38;18,23;0,000; Sync 
2024-01-17;22:50:00;20,32;18,18;0,000; Sync 
2024-01-17;22:51:00;20,23;18,08;0,000; Sync 
2024-01-17;22:52:00;20,12;17,98;0,000; Sync 
2024-01-17;22:53:00;20,09;17,95;0,000; Sync 
2024-01-17;22:54:00;20,00;17,86;0,000; Sync 
2024-01-17;22:55:00;19,91;17,76;0,000; Sync 
2024-01-17;22:56:00;19,87;17,73;0,000; Sync 
2024-01-17;22:57:00;19,80;17,67;0,000; Sync 
2024-01-17;22:58:00;19,74;17,59;0,000; Sync 
2024-01-17;22:59:00;19,64;17,53;0,000; Sync 
2024-01-17;23:00:00;19,60;17,51;0,000; Sync 
2024-01-17;23:01:00;19,51;17,42;0,000; Sync 
2024-01-17;23:02:00;19,43;17,33;0,000; Sync 
2024-01-17;23:03:00;19,36;17,27;0,000; Sync 
2024-01-17;23:04:00;19,28;17,19;0,000; Sync 
2024-01-17;23:05:00;19,25;17,17;0,000; Sync 
2024-01-17;23:06:00;19,17;17,11;0,000; Sync 
2024-01-17;23:07:00;19,17;17,10;0,000; Sync 
2024-01-17;23:08:00;19,04;16,95;0,000; Sync 
2024-01-17;23:09:00;18,96;16,91;0,000; Sync 
2024-01-17;23:10:00;18,94;16,87;0,000; Sync 
2024-01-17;23:11:00;18,82;16,79;0,000; Sync 
2024-01-17;23:12:00;18,76;16,72;0,000; Sync 
2024-01-17;23:13:00;18,73;16,71;0,000; Sync 
2024-01-17;23:14:00;18,65;16,62;0,000; Sync 
2024-01-17;23:15:00;18,65;16,63;0,000; Sync 
2024-01-17;23:16:00;18,59;16,58;0,000; Sync 
2024-01-17;23:17:00;18,50;16,52;0,000; Sync 
2024-01-17;23:18:00;18,45;16,45;0,000; Sync 
2024-01-17;23:19:00;18,37;16,38;0,000; Sync 
2024-01-17;23:20:00;18,36;16,40;0,000; Sync 
2024-01-17;23:21:00;18,26;16,30;0,000; Sync 
2024-01-17;23:22:00;18,27;16,34;0,000; Sync 
2024-01-17;23:23:00;18,16;16,23;0,000; Sync 
2024-01-17;23:24:00;18,12;16,22;0,000; Sync 
2024-01-17;23:25:00;18,01;16,12;0,000; Sync 
2024-01-17;23:26:00;17,97;16,10;0,000; Sync 
2024-01-17;23:27:00;17,97;16,10;0,000; Sync 
2024-01-17;23:28:00;17,89;16,00;0,000; Sync 
2024-01-17;23:29:00;17,84;15,99;0,000; Sync 
2024-01-17;23:30:00;17,78;15,93;0,000; Sync 
2024-01-17;23:31:00;17,72;15,90;0,000; Sync 
2024-01-17;23:32:00;17,72;15,89;0,000; Sync 
2024-01-17;23:33:00;17,68;15,85;0,000; Sync 
2024-01-17;23:34:00;17,62;15,82;0,000; Sync 
2024-01-17;23:35:00;17,55;15,76;0,000; Sync 
2024-01-17;23:36:00;17,51;15,72;0,000; Sync 
2024-01-17;23:37:00;17,49;15,72;0,000; Sync 
2024-01-17;23:38:00;17,46;15,70;0,000; Sync 
2024-01-17;23:39:00;17,40;15,67;0,000; Sync 
2024-01-17;23:40:00;17,31;15,60;0,000; Sync 
2024-01-17;23:41:00;17,28;15,58;0,000; Sync 
2024-01-17;23:42:00;17,29;15,58;0,000; Sync 
2024-01-17;23:43:00;17,20;15,52;0,000; Sync 
2024-01-17;23:44:00;17,16;15,49;0,000; Sync 
2024-01-17;23:45:00;17,13;15,45;0,000; Sync 
2024-01-17;23:46:00;17,07;15,41;0,000; Sync 
2024-01-17;23:47:00;17,05;15,41;0,000; Sync 
2024-01-17;23:48:00;16,98;15,34;0,000; Sync 
2024-01-17;23:49:00;16,95;15,37;0,000; Sync 
2024-01-17;23:50:00;16,91;15,31;0,000; Sync 
2024-01-17;23:51:00;16,89;15,31;0,000; Sync 
2024-01-17;23:52:00;16,82;15,24;0,000; Sync 
2024-01-17;23:53:00;16,82;15,26;0,000; Sync 
2024-01-17;23:54:00;16,73;15,21;0,000; Sync 
2024-01-17;23:55:00;16,70;15,17;0,000; Sync 
2024-01-17;23:56:00;16,67;15,14;0,000; Sync 
2024-01-17;23:57:00;16,63;15,12;0,000; Sync 
2024-01-17;23:58:00;16,65;15,15;0,000; Sync 
2024-01-17;23:59:00;16,57;15,07;0,000; Sync 
2024-01-18;00:00:00;16,54;15,06;0,000;
