Tecomat F2x CP2005I v2.3.063 DataLogger v1.3 (2024-01-18-00:00:00) : Data / Emulator ! Type : PERIODIC | DATE : %TYYYY-MM-DD | TIME : %Thh:mm:ss | REAL : %3.1f %RF007990 | REAL : %3.1f %RF007994 | REAL : %3.1f %RF007998 | REAL : %3.1f %RF008002 | REAL : %1.1f %RF008010 | REAL : %f %RF009504 | REAL : %f %RF009628 | REAL : %f %RF009519 | REAL : %f %RF009643 | STRING : %s | ,;
DATE;TIME;tHot1;tHot2;tCold1;tCold2;siemensFlow;requiredTemp3WV;requiredFlow2WV;PID.out3WV;PID.out2WV;Text
2024-01-18;00:00:00;24,8;24,2;20,2;23,3;1133,9;-24,900000;-1000,000000;0,000000;0,000000; Sync 
2024-01-18;00:01:00;24,9;24,3;20,3;23,4;1130,5;-24,900000;-1000,000000;0,000000;0,000000; Sync 
2024-01-18;00:02:00;24,9;24,3;20,3;23,3;1135,4;-24,900000;-1000,000000;0,000000;0,000000; Sync 
2024-01-18;00:03:00;24,9;24,2;20,2;23,3;1131,6;-24,900000;-1000,000000;0,000000;0,000000; Sync 
2024-01-18;00:04:00;24,9;24,3;20,3;23,3;1130,1;-24,900000;-1000,000000;0,183213;0,000000; Sync 
2024-01-18;00:05:00;24,9;24,3;20,3;23,4;1133,7;-24,900000;-1000,000000;0,398048;0,000000; Sync 
2024-01-18;00:06:00;24,9;24,3;20,3;23,4;1134,2;-24,900000;-1000,000000;0,000000;0,000000; Sync 
2024-01-18;00:07:00;24,9;24,3;20,1;23,3;1135,2;-24,900000;-1000,000000;0,084655;0,000000; Sync 
2024-01-18;00:08:00;24,9;24,3;20,3;23,4;1134,7;-24,900000;-1000,000000;0,149175;0,000000; Sync 
2024-01-18;00:09:00;24,8;24,2;20,2;23,3;1128,8;-24,900000;-1000,000000;0,189369;0,000000; Sync 
2024-01-18;00:10:00;24,8;24,2;20,1;23,3;1133,4;-24,900000;-1000,000000;0,000000;0,000000; Sync 
2024-01-18;00:11:00;24,8;24,2;20,2;23,3;1134,6;-24,900000;-1000,000000;0,000000;0,000000; Sync 
2024-01-18;00:12:00;25,0;24,3;20,3;23,4;1135,2;-24,900000;-1000,000000;0,000000;0,000000; Sync 
2024-01-18;00:13:00;24,8;24,2;20,2;23,4;1132,7;-24,900000;-1000,000000;0,000000;0,000000; Sync 
2024-01-18;00:14:00;24,8;24,3;20,2;23,5;1133,7;-24,900000;-1000,000000;1,211587;0,000000; Sync 
2024-01-18;00:15:00;24,8;24,3;20,3;23,5;1134,2;-24,900000;-1000,000000;0,000000;0,000000; Sync 
2024-01-18;00:16:00;24,8;24,2;20,1;23,3;1135,6;-24,900000;-1000,000000;0,129720;0,000000; Sync 
2024-01-18;00:17:00;24,9;24,3;20,3;23,4;1136,1;-24,900000;-1000,000000;0,000000;0,000000; Sync 
2024-01-18;00:17:59;24,8;24,2;20,1;23,4;1136,6;-24,900000;-1000,000000;0,000000;0,000000; Sync 
2024-01-18;00:19:00;24,9;24,3;20,1;23,4;1128,8;-24,900000;-1000,000000;0,000000;0,000000; Sync 
2024-01-18;00:20:00;24,9;24,3;20,1;23,3;1132,3;-24,900000;-1000,000000;0,111399;0,000000; Sync 
2024-01-18;00:21:00;24,9;24,3;20,1;23,4;1137,7;-24,900000;-1000,000000;0,000000;0,000000; Sync 
2024-01-18;00:22:00;24,9;24,2;20,1;23,4;1134,1;-24,900000;-1000,000000;0,025433;0,000000; Sync 
2024-01-18;00:23:00;24,9;24,3;20,2;23,4;1130,9;-24,900000;-1000,000000;0,396400;0,000000; Sync 
2024-01-18;00:24:00;24,8;24,2;20,0;23,3;1129,8;-24,900000;-1000,000000;0,000000;0,000000; Sync 
2024-01-18;00:25:00;24,7;24,1;20,0;23,3;1136,8;-24,900000;-1000,000000;0,000000;0,000000; Sync 
2024-01-18;00:25:59;24,9;24,3;20,1;23,4;1131,3;-24,900000;-1000,000000;0,000000;0,000000; Sync 
2024-01-18;00:27:00;24,9;24,3;20,2;23,4;1135,0;-24,900000;-1000,000000;0,000000;0,000000; Sync 
2024-01-18;00:28:00;24,9;24,3;20,2;23,4;1131,8;-24,900000;-1000,000000;0,000000;0,000000; Sync 
2024-01-18;00:29:00;25,0;24,4;20,3;23,5;1134,1;-24,900000;-1000,000000;0,361232;0,000000; Sync 
2024-01-18;00:30:00;24,8;24,3;20,2;23,5;1137,7;-24,900000;-1000,000000;0,198474;0,000000; Sync 
2024-01-18;00:31:00;25,0;24,3;20,2;23,5;1135,4;-24,900000;-1000,000000;0,092406;0,000000; Sync 
2024-01-18;00:32:00;24,9;24,3;20,1;23,4;1136,8;-24,900000;-1000,000000;0,000000;0,000000; Sync 
2024-01-18;00:33:00;24,9;24,4;20,3;23,5;1133,2;-24,900000;-1000,000000;0,190176;0,000000; Sync 
2024-01-18;00:34:00;24,9;24,3;20,1;23,4;1131,1;-24,900000;-1000,000000;0,000000;0,000000; Sync 
2024-01-18;00:35:00;25,0;24,3;20,3;23,5;1134,3;-24,900000;-1000,000000;0,401731;0,000000; Sync 
2024-01-18;00:36:00;24,9;24,3;20,1;23,4;1131,0;-24,900000;-1000,000000;0,000000;0,000000; Sync 
2024-01-18;00:37:00;24,9;24,3;20,2;23,5;1129,5;-24,900000;-1000,000000;0,225741;0,000000; Sync 
2024-01-18;00:38:00;24,9;24,3;20,1;23,4;1127,3;-24,900000;-1000,000000;0,083408;0,000000; Sync 
2024-01-18;00:39:00;24,9;24,3;20,1;23,4;1130,6;-24,900000;-1000,000000;0,000000;0,000000; Sync 
2024-01-18;00:40:00;24,9;24,3;20,1;23,4;1130,8;-24,900000;-1000,000000;0,009507;0,000000; Sync 
2024-01-18;00:41:00;24,9;24,3;20,1;23,4;1130,6;-24,900000;-1000,000000;0,000000;0,000000; Sync 
2024-01-18;00:42:00;25,0;24,4;20,3;23,5;1132,3;-24,900000;-1000,000000;0,332893;0,000000; Sync 
2024-01-18;00:43:00;24,9;24,3;20,1;23,4;1132,7;-24,900000;-1000,000000;0,000000;0,000000; Sync 
2024-01-18;00:44:00;25,0;24,4;20,2;23,6;1133,9;-24,900000;-1000,000000;0,000000;0,000000; Sync 
2024-01-18;00:45:00;24,9;24,3;20,2;23,6;1129,6;-24,900000;-1000,000000;0,000000;0,000000; Sync 
2024-01-18;00:46:00;25,0;24,4;20,3;23,6;1131,8;-24,900000;-1000,000000;0,000000;0,000000; Sync 
2024-01-18;00:47:00;25,0;24,4;20,2;23,6;1133,2;-24,900000;-1000,000000;0,190713;0,000000; Sync 
2024-01-18;00:48:00;25,0;24,4;20,3;23,6;1132,3;-24,900000;-1000,000000;0,000000;0,000000; Sync 
2024-01-18;00:49:00;24,9;24,4;20,3;23,6;1129,8;-24,900000;-1000,000000;0,150477;0,000000; Sync 
2024-01-18;00:50:00;24,9;24,3;20,1;23,5;1133,6;-24,900000;-1000,000000;0,000000;0,000000; Sync 
2024-01-18;00:51:00;25,0;24,3;20,1;23,5;1131,6;-24,900000;-1000,000000;0,000000;0,000000; Sync 
2024-01-18;00:52:00;24,9;24,3;20,3;23,6;1131,0;-24,900000;-1000,000000;0,143457;0,000000; Sync 
2024-01-18;00:53:00;24,9;24,3;20,1;23,4;1134,8;-24,900000;-1000,000000;0,432850;0,000000; Sync 
2024-01-18;00:54:00;24,9;24,3;20,1;23,5;1133,9;-24,900000;-1000,000000;0,000000;0,000000; Sync 
2024-01-18;00:55:00;25,0;24,4;20,3;23,6;1133,1;-24,900000;-1000,000000;0,147257;0,000000; Sync 
2024-01-18;00:56:00;24,9;24,3;20,0;23,4;1135,8;-24,900000;-1000,000000;0,000000;0,000000; Sync 
2024-01-18;00:57:00;24,9;24,3;20,1;23,5;1132,0;-24,900000;-1000,000000;0,000000;0,000000; Sync 
2024-01-18;00:58:00;25,0;24,4;20,3;23,6;1139,9;-24,900000;-1000,000000;0,097627;0,000000; Sync 
2024-01-18;00:59:00;25,0;24,5;20,4;23,7;1136,1;-24,900000;-1000,000000;0,082869;0,000000; Sync 
2024-01-18;01:00:00;24,9;24,3;20,2;23,5;1133,3;-24,900000;-1000,000000;0,000000;0,000000; Sync 
2024-01-18;01:01:00;24,9;24,3;20,2;23,6;1131,5;-24,900000;-1000,000000;0,000000;0,000000; Sync 
2024-01-18;01:02:00;25,0;24,4;20,2;23,6;1130,9;-24,900000;-1000,000000;0,061644;0,000000; Sync 
2024-01-18;01:03:00;25,1;24,5;20,2;23,6;1134,9;-24,900000;-1000,000000;0,000000;0,000000; Sync 
2024-01-18;01:04:00;25,0;24,4;20,3;23,6;1131,3;-24,900000;-1000,000000;0,469712;0,000000; Sync 
2024-01-18;01:05:00;25,1;24,4;20,3;23,5;1133,0;-24,900000;-1000,000000;0,000000;0,000000; Sync 
2024-01-18;01:06:00;25,0;24,4;20,2;23,6;1135,7;-24,900000;-1000,000000;0,000000;0,000000; Sync 
2024-01-18;01:07:00;24,9;24,3;20,2;23,5;1131,8;-24,900000;-1000,000000;0,519048;0,000000; Sync 
2024-01-18;01:08:00;24,9;24,3;20,2;23,6;1132,2;-24,900000;-1000,000000;0,116734;0,000000; Sync 
2024-01-18;01:09:00;24,9;24,3;20,1;23,5;1133,3;-24,900000;-1000,000000;0,000000;0,000000; Sync 
2024-01-18;01:10:00;24,9;24,3;20,1;23,5;1131,1;-24,900000;-1000,000000;0,245653;0,000000; Sync 
2024-01-18;01:11:00;24,9;24,3;20,3;23,6;1138,8;-24,900000;-1000,000000;0,340399;0,000000; Sync 
2024-01-18;01:12:00;25,0;24,5;20,3;23,6;1131,4;-24,900000;-1000,000000;0,832963;0,000000; Sync 
2024-01-18;01:13:00;25,0;24,4;20,2;23,6;1137,2;-24,900000;-1000,000000;0,222464;0,000000; Sync 
2024-01-18;01:14:00;24,9;24,3;20,1;23,5;1134,8;-24,900000;-1000,000000;0,000000;0,000000; Sync 
2024-01-18;01:15:00;24,9;24,3;20,1;23,5;1133,9;-24,900000;-1000,000000;0,000000;0,000000; Sync 
2024-01-18;01:16:00;24,8;24,4;20,2;23,5;1134,7;-24,900000;-1000,000000;0,000000;0,000000; Sync 
2024-01-18;01:17:00;24,9;24,4;20,1;23,5;1134,9;-24,900000;-1000,000000;0,000000;0,000000; Sync 
2024-01-18;01:18:00;25,0;24,3;20,2;23,5;1139,0;-24,900000;-1000,000000;0,000000;0,000000; Sync 
2024-01-18;01:19:00;25,1;24,5;20,3;23,6;1136,9;-24,900000;-1000,000000;0,000000;0,000000; Sync 
2024-01-18;01:20:00;25,0;24,4;20,2;23,5;1130,4;-24,900000;-1000,000000;0,119944;0,000000; Sync 
2024-01-18;01:21:00;25,0;24,4;20,2;23,5;1135,1;-24,900000;-1000,000000;0,000000;0,000000; Sync 
2024-01-18;01:22:00;24,9;24,3;20,2;23,6;1132,2;-24,900000;-1000,000000;0,000000;0,000000; Sync 
2024-01-18;01:23:00;25,0;24,5;20,3;23,6;1129,5;-24,900000;-1000,000000;0,894832;0,000000; Sync 
2024-01-18;01:24:00;25,0;24,4;20,2;23,6;1135,1;-24,900000;-1000,000000;0,035483;0,000000; Sync 
2024-01-18;01:25:00;24,9;24,3;20,1;23,5;1134,5;-24,900000;-1000,000000;0,423868;0,000000; Sync 
2024-01-18;01:26:00;25,1;24,5;20,3;23,5;1135,5;-24,900000;-1000,000000;0,000000;0,000000; Sync 
2024-01-18;01:27:00;24,9;24,4;20,2;23,5;1132,6;-24,900000;-1000,000000;0,077601;0,000000; Sync 
2024-01-18;01:28:00;25,1;24,6;20,4;23,7;1136,0;-24,900000;-1000,000000;0,117201;0,000000; Sync 
2024-01-18;01:29:00;24,9;24,5;20,3;23,7;1137,2;-24,900000;-1000,000000;0,670932;0,000000; Sync 
2024-01-18;01:30:00;25,0;24,4;20,3;23,7;1139,1;-24,900000;-1000,000000;0,218102;0,000000; Sync 
2024-01-18;01:31:00;25,1;24,5;20,3;23,5;1138,1;-24,900000;-1000,000000;0,463819;0,000000; Sync 
2024-01-18;01:32:00;25,1;24,3;20,2;23,5;1132,0;-24,900000;-1000,000000;0,418856;0,000000; Sync 
2024-01-18;01:33:00;25,0;24,4;20,2;23,6;1129,4;-24,900000;-1000,000000;0,000000;0,000000; Sync 
2024-01-18;01:34:00;25,0;24,4;20,3;23,6;1134,7;-24,900000;-1000,000000;0,076896;0,000000; Sync 
2024-01-18;01:35:00;25,0;24,5;20,3;23,7;1135,6;-24,900000;-1000,000000;0,000000;0,000000; Sync 
2024-01-18;01:36:00;24,9;24,4;20,2;23,5;1131,1;-24,900000;-1000,000000;0,269185;0,000000; Sync 
2024-01-18;01:37:00;25,1;24,5;20,3;23,5;1137,2;-24,900000;-1000,000000;0,000000;0,000000; Sync 
2024-01-18;01:38:00;24,9;24,3;20,1;23,5;1137,0;-24,900000;-1000,000000;0,511305;0,000000; Sync 
2024-01-18;01:39:00;25,1;24,5;20,3;23,6;1137,2;-24,900000;-1000,000000;0,000000;0,000000; Sync 
2024-01-18;01:40:00;25,1;24,5;20,3;23,7;1134,0;-24,900000;-1000,000000;0,365319;0,000000; Sync 
2024-01-18;01:41:00;25,0;24,4;20,2;23,7;1137,9;-24,900000;-1000,000000;0,000000;0,000000; Sync 
2024-01-18;01:42:00;25,2;24,6;20,4;23,7;1137,5;-24,900000;-1000,000000;0,000000;0,000000; Sync 
2024-01-18;01:43:00;24,9;24,4;20,3;23,6;1136,9;-24,900000;-1000,000000;0,235249;0,000000; Sync 
2024-01-18;01:44:00;25,0;24,4;20,3;23,7;1137,1;-24,900000;-1000,000000;1,294266;0,000000; Sync 
2024-01-18;01:45:00;25,0;24,4;20,3;23,7;1139,0;-24,900000;-1000,000000;0,642862;0,000000; Sync 
2024-01-18;01:46:00;25,0;24,4;20,2;23,6;1136,3;-24,900000;-1000,000000;0,017109;0,000000; Sync 
2024-01-18;01:47:00;25,1;24,5;20,3;23,6;1136,6;-24,900000;-1000,000000;0,000000;0,000000; Sync 
2024-01-18;01:48:00;25,1;24,5;20,3;23,6;1137,6;-24,900000;-1000,000000;0,000000;0,000000; Sync 
2024-01-18;01:49:00;24,9;24,4;20,2;23,6;1139,8;-24,900000;-1000,000000;0,640101;0,000000; Sync 
2024-01-18;01:50:00;25,1;24,4;20,2;23,6;1137,9;-24,900000;-1000,000000;0,965151;0,000000; Sync 
2024-01-18;01:51:00;25,1;24,4;20,2;23,6;1138,4;-24,900000;-1000,000000;0,000000;0,000000; Sync 
2024-01-18;01:52:00;25,0;24,4;20,2;23,6;1136,6;-24,900000;-1000,000000;0,000000;0,000000; Sync 
2024-01-18;01:53:00;25,2;24,6;20,4;23,8;1134,8;-24,900000;-1000,000000;0,115133;0,000000; Sync 
2024-01-18;01:54:00;25,0;24,4;20,3;23,7;1139,3;-24,900000;-1000,000000;0,000000;0,000000; Sync 
2024-01-18;01:55:00;25,1;24,5;20,3;23,7;1139,5;-24,900000;-1000,000000;0,595556;0,000000; Sync 
2024-01-18;01:56:00;25,2;24,5;20,3;23,6;1140,4;-24,900000;-1000,000000;0,433191;0,000000; Sync 
2024-01-18;01:57:00;25,1;24,5;20,2;23,6;1140,1;-24,900000;-1000,000000;0,533322;0,000000; Sync 
2024-01-18;01:58:00;25,0;24,5;20,3;23,7;1138,6;-24,900000;-1000,000000;0,000000;0,000000; Sync 
2024-01-18;01:59:00;25,0;24,5;20,3;23,7;1140,2;-24,900000;-1000,000000;0,000000;0,000000; Sync 
2024-01-18;02:00:00;25,1;24,5;20,3;23,6;1137,4;-24,900000;-1000,000000;0,204128;0,000000; Sync 
2024-01-18;02:01:00;25,0;24,4;20,2;23,6;1137,5;-24,900000;-1000,000000;0,000000;0,000000; Sync 
2024-01-18;02:02:00;25,1;24,5;20,2;23,6;1136,9;-24,900000;-1000,000000;0,547355;0,000000; Sync 
2024-01-18;02:03:00;25,0;24,4;20,2;23,7;1140,9;-24,900000;-1000,000000;0,400152;0,000000; Sync 
2024-01-18;02:04:00;25,1;24,5;20,3;23,7;1140,3;-24,900000;-1000,000000;0,000000;0,000000; Sync 
2024-01-18;02:05:00;25,1;24,4;20,2;23,6;1138,8;-24,900000;-1000,000000;0,000000;0,000000; Sync 
2024-01-18;02:06:00;25,0;24,5;20,4;23,7;1140,0;-24,900000;-1000,000000;0,000000;0,000000; Sync 
2024-01-18;02:07:00;25,0;24,4;20,2;23,6;1138,5;-24,900000;-1000,000000;0,239622;0,000000; Sync 
2024-01-18;02:08:00;25,1;24,5;20,4;23,7;1138,7;-24,900000;-1000,000000;0,555863;0,000000; Sync 
2024-01-18;02:09:00;25,0;24,4;20,3;23,6;1132,4;-24,900000;-1000,000000;0,000000;0,000000; Sync 
2024-01-18;02:10:00;25,0;24,4;20,3;23,6;1130,4;-24,900000;-1000,000000;0,025779;0,000000; Sync 
2024-01-18;02:11:00;25,0;24,4;20,3;23,6;1138,8;-24,900000;-1000,000000;0,000000;0,000000; Sync 
2024-01-18;02:12:00;25,0;24,4;20,2;23,6;1130,7;-24,900000;-1000,000000;0,000000;0,000000; Sync 
2024-01-18;02:13:00;25,2;24,6;20,3;23,7;1137,3;-24,900000;-1000,000000;0,038816;0,000000; Sync 
2024-01-18;02:14:00;25,1;24,5;20,4;23,7;1132,3;-24,900000;-1000,000000;0,000000;0,000000; Sync 
2024-01-18;02:15:00;25,0;24,5;20,4;23,7;1138,6;-24,900000;-1000,000000;0,000000;0,000000; Sync 
2024-01-18;02:16:00;25,1;24,5;20,3;23,7;1137,7;-24,900000;-1000,000000;0,230954;0,000000; Sync 
2024-01-18;02:17:00;25,1;24,5;20,3;23,7;1140,1;-24,900000;-1000,000000;0,420095;0,000000; Sync 
2024-01-18;02:18:00;25,0;24,4;20,3;23,7;1133,1;-24,900000;-1000,000000;0,291581;0,000000; Sync 
2024-01-18;02:19:00;25,0;24,4;20,3;23,6;1138,5;-24,900000;-1000,000000;0,000000;0,000000; Sync 
2024-01-18;02:20:00;25,1;24,5;20,2;23,6;1137,4;-24,900000;-1000,000000;0,523401;0,000000; Sync 
2024-01-18;02:21:00;25,1;24,5;20,3;23,7;1138,7;-24,900000;-1000,000000;0,051908;0,000000; Sync 
2024-01-18;02:22:00;25,0;24,4;20,3;23,6;1138,4;-24,900000;-1000,000000;0,399648;0,000000; Sync 
2024-01-18;02:23:00;25,0;24,4;20,2;23,7;1134,3;-24,900000;-1000,000000;0,400257;0,000000; Sync 
2024-01-18;02:24:00;25,1;24,5;20,3;23,7;1135,2;-24,900000;-1000,000000;0,256459;0,000000; Sync 
2024-01-18;02:25:00;25,0;24,4;20,3;23,6;1133,7;-24,900000;-1000,000000;0,000000;0,000000; Sync 
2024-01-18;02:26:00;25,0;24,4;20,3;23,6;1135,4;-24,900000;-1000,000000;0,000000;0,000000; Sync 
2024-01-18;02:27:00;25,0;24,4;20,3;23,6;1134,4;-24,900000;-1000,000000;0,000000;0,000000; Sync 
2024-01-18;02:28:00;25,0;24,5;20,3;23,6;1134,9;-24,900000;-1000,000000;0,013788;0,000000; Sync 
2024-01-18;02:29:00;25,0;24,5;20,3;23,6;1135,1;-24,900000;-1000,000000;0,454127;0,000000; Sync 
2024-01-18;02:30:00;25,1;24,5;20,4;23,7;1132,7;-24,900000;-1000,000000;0,000000;0,000000; Sync 
2024-01-18;02:31:00;25,1;24,5;20,3;23,7;1137,0;-24,900000;-1000,000000;0,087320;0,000000; Sync 
2024-01-18;02:32:00;25,0;24,4;20,3;23,6;1134,0;-24,900000;-1000,000000;0,000000;0,000000; Sync 
2024-01-18;02:33:00;25,0;24,4;20,2;23,6;1131,2;-24,900000;-1000,000000;0,538533;0,000000; Sync 
2024-01-18;02:34:00;25,0;24,4;20,3;23,6;1135,1;-24,900000;-1000,000000;0,000000;0,000000; Sync 
2024-01-18;02:34:59;25,1;24,5;20,4;23,7;1129,1;-24,900000;-1000,000000;0,000000;0,000000; Sync 
2024-01-18;02:36:00;25,0;24,4;20,2;23,6;1131,2;-24,900000;-1000,000000;0,134817;0,000000; Sync 
2024-01-18;02:37:00;25,0;24,4;20,3;23,7;1133,8;-24,900000;-1000,000000;0,000000;0,000000; Sync 
2024-01-18;02:38:00;25,0;24,4;20,3;23,6;1130,2;-24,900000;-1000,000000;0,342277;0,000000; Sync 
2024-01-18;02:39:00;25,1;24,5;20,3;23,7;1135,0;-24,900000;-1000,000000;0,086534;0,000000; Sync 
2024-01-18;02:40:00;25,0;24,4;20,2;23,6;1131,8;-24,900000;-1000,000000;0,492681;0,000000; Sync 
2024-01-18;02:41:00;25,1;24,5;20,3;23,7;1131,9;-24,900000;-1000,000000;0,424401;0,000000; Sync 
2024-01-18;02:42:00;25,1;24,5;20,3;23,7;1131,8;-24,900000;-1000,000000;0,323943;0,000000; Sync 
2024-01-18;02:43:00;25,1;24,5;20,4;23,7;1133,9;-24,900000;-1000,000000;0,462783;0,000000; Sync 
2024-01-18;02:44:00;25,0;24,4;20,3;23,7;1135,1;-24,900000;-1000,000000;0,000000;0,000000; Sync 
2024-01-18;02:45:00;25,1;24,6;20,4;23,7;1132,5;-24,900000;-1000,000000;0,000000;0,000000; Sync 
2024-01-18;02:46:00;25,1;24,5;20,3;23,7;1134,7;-24,900000;-1000,000000;0,644848;0,000000; Sync 
2024-01-18;02:47:00;25,0;24,4;20,3;23,6;1132,0;-24,900000;-1000,000000;0,387388;0,000000; Sync 
2024-01-18;02:48:00;25,0;24,4;20,3;23,6;1131,3;-24,900000;-1000,000000;0,645825;0,000000; Sync 
2024-01-18;02:49:00;25,1;24,5;20,3;23,6;1131,4;-24,900000;-1000,000000;0,432510;0,000000; Sync 
2024-01-18;02:50:00;25,1;24,5;20,4;23,7;1131,5;-24,900000;-1000,000000;0,088130;0,000000; Sync 
2024-01-18;02:51:00;25,2;24,5;20,4;23,7;1133,6;-24,900000;-1000,000000;0,312840;0,000000; Sync 
2024-01-18;02:52:00;25,2;24,6;20,4;23,8;1131,5;-24,900000;-1000,000000;0,005918;0,000000; Sync 
2024-01-18;02:53:00;25,2;24,6;20,4;23,7;1132,9;-24,900000;-1000,000000;0,000000;0,000000; Sync 
2024-01-18;02:54:00;25,1;24,5;20,3;23,7;1131,1;-24,900000;-1000,000000;0,000000;0,000000; Sync 
2024-01-18;02:55:00;25,3;24,7;20,5;23,6;1130,7;-24,900000;-1000,000000;0,460919;0,000000; Sync 
2024-01-18;02:56:00;25,1;24,5;20,4;23,7;1131,4;-24,900000;-1000,000000;0,258123;0,000000; Sync 
2024-01-18;02:57:00;25,0;24,5;20,4;23,7;1132,2;-24,900000;-1000,000000;0,463311;0,000000; Sync 
2024-01-18;02:58:00;25,1;24,5;20,4;23,6;1130,5;-24,900000;-1000,000000;0,538709;0,000000; Sync 
2024-01-18;02:59:00;25,1;24,5;20,3;23,6;1130,6;-24,900000;-1000,000000;0,000000;0,000000; Sync 
2024-01-18;03:00:00;25,0;24,4;20,3;23,6;1132,5;-24,900000;-1000,000000;0,140063;0,000000; Sync 
2024-01-18;03:01:00;25,1;24,5;20,4;23,7;1132,4;-24,900000;-1000,000000;0,243742;0,000000; Sync 
2024-01-18;03:02:00;25,1;24,4;20,3;23,7;1130,2;-24,900000;-1000,000000;0,571575;0,000000; Sync 
2024-01-18;03:03:00;25,1;24,5;20,3;23,7;1134,1;-24,900000;-1000,000000;0,614124;0,000000; Sync 
2024-01-18;03:04:00;25,2;24,5;20,3;23,7;1132,2;-24,900000;-1000,000000;0,000000;0,000000; Sync 
2024-01-18;03:05:00;25,1;24,5;20,3;23,7;1133,4;-24,900000;-1000,000000;0,000000;0,000000; Sync 
2024-01-18;03:06:00;25,2;24,6;20,4;23,8;1133,6;-24,900000;-1000,000000;0,665288;0,000000; Sync 
2024-01-18;03:07:00;24,9;24,4;20,3;23,7;1131,7;-24,900000;-1000,000000;0,340957;0,000000; Sync 
2024-01-18;03:08:00;25,1;24,5;20,3;23,7;1133,0;-24,900000;-1000,000000;0,000000;0,000000; Sync 
2024-01-18;03:09:00;25,1;24,5;20,4;23,7;1135,0;-24,900000;-1000,000000;0,848122;0,000000; Sync 
2024-01-18;03:10:00;25,2;24,6;20,4;23,8;1132,3;-24,900000;-1000,000000;0,130940;0,000000; Sync 
2024-01-18;03:11:00;25,1;24,5;20,3;23,6;1133,3;-24,900000;-1000,000000;0,000000;0,000000; Sync 
2024-01-18;03:12:00;25,1;24,5;20,3;23,7;1131,6;-24,900000;-1000,000000;0,000000;0,000000; Sync 
2024-01-18;03:13:00;25,1;24,4;20,3;23,7;1131,4;-24,900000;-1000,000000;0,000000;0,000000; Sync 
2024-01-18;03:14:00;25,2;24,6;20,4;23,8;1132,8;-24,900000;-1000,000000;0,150780;0,000000; Sync 
2024-01-18;03:15:00;25,2;24,6;20,4;23,8;1132,1;-24,900000;-1000,000000;0,000000;0,000000; Sync 
2024-01-18;03:16:00;25,0;24,6;20,4;23,8;1131,1;-24,900000;-1000,000000;0,590189;0,000000; Sync 
2024-01-18;03:17:00;25,2;24,6;20,4;23,8;1131,8;-24,900000;-1000,000000;0,000000;0,000000; Sync 
2024-01-18;03:18:00;25,1;24,5;20,5;23,8;1133,7;-24,900000;-1000,000000;0,000000;0,000000; Sync 
2024-01-18;03:19:00;25,1;24,4;20,4;23,8;1131,4;-24,900000;-1000,000000;0,000000;0,000000; Sync 
2024-01-18;03:20:00;25,1;24,6;20,4;23,8;1130,2;-24,900000;-1000,000000;0,190701;0,000000; Sync 
2024-01-18;03:21:00;25,2;24,6;20,4;23,8;1136,8;-24,900000;-1000,000000;0,201220;0,000000; Sync 
2024-01-18;03:22:00;25,1;24,5;20,4;23,8;1135,0;-24,900000;-1000,000000;0,088296;0,000000; Sync 
2024-01-18;03:23:00;25,2;24,6;20,4;23,8;1133,4;-24,900000;-1000,000000;0,000000;0,000000; Sync 
2024-01-18;03:24:00;25,2;24,5;20,3;23,7;1134,3;-24,900000;-1000,000000;0,000000;0,000000; Sync 
2024-01-18;03:25:00;25,1;24,5;20,4;23,8;1133,0;-24,900000;-1000,000000;0,000000;0,000000; Sync 
2024-01-18;03:26:00;25,2;24,6;20,4;23,8;1133,2;-24,900000;-1000,000000;0,188461;0,000000; Sync 
2024-01-18;03:27:00;25,4;24,7;20,5;23,9;1134,3;-24,900000;-1000,000000;0,053442;0,000000; Sync 
2024-01-18;03:28:00;25,2;24,5;20,4;23,7;1130,9;-24,900000;-1000,000000;0,000000;0,000000; Sync 
2024-01-18;03:29:00;25,1;24,5;20,4;23,7;1131,2;-24,900000;-1000,000000;0,000000;0,000000; Sync 
2024-01-18;03:30:00;25,1;24,5;20,3;23,7;1129,7;-24,900000;-1000,000000;0,000000;0,000000; Sync 
2024-01-18;03:31:00;25,1;24,5;20,4;23,7;1132,3;-24,900000;-1000,000000;0,988632;0,000000; Sync 
2024-01-18;03:32:00;25,2;24,6;20,4;23,8;1131,2;-24,900000;-1000,000000;0,116068;0,000000; Sync 
2024-01-18;03:33:00;25,2;24,6;20,4;23,9;1131,6;-24,900000;-1000,000000;0,048860;0,000000; Sync 
2024-01-18;03:34:00;25,1;24,5;20,3;23,7;1130,9;-24,900000;-1000,000000;0,327900;0,000000; Sync 
2024-01-18;03:35:00;25,1;24,5;20,4;23,7;1132,0;-24,900000;-1000,000000;0,022687;0,000000; Sync 
2024-01-18;03:36:00;25,2;24,5;20,3;23,7;1129,6;-24,900000;-1000,000000;0,093923;0,000000; Sync 
2024-01-18;03:37:00;25,2;24,6;20,5;23,8;1131,7;-24,900000;-1000,000000;0,000000;0,000000; Sync 
2024-01-18;03:38:00;25,1;24,5;20,4;23,8;1131,2;-24,900000;-1000,000000;0,000000;0,000000; Sync 
2024-01-18;03:39:00;25,1;24,6;20,4;23,7;1132,7;-24,900000;-1000,000000;0,000000;0,000000; Sync 
2024-01-18;03:40:00;25,1;24,5;20,5;23,8;1132,1;-24,900000;-1000,000000;0,187246;0,000000; Sync 
2024-01-18;03:41:00;25,2;24,6;20,4;23,7;1130,9;-24,900000;-1000,000000;0,000000;0,000000; Sync 
2024-01-18;03:42:00;25,2;24,6;20,4;23,8;1131,8;-24,900000;-1000,000000;0,071655;0,000000; Sync 
2024-01-18;03:43:00;25,3;24,6;20,4;23,8;1133,4;-24,900000;-1000,000000;0,570399;0,000000; Sync 
2024-01-18;03:44:00;25,1;24,5;20,4;23,7;1131,7;-24,900000;-1000,000000;0,000000;0,000000; Sync 
2024-01-18;03:45:00;25,4;24,7;20,5;23,8;1131,2;-24,900000;-1000,000000;0,181078;0,000000; Sync 
2024-01-18;03:46:00;25,1;24,5;20,4;23,8;1129,8;-24,900000;-1000,000000;0,000000;0,000000; Sync 
2024-01-18;03:47:00;25,1;24,5;20,4;23,8;1130,6;-24,900000;-1000,000000;0,000000;0,000000; Sync 
2024-01-18;03:48:00;25,1;24,5;20,4;23,7;1132,6;-24,900000;-1000,000000;0,068444;0,000000; Sync 
2024-01-18;03:49:00;25,4;24,6;20,5;23,9;1131,3;-24,900000;-1000,000000;0,000000;0,000000; Sync 
2024-01-18;03:50:00;25,3;24,6;20,5;23,8;1130,9;-24,900000;-1000,000000;0,000000;0,000000; Sync 
2024-01-18;03:51:00;25,1;24,5;20,4;23,9;1133,9;-24,900000;-1000,000000;0,002310;0,000000; Sync 
2024-01-18;03:52:00;25,1;24,4;20,3;23,7;1130,3;-24,900000;-1000,000000;0,000000;0,000000; Sync 
2024-01-18;03:53:00;25,1;24,5;20,4;23,8;1130,4;-24,900000;-1000,000000;0,326001;0,000000; Sync 
2024-01-18;03:54:00;25,2;24,5;20,5;23,7;1130,7;-24,900000;-1000,000000;0,345068;0,000000; Sync 
2024-01-18;03:55:00;25,2;24,6;20,4;23,8;1131,8;-24,900000;-1000,000000;0,000000;0,000000; Sync 
2024-01-18;03:55:59;25,2;24,5;20,4;23,8;1131,8;-24,900000;-1000,000000;0,000000;0,000000; Sync 
2024-01-18;03:57:00;25,2;24,5;20,5;23,8;1132,5;-24,900000;-1000,000000;0,559185;0,000000; Sync 
2024-01-18;03:58:00;25,2;24,6;20,5;23,8;1131,2;-24,900000;-1000,000000;0,000000;0,000000; Sync 
2024-01-18;03:59:00;25,2;24,6;20,4;23,8;1132,1;-24,900000;-1000,000000;0,000000;0,000000; Sync 
2024-01-18;04:00:00;25,3;24,7;20,6;23,9;1134,9;-24,900000;-1000,000000;0,552061;0,000000; Sync 
2024-01-18;04:01:00;25,1;24,6;20,5;23,7;1129,5;-24,900000;-1000,000000;0,647042;0,000000; Sync 
2024-01-18;04:02:00;25,2;24,6;20,5;23,8;1132,3;-24,900000;-1000,000000;0,502698;0,000000; Sync 
2024-01-18;04:02:59;25,3;24,6;20,6;23,7;1132,2;-24,900000;-1000,000000;0,132802;0,000000; Sync 
2024-01-18;04:04:00;25,3;24,7;20,6;23,9;1134,6;-24,900000;-1000,000000;0,000000;0,000000; Sync 
2024-01-18;04:05:00;25,1;24,4;20,3;23,8;1131,7;-24,900000;-1000,000000;0,000000;0,000000; Sync 
2024-01-18;04:06:00;25,3;24,7;20,6;23,9;1132,7;-24,900000;-1000,000000;0,422582;0,000000; Sync 
2024-01-18;04:07:00;25,3;24,7;20,6;23,9;1132,7;-24,900000;-1000,000000;0,654602;0,000000; Sync 
2024-01-18;04:08:00;25,2;24,6;20,5;23,9;1129,7;-24,900000;-1000,000000;0,381840;0,000000; Sync 
2024-01-18;04:09:00;25,2;24,6;20,5;23,8;1134,5;-24,900000;-1000,000000;0,523592;0,000000; Sync 
2024-01-18;04:10:00;25,1;24,5;20,5;23,9;1130,9;-24,900000;-1000,000000;0,336754;0,000000; Sync 
2024-01-18;04:11:00;25,2;24,6;20,5;23,8;1131,6;-24,900000;-1000,000000;0,000000;0,000000; Sync 
2024-01-18;04:12:00;25,3;24,7;20,6;23,9;1131,0;-24,900000;-1000,000000;0,583340;0,000000; Sync 
2024-01-18;04:13:00;25,3;24,7;20,6;23,9;1130,9;-24,900000;-1000,000000;0,190219;0,000000; Sync 
2024-01-18;04:14:00;25,2;24,6;20,5;23,8;1135,1;-24,900000;-1000,000000;0,000000;0,000000; Sync 
2024-01-18;04:15:00;25,2;24,7;20,6;23,9;1133,5;-24,900000;-1000,000000;0,384083;0,000000; Sync 
2024-01-18;04:16:00;25,3;24,7;20,6;23,9;1131,8;-24,900000;-1000,000000;0,205876;0,000000; Sync 
2024-01-18;04:17:00;25,3;24,7;20,5;23,8;1132,3;-24,900000;-1000,000000;0,000000;0,000000; Sync 
2024-01-18;04:18:00;25,3;24,7;20,6;23,9;1132,8;-24,900000;-1000,000000;0,148571;0,000000; Sync 
2024-01-18;04:19:00;25,3;24,7;20,6;23,9;1133,0;-24,900000;-1000,000000;0,257577;0,000000; Sync 
2024-01-18;04:20:00;25,3;24,7;20,6;23,9;1129,0;-24,900000;-1000,000000;0,167943;0,000000; Sync 
2024-01-18;04:21:00;25,2;24,7;20,6;23,9;1133,7;-24,900000;-1000,000000;0,000000;0,000000; Sync 
2024-01-18;04:22:00;25,3;24,7;20,6;23,9;1135,0;-24,900000;-1000,000000;0,148877;0,000000; Sync 
2024-01-18;04:23:00;25,2;24,6;20,5;23,8;1129,8;-24,900000;-1000,000000;0,195704;0,000000; Sync 
2024-01-18;04:24:00;25,2;24,6;20,5;23,8;1130,0;-24,900000;-1000,000000;0,257629;0,000000; Sync 
2024-01-18;04:25:00;25,3;24,7;20,6;23,8;1130,9;-24,900000;-1000,000000;0,313102;0,000000; Sync 
2024-01-18;04:26:00;25,2;24,7;20,6;23,9;1133,9;-24,900000;-1000,000000;0,000000;0,000000; Sync 
2024-01-18;04:27:00;25,3;24,7;20,6;23,8;1131,5;-24,900000;-1000,000000;0,092479;0,000000; Sync 
2024-01-18;04:28:00;25,2;24,6;20,5;23,8;1132,5;-24,900000;-1000,000000;0,000000;0,000000; Sync 
2024-01-18;04:29:00;25,3;24,7;20,6;23,9;1133,4;-24,900000;-1000,000000;0,537646;0,000000; Sync 
2024-01-18;04:30:00;25,2;24,6;20,5;23,8;1132,9;-24,900000;-1000,000000;0,000000;0,000000; Sync 
2024-01-18;04:31:00;25,2;24,6;20,5;23,8;1135,2;-24,900000;-1000,000000;0,000000;0,000000; Sync 
2024-01-18;04:32:00;25,2;24,6;20,5;23,8;1131,8;-24,900000;-1000,000000;0,000000;0,000000; Sync 
2024-01-18;04:33:00;25,3;24,7;20,5;23,8;1134,9;-24,900000;-1000,000000;0,000000;0,000000; Sync 
2024-01-18;04:34:00;25,3;24,7;20,6;23,9;1133,2;-24,900000;-1000,000000;0,448077;0,000000; Sync 
2024-01-18;04:35:00;25,2;24,6;20,6;23,9;1132,8;-24,900000;-1000,000000;0,755697;0,000000; Sync 
2024-01-18;04:36:00;25,3;24,7;20,5;23,8;1133,4;-24,900000;-1000,000000;0,525676;0,000000; Sync 
2024-01-18;04:37:00;25,2;24,6;20,5;23,8;1129,9;-24,900000;-1000,000000;0,000000;0,000000; Sync 
2024-01-18;04:38:00;25,2;24,6;20,5;23,8;1131,2;-24,900000;-1000,000000;0,000000;0,000000; Sync 
2024-01-18;04:39:00;25,2;24,6;20,5;24,0;1131,4;-24,900000;-1000,000000;0,000000;0,000000; Sync 
2024-01-18;04:40:00;25,3;24,7;20,6;23,9;1133,6;-24,900000;-1000,000000;0,094188;0,000000; Sync 
2024-01-18;04:41:00;25,3;24,7;20,6;23,9;1134,6;-24,900000;-1000,000000;0,000000;0,000000; Sync 
2024-01-18;04:42:00;25,2;24,7;20,6;23,9;1131,6;-24,900000;-1000,000000;0,265000;0,000000; Sync 
2024-01-18;04:43:00;25,2;24,6;20,5;23,8;1133,2;-24,900000;-1000,000000;0,000000;0,000000; Sync 
2024-01-18;04:44:00;25,3;24,7;20,6;23,9;1134,1;-24,900000;-1000,000000;0,257040;0,000000; Sync 
2024-01-18;04:45:00;25,3;24,7;20,5;23,9;1134,4;-24,900000;-1000,000000;0,069830;0,000000; Sync 
2024-01-18;04:46:00;25,2;24,6;20,5;23,8;1131,2;-24,900000;-1000,000000;0,000000;0,000000; Sync 
2024-01-18;04:47:00;25,3;24,7;20,6;23,9;1133,8;-24,900000;-1000,000000;0,108501;0,000000; Sync 
2024-01-18;04:48:00;25,2;24,6;20,5;23,8;1135,9;-24,900000;-1000,000000;0,000000;0,000000; Sync 
2024-01-18;04:49:00;25,3;24,6;20,5;23,8;1133,8;-24,900000;-1000,000000;0,683112;0,000000; Sync 
2024-01-18;04:50:00;25,2;24,6;20,5;23,8;1132,4;-24,900000;-1000,000000;0,000000;0,000000; Sync 
2024-01-18;04:51:00;25,3;24,7;20,6;23,9;1136,6;-24,900000;-1000,000000;0,144908;0,000000; Sync 
2024-01-18;04:52:00;25,4;24,8;20,5;23,8;1131,4;-24,900000;-1000,000000;0,296075;0,000000; Sync 
2024-01-18;04:53:00;25,2;24,6;20,5;23,8;1131,8;-24,900000;-1000,000000;0,218027;0,000000; Sync 
2024-01-18;04:54:00;25,3;24,8;20,5;23,8;1131,3;-24,900000;-1000,000000;0,018425;0,000000; Sync 
2024-01-18;04:55:00;25,1;24,5;20,4;23,7;1130,9;-24,900000;-1000,000000;0,000000;0,000000; Sync 
2024-01-18;04:56:00;25,3;24,7;20,5;23,8;1133,2;-24,900000;-1000,000000;0,000000;0,000000; Sync 
2024-01-18;04:57:00;25,2;24,6;20,6;23,9;1133,2;-24,900000;-1000,000000;0,192369;0,000000; Sync 
2024-01-18;04:58:00;25,2;24,6;20,5;23,8;1133,1;-24,900000;-1000,000000;0,149471;0,000000; Sync 
2024-01-18;04:59:00;25,2;24,6;20,6;23,9;1133,7;-24,900000;-1000,000000;0,141648;0,000000; Sync 
2024-01-18;05:00:00;25,1;24,6;20,5;23,8;1134,9;-24,900000;-1000,000000;0,196802;0,000000; Sync 
2024-01-18;05:01:00;25,3;24,7;20,6;23,9;1132,9;-24,900000;-1000,000000;0,235127;0,000000; Sync 
2024-01-18;05:02:00;25,2;24,7;20,5;23,9;1135,4;-24,900000;-1000,000000;0,000000;0,000000; Sync 
2024-01-18;05:03:00;25,3;24,6;20,5;23,8;1134,6;-24,900000;-1000,000000;0,000000;0,000000; Sync 
2024-01-18;05:04:00;25,3;24,7;20,6;23,9;1132,0;-24,900000;-1000,000000;0,061445;0,000000; Sync 
2024-01-18;05:05:00;25,2;24,7;20,6;23,9;1134,3;-24,900000;-1000,000000;0,016807;0,000000; Sync 
2024-01-18;05:06:00;25,2;24,6;20,5;23,8;1131,2;-24,900000;-1000,000000;0,000000;0,000000; Sync 
2024-01-18;05:07:00;25,3;24,7;20,6;23,9;1134,3;-24,900000;-1000,000000;0,332705;0,000000; Sync 
2024-01-18;05:08:00;25,4;24,7;20,6;23,8;1132,7;-24,900000;-1000,000000;0,000000;0,000000; Sync 
2024-01-18;05:09:00;25,4;24,6;20,5;23,8;1133,7;-24,900000;-1000,000000;0,247108;0,000000; Sync 
2024-01-18;05:10:00;25,3;24,6;20,5;23,9;1132,8;-24,900000;-1000,000000;0,208727;0,000000; Sync 
2024-01-18;05:11:00;25,3;24,6;20,5;23,8;1132,6;-24,900000;-1000,000000;0,181731;0,000000; Sync 
2024-01-18;05:12:00;25,3;24,6;20,5;23,8;1131,6;-24,900000;-1000,000000;0,239407;0,000000; Sync 
2024-01-18;05:13:00;25,2;24,7;20,5;23,9;1128,9;-24,900000;-1000,000000;0,000000;0,000000; Sync 
2024-01-18;05:14:00;25,2;24,6;20,5;23,8;1134,6;-24,900000;-1000,000000;0,476104;0,000000; Sync 
2024-01-18;05:15:00;25,2;24,6;20,5;23,8;1133,1;-24,900000;-1000,000000;0,063844;0,000000; Sync 
2024-01-18;05:16:00;25,5;24,8;20,7;24,1;1134,1;-24,900000;-1000,000000;0,000000;0,000000; Sync 
2024-01-18;05:17:00;25,2;24,6;20,7;24,1;1135,8;-24,799999;-1000,000000;0,179223;0,000000; Sync 
2024-01-18;05:18:00;25,2;24,6;20,5;23,8;1133,0;-24,799999;-1000,000000;0,177605;0,000000; Sync 
2024-01-18;05:19:00;25,4;24,8;20,6;24,0;1136,1;-24,799999;-1000,000000;0,000000;0,000000; Sync 
2024-01-18;05:19:59;25,4;24,7;20,6;23,9;1133,5;-24,799999;-1000,000000;0,000000;0,000000; Sync 
2024-01-18;05:21:00;25,4;24,7;20,6;24,0;1137,3;-24,799999;-1000,000000;0,000000;0,000000; Sync 
2024-01-18;05:22:00;25,2;24,6;20,5;23,9;1133,8;-24,799999;-1000,000000;0,000000;0,000000; Sync 
2024-01-18;05:23:00;25,4;24,7;20,6;24,0;1135,7;-24,799999;-1000,000000;0,245790;0,000000; Sync 
2024-01-18;05:24:00;25,3;24,7;20,5;23,8;1134,6;-24,799999;-1000,000000;0,154638;0,000000; Sync 
2024-01-18;05:25:00;25,3;24,6;20,5;23,9;1131,1;-24,799999;-1000,000000;0,292510;0,000000; Sync 
2024-01-18;05:26:00;25,3;24,7;20,6;23,9;1132,9;-24,799999;-1000,000000;0,007537;0,000000; Sync 
2024-01-18;05:27:00;25,4;24,7;20,5;23,9;1131,1;-24,799999;-1000,000000;0,000000;0,000000; Sync 
2024-01-18;05:28:00;25,2;24,6;20,5;23,8;1132,5;-24,799999;-1000,000000;0,000000;0,000000; Sync 
2024-01-18;05:29:00;25,2;24,7;20,6;23,9;1132,3;-24,799999;-1000,000000;0,242618;0,000000; Sync 
2024-01-18;05:30:00;25,2;24,6;20,5;23,8;1129,3;-24,799999;-1000,000000;0,000000;0,000000; Sync 
2024-01-18;05:31:00;25,2;24,6;20,5;23,9;1135,2;-24,799999;-1000,000000;0,000000;0,000000; Sync 
2024-01-18;05:32:00;25,3;24,7;20,6;23,9;1132,6;-24,799999;-1000,000000;0,391228;0,000000; Sync 
2024-01-18;05:33:00;25,2;24,6;20,5;23,8;1134,7;-24,799999;-1000,000000;0,353159;0,000000; Sync 
2024-01-18;05:34:00;25,2;24,6;20,5;23,8;1131,2;-24,799999;-1000,000000;0,292550;0,000000; Sync 
2024-01-18;05:35:00;25,3;24,6;20,6;23,9;1134,7;-24,799999;-1000,000000;0,030048;0,000000; Sync 
2024-01-18;05:36:00;25,3;24,7;20,5;23,9;1134,1;-24,799999;-1000,000000;0,046755;0,000000; Sync 
2024-01-18;05:37:00;25,2;24,7;20,5;23,8;1134,9;-24,799999;-1000,000000;0,000000;0,000000; Sync 
2024-01-18;05:38:00;25,4;24,8;20,7;24,0;1136,1;-24,799999;-1000,000000;0,124951;0,000000; Sync 
2024-01-18;05:39:00;25,4;24,7;20,6;23,8;1136,1;-24,799999;-1000,000000;0,000000;0,000000; Sync 
2024-01-18;05:40:00;25,3;24,8;20,6;23,9;1132,5;-24,799999;-1000,000000;0,000000;0,000000; Sync 
2024-01-18;05:41:00;25,3;24,7;20,6;23,9;1134,0;-24,799999;-1000,000000;0,312876;0,000000; Sync 
2024-01-18;05:42:00;25,4;24,6;20,5;23,8;1135,3;-24,799999;-1000,000000;0,008392;0,000000; Sync 
2024-01-18;05:43:00;25,3;24,6;20,5;23,8;1132,0;-24,799999;-1000,000000;0,000000;0,000000; Sync 
2024-01-18;05:44:00;25,2;24,6;20,4;23,9;1132,7;-24,799999;-1000,000000;0,092843;0,000000; Sync 
2024-01-18;05:45:00;25,2;24,6;20,4;23,8;1133,2;-24,799999;-1000,000000;0,076783;0,000000; Sync 
2024-01-18;05:46:00;25,2;24,6;20,5;23,8;1131,4;-24,799999;-1000,000000;0,000000;0,000000; Sync 
2024-01-18;05:47:00;25,3;24,7;20,5;23,8;1134,6;-24,799999;-1000,000000;0,122172;0,000000; Sync 
2024-01-18;05:48:00;25,2;24,6;20,4;23,8;1131,0;-24,799999;-1000,000000;0,000000;0,000000; Sync 
2024-01-18;05:49:00;25,2;24,6;20,5;23,8;1134,2;-24,799999;-1000,000000;0,000000;0,000000; Sync 
2024-01-18;05:50:00;25,2;24,6;20,5;23,8;1131,8;-24,799999;-1000,000000;0,000000;0,000000; Sync 
2024-01-18;05:51:00;25,2;24,6;20,4;23,7;1134,5;-24,799999;-1000,000000;0,005880;0,000000; Sync 
2024-01-18;05:52:00;25,2;24,6;20,5;23,8;1131,8;-24,799999;-1000,000000;0,000000;0,000000; Sync 
2024-01-18;05:53:00;25,5;24,8;20,5;23,8;1131,1;-24,799999;-1000,000000;0,000000;0,000000; Sync 
2024-01-18;05:54:00;25,2;24,6;20,4;23,9;1132,5;-24,799999;-1000,000000;0,000000;0,000000; Sync 
2024-01-18;05:55:00;25,2;24,6;20,5;23,8;1135,4;-24,799999;-1000,000000;0,362543;0,000000; Sync 
2024-01-18;05:56:00;25,3;24,7;20,6;23,9;1136,6;-24,799999;-1000,000000;0,013988;0,000000; Sync 
2024-01-18;05:57:00;25,4;24,6;20,4;23,8;1135,0;-24,799999;-1000,000000;0,000000;0,000000; Sync 
2024-01-18;05:58:00;25,2;24,6;20,5;23,8;1134,5;-24,799999;-1000,000000;0,148506;0,000000; Sync 
2024-01-18;05:59:00;25,2;24,6;20,4;23,8;1133,6;-24,799999;-1000,000000;0,000000;0,000000; Sync 
2024-01-18;06:00:00;25,3;24,7;20,6;24,0;1134,8;-24,799999;-1000,000000;0,115731;0,000000; Sync 
2024-01-18;06:01:00;25,3;24,7;20,5;23,8;1134,0;-24,799999;-1000,000000;0,063513;0,000000; Sync 
2024-01-18;06:02:00;25,3;24,7;20,6;23,9;1136,1;-24,799999;-1000,000000;0,000000;0,000000; Sync 
2024-01-18;06:03:00;25,2;24,6;20,5;23,8;1133,4;-24,799999;-1000,000000;0,000000;0,000000; Sync 
2024-01-18;06:04:00;25,3;24,6;20,5;23,9;1132,5;-24,799999;-1000,000000;0,052536;0,000000; Sync 
2024-01-18;06:05:00;25,4;24,8;20,7;23,9;1133,4;-24,799999;-1000,000000;0,146054;0,000000; Sync 
2024-01-18;06:06:00;25,2;24,7;20,5;23,9;1136,4;-24,799999;-1000,000000;0,172755;0,000000; Sync 
2024-01-18;06:07:00;25,3;24,7;20,5;23,9;1135,0;-24,799999;-1000,000000;0,261897;0,000000; Sync 
2024-01-18;06:08:00;25,3;24,7;20,5;23,8;1133,0;-24,799999;-1000,000000;0,074042;0,000000; Sync 
2024-01-18;06:09:00;25,3;24,7;20,5;23,9;1134,9;-24,799999;-1000,000000;0,028351;0,000000; Sync 
2024-01-18;06:10:00;25,1;24,5;20,4;23,8;1131,4;-24,799999;-1000,000000;0,225634;0,000000; Sync 
2024-01-18;06:11:00;25,2;24,6;20,5;23,9;1133,9;-24,799999;-1000,000000;0,113389;0,000000; Sync 
2024-01-18;06:12:00;25,2;24,6;20,5;23,8;1135,3;-24,799999;-1000,000000;0,561528;0,000000; Sync 
2024-01-18;06:13:00;25,3;24,7;20,5;23,9;1132,3;-24,799999;-1000,000000;0,111983;0,000000; Sync 
2024-01-18;06:14:00;25,3;24,7;20,5;23,9;1136,6;-24,799999;-1000,000000;0,158610;0,000000; Sync 
2024-01-18;06:15:00;25,2;24,6;20,5;23,9;1135,7;-24,799999;-1000,000000;0,219047;0,000000; Sync 
2024-01-18;06:16:00;25,3;24,7;20,5;23,9;1135,0;-24,799999;-1000,000000;0,263948;0,000000; Sync 
2024-01-18;06:17:00;25,2;24,6;20,4;23,9;1134,7;-24,799999;-1000,000000;0,177979;0,000000; Sync 
2024-01-18;06:18:00;25,3;24,6;20,5;23,9;1132,3;-24,799999;-1000,000000;0,040328;0,000000; Sync 
2024-01-18;06:19:00;25,3;24,6;20,4;23,8;1133,2;-24,799999;-1000,000000;0,119548;0,000000; Sync 
2024-01-18;06:20:00;25,3;24,7;20,5;24,0;1135,1;-24,799999;-1000,000000;0,202744;0,000000; Sync 
2024-01-18;06:21:00;25,3;24,7;20,5;23,9;1132,5;-24,799999;-1000,000000;0,131169;0,000000; Sync 
2024-01-18;06:22:00;25,2;24,6;20,5;23,8;1135,3;-24,799999;-1000,000000;0,108711;0,000000; Sync 
2024-01-18;06:23:00;25,2;24,6;20,5;23,8;1133,7;-24,799999;-1000,000000;0,342898;0,000000; Sync 
2024-01-18;06:24:00;25,2;24,6;20,4;23,9;1133,2;-24,799999;-1000,000000;0,000000;0,000000; Sync 
2024-01-18;06:25:00;25,3;24,7;20,5;23,8;1130,4;-24,799999;-1000,000000;0,000000;0,000000; Sync 
2024-01-18;06:26:00;25,2;24,6;20,4;23,9;1132,3;-24,799999;-1000,000000;0,051526;0,000000; Sync 
2024-01-18;06:27:00;25,1;24,5;20,3;23,8;1132,8;-24,799999;-1000,000000;0,044709;0,000000; Sync 
2024-01-18;06:28:00;25,2;24,7;20,4;23,7;1131,1;-24,799999;-1000,000000;0,076792;0,000000; Sync 
2024-01-18;06:29:00;25,2;24,6;20,4;23,8;1134,2;-24,799999;-1000,000000;0,000000;0,000000; Sync 
2024-01-18;06:30:00;25,2;24,7;20,5;23,8;1133,0;-24,799999;-1000,000000;0,216027;0,000000; Sync 
2024-01-18;06:31:00;25,1;24,5;20,3;23,7;1135,6;-24,799999;-1000,000000;0,212098;0,000000; Sync 
2024-01-18;06:32:00;25,3;24,7;20,5;23,8;1133,7;-24,799999;-1000,000000;0,186902;0,000000; Sync 
2024-01-18;06:33:00;25,2;24,7;20,6;24,0;1134,9;-24,799999;-1000,000000;0,266765;0,000000; Sync 
2024-01-18;06:34:00;25,1;24,6;20,4;23,7;1133,3;-24,799999;-1000,000000;0,167244;0,000000; Sync 
2024-01-18;06:35:00;25,3;24,7;20,5;24,0;1135,5;-24,799999;-1000,000000;0,117037;0,000000; Sync 
2024-01-18;06:36:00;25,3;24,7;20,4;23,7;1132,5;-24,799999;-1000,000000;0,414120;0,000000; Sync 
2024-01-18;06:37:00;25,2;24,6;20,4;23,8;1132,5;-24,799999;-1000,000000;0,056285;0,000000; Sync 
2024-01-18;06:38:00;25,1;24,5;20,4;23,8;1134,8;-24,799999;-1000,000000;0,155791;0,000000; Sync 
2024-01-18;06:39:00;25,2;24,6;20,5;23,9;1134,9;-24,799999;-1000,000000;0,000000;0,000000; Sync 
2024-01-18;06:40:00;25,2;24,6;20,4;23,8;1134,3;-24,799999;-1000,000000;0,000000;0,000000; Sync 
2024-01-18;06:41:00;25,2;24,5;20,4;23,7;1134,5;-24,799999;-1000,000000;0,097793;0,000000; Sync 
2024-01-18;06:42:00;25,2;24,8;20,6;24,0;1134,0;-24,799999;-1000,000000;0,219238;0,000000; Sync 
2024-01-18;06:43:00;25,2;24,6;20,4;23,8;1132,5;-24,799999;-1000,000000;0,053092;0,000000; Sync 
2024-01-18;06:44:00;25,2;24,6;20,5;23,9;1136,7;-24,799999;-1000,000000;0,381413;0,000000; Sync 
2024-01-18;06:45:00;25,2;24,6;20,4;23,8;1136,0;-24,799999;-1000,000000;0,032959;0,000000; Sync 
2024-01-18;06:46:00;25,2;24,6;20,4;23,8;1135,9;-24,799999;-1000,000000;0,066693;0,000000; Sync 
2024-01-18;06:47:00;25,2;24,7;20,5;23,9;1132,7;-24,799999;-1000,000000;0,000000;0,000000; Sync 
2024-01-18;06:48:00;25,2;24,6;20,4;23,8;1134,8;-24,799999;-1000,000000;0,000000;0,000000; Sync 
2024-01-18;06:49:00;25,2;24,5;20,4;23,8;1134,8;-24,799999;-1000,000000;0,000000;0,000000; Sync 
2024-01-18;06:50:00;25,2;24,6;20,4;23,7;1134,3;-24,799999;-1000,000000;0,214412;0,000000; Sync 
2024-01-18;06:51:00;25,2;24,7;20,5;23,9;1134,9;-24,799999;-1000,000000;0,148852;0,000000; Sync 
2024-01-18;06:52:00;25,2;24,6;20,4;23,8;1130,7;-24,799999;-1000,000000;0,102670;0,000000; Sync 
2024-01-18;06:53:00;25,2;24,6;20,4;23,7;1133,4;-24,799999;-1000,000000;0,215648;0,000000; Sync 
2024-01-18;06:54:00;25,2;24,6;20,4;23,8;1132,3;-24,799999;-1000,000000;0,189212;0,000000; Sync 
2024-01-18;06:55:00;25,2;24,5;20,4;23,8;1134,9;-24,799999;-1000,000000;0,000000;0,000000; Sync 
2024-01-18;06:56:00;25,3;24,7;20,5;23,9;1135,2;-24,799999;-1000,000000;0,012412;0,000000; Sync 
2024-01-18;06:57:00;25,2;24,6;20,4;23,8;1130,4;-24,799999;-1000,000000;0,117297;0,000000; Sync 
2024-01-18;06:58:00;25,1;24,5;20,4;23,7;1133,0;-24,799999;-1000,000000;0,000000;0,000000; Sync 
2024-01-18;06:59:00;25,2;24,6;20,4;23,8;1133,8;-24,799999;-1000,000000;0,071568;0,000000; Sync 
2024-01-18;07:00:00;25,2;24,7;20,4;23,8;1131,4;-24,799999;-1000,000000;0,000000;0,000000; Sync 
2024-01-18;07:01:00;25,3;24,6;20,4;23,8;1135,9;-24,799999;-1000,000000;0,236330;0,000000; Sync 
2024-01-18;07:02:00;25,2;24,6;20,4;23,8;1132,9;-24,799999;-1000,000000;0,232536;0,000000; Sync 
2024-01-18;07:03:00;25,1;24,5;20,3;23,7;1133,9;-24,799999;-1000,000000;0,191984;0,000000; Sync 
2024-01-18;07:04:00;25,3;24,6;20,4;23,7;1134,6;-24,799999;-1000,000000;0,511064;0,000000; Sync 
2024-01-18;07:05:00;25,1;24,7;20,4;23,9;1130,7;-24,799999;-1000,000000;0,000000;0,000000; Sync 
2024-01-18;07:06:00;25,1;24,5;20,3;23,7;1133,3;-24,799999;-1000,000000;0,000000;0,000000; Sync 
2024-01-18;07:07:00;25,1;24,5;20,3;23,7;1132,7;-24,799999;-1000,000000;0,001422;0,000000; Sync 
2024-01-18;07:08:00;25,2;24,6;20,3;23,7;1133,0;-24,799999;-1000,000000;0,000000;0,000000; Sync 
2024-01-18;07:09:00;25,2;24,6;20,3;23,8;1133,2;-24,799999;-1000,000000;0,091032;0,000000; Sync 
2024-01-18;07:10:00;25,2;24,6;20,3;23,8;1135,9;-24,799999;-1000,000000;0,208978;0,000000; Sync 
2024-01-18;07:11:00;25,1;24,6;20,3;23,8;1131,7;-24,799999;-1000,000000;0,138507;0,000000; Sync 
2024-01-18;07:12:00;25,2;24,6;20,3;23,8;1134,6;-24,799999;-1000,000000;0,823530;0,000000; Sync 
2024-01-18;07:13:00;25,2;24,6;20,3;23,8;1134,0;-24,799999;-1000,000000;0,000000;0,000000; Sync 
2024-01-18;07:14:00;25,1;24,5;20,2;23,7;1132,3;-24,799999;-1000,000000;0,000000;0,000000; Sync 
2024-01-18;07:15:00;25,2;24,6;20,2;23,7;1134,8;-24,799999;-1000,000000;0,000000;0,000000; Sync 
2024-01-18;07:16:00;25,1;24,6;20,3;23,7;1132,2;-24,799999;-1000,000000;0,749894;0,000000; Sync 
2024-01-18;07:17:00;25,2;24,6;20,4;23,8;1133,4;-24,799999;-1000,000000;0,000000;0,000000; Sync 
2024-01-18;07:18:00;25,1;24,5;20,3;23,7;1134,7;-24,700001;-1000,000000;0,061437;0,000000; Sync 
2024-01-18;07:19:00;25,1;24,5;20,3;23,8;1133,6;-24,700001;-1000,000000;0,000000;0,000000; Sync 
2024-01-18;07:20:00;25,1;24,6;20,3;23,7;1134,0;-24,700001;-1000,000000;0,140456;0,000000; Sync 
2024-01-18;07:21:00;25,2;24,6;20,2;23,7;1133,5;-24,700001;-1000,000000;0,024174;0,000000; Sync 
2024-01-18;07:22:00;25,1;24,4;20,2;23,6;1133,9;-24,700001;-1000,000000;0,014451;0,000000; Sync 
2024-01-18;07:23:00;25,1;24,4;20,2;23,7;1132,0;-24,700001;-1000,000000;0,019410;0,000000; Sync 
2024-01-18;07:24:00;25,0;24,4;20,2;23,7;1133,3;-24,700001;-1000,000000;0,019392;0,000000; Sync 
2024-01-18;07:25:00;25,1;24,6;20,3;23,8;1135,0;-24,700001;-1000,000000;0,000000;0,000000; Sync 
2024-01-18;07:26:00;25,1;24,5;20,3;23,8;1134,7;-24,700001;-1000,000000;0,306425;0,000000; Sync 
2024-01-18;07:27:00;25,0;24,4;20,2;23,6;1134,3;-24,700001;-1000,000000;0,000000;0,000000; Sync 
2024-01-18;07:28:00;25,0;24,6;20,3;23,7;1134,8;-24,700001;-1000,000000;0,000000;0,000000; Sync 
2024-01-18;07:29:00;25,0;24,4;20,2;23,6;1133,0;-24,700001;-1000,000000;0,000000;0,000000; Sync 
2024-01-18;07:30:00;25,0;24,3;20,2;23,6;1132,6;-24,700001;-1000,000000;0,200787;0,000000; Sync 
2024-01-18;07:31:00;25,1;24,5;20,2;23,6;1133,2;-24,700001;-1000,000000;0,084406;0,000000; Sync 
2024-01-18;07:32:00;25,0;24,4;20,1;23,6;1133,2;-24,700001;-1000,000000;0,358495;0,000000; Sync 
2024-01-18;07:33:00;25,0;24,3;20,0;23,5;1133,4;-24,700001;-1000,000000;0,000000;0,000000; Sync 
2024-01-18;07:34:00;25,0;24,4;20,1;23,6;1135,2;-24,700001;-1000,000000;0,000000;0,000000; Sync 
2024-01-18;07:35:00;25,0;24,3;20,0;23,5;1131,6;-24,700001;-1000,000000;0,404349;0,000000; Sync 
2024-01-18;07:36:00;25,0;24,4;20,1;23,6;1136,0;-24,700001;-1000,000000;0,142267;0,000000; Sync 
2024-01-18;07:37:00;25,0;24,5;20,1;23,7;1134,5;-24,700001;-1000,000000;0,000000;0,000000; Sync 
2024-01-18;07:38:00;25,0;24,4;20,1;23,6;1131,6;-24,700001;-1000,000000;0,000000;0,000000; Sync 
2024-01-18;07:39:00;25,0;24,4;20,1;23,6;1132,7;-24,700001;-1000,000000;0,000000;0,000000; Sync 
2024-01-18;07:40:00;25,0;24,3;20,0;23,5;1130,7;-24,700001;-1000,000000;0,000000;0,000000; Sync 
2024-01-18;07:41:00;25,0;24,4;20,1;23,6;1130,6;-24,700001;-1000,000000;0,469242;0,000000; Sync 
2024-01-18;07:42:00;24,9;24,3;20,0;23,5;1134,1;-24,700001;-1000,000000;0,000000;0,000000; Sync 
2024-01-18;07:43:00;25,0;24,4;20,1;23,6;1135,6;-24,700001;-1000,000000;0,239867;0,000000; Sync 
2024-01-18;07:44:00;24,9;24,3;20,0;23,5;1134,0;-24,700001;-1000,000000;0,468896;0,000000; Sync 
2024-01-18;07:45:00;24,9;24,3;20,1;23,6;1130,8;-24,700001;-1000,000000;0,085832;0,000000; Sync 
2024-01-18;07:46:00;24,9;24,3;20,0;23,4;1133,9;-24,700001;-1000,000000;0,426597;0,000000; Sync 
2024-01-18;07:47:00;25,0;24,4;20,1;23,6;1132,9;-24,700001;-1000,000000;0,000000;0,000000; Sync 
2024-01-18;07:48:00;24,8;24,3;20,1;23,6;1134,6;-24,700001;-1000,000000;0,008291;0,000000; Sync 
2024-01-18;07:49:00;24,8;24,3;20,0;23,5;1134,5;-24,700001;-1000,000000;0,284891;0,000000; Sync 
2024-01-18;07:50:00;25,0;24,3;20,1;23,6;1132,7;-24,700001;-1000,000000;0,255467;0,000000; Sync 
2024-01-18;07:51:00;24,9;24,4;19,9;23,4;1132,3;-24,700001;-1000,000000;0,181001;0,000000; Sync 
2024-01-18;07:52:00;24,9;24,2;20,0;23,5;1131,4;-24,700001;-1000,000000;0,596224;0,000000; Sync 
2024-01-18;07:53:00;25,0;24,3;20,1;23,6;1134,3;-24,700001;-1000,000000;0,000000;0,000000; Sync 
2024-01-18;07:54:00;25,0;24,5;20,2;23,7;1133,0;-24,700001;-1000,000000;0,000000;0,000000; Sync 
2024-01-18;07:55:00;24,8;24,2;20,1;23,6;1132,0;-24,700001;-1000,000000;0,000000;0,000000; Sync 
2024-01-18;07:56:00;24,8;24,2;20,0;23,4;1134,0;-24,700001;-1000,000000;0,000000;0,000000; Sync 
2024-01-18;07:57:00;24,9;24,3;20,1;23,5;1131,3;-24,700001;-1000,000000;0,000000;0,000000; Sync 
2024-01-18;07:58:00;24,8;24,2;20,0;23,4;1134,4;-24,700001;-1000,000000;0,555834;0,000000; Sync 
2024-01-18;07:59:00;24,9;24,3;19,9;23,4;1135,0;-24,700001;-1000,000000;0,000000;0,000000; Sync 
2024-01-18;08:00:00;25,0;24,4;20,2;23,6;1135,7;-24,700001;-1000,000000;0,367845;0,000000; Sync 
2024-01-18;08:01:00;24,9;24,3;20,1;23,5;1135,8;-24,700001;-1000,000000;0,756346;0,000000; Sync 
2024-01-18;08:02:00;24,9;24,3;20,1;23,5;1140,0;-24,700001;-1000,000000;0,000000;0,000000; Sync 
2024-01-18;08:03:00;24,8;24,2;20,0;23,4;1132,8;-24,700001;-1000,000000;0,000000;0,000000; Sync 
2024-01-18;08:04:00;24,8;24,2;20,0;23,4;1132,9;-24,700001;-1000,000000;0,029154;0,000000; Sync 
2024-01-18;08:05:00;24,9;24,3;20,1;23,5;1133,8;-24,700001;-1000,000000;0,345678;0,000000; Sync 
2024-01-18;08:06:00;24,8;24,2;20,0;23,4;1132,4;-24,700001;-1000,000000;0,000000;0,000000; Sync 
2024-01-18;08:07:00;24,8;24,1;19,9;23,3;1133,6;-24,700001;-1000,000000;0,061547;0,000000; Sync 
2024-01-18;08:08:00;24,9;24,3;20,0;23,4;1135,0;-24,700001;-1000,000000;0,000000;0,000000; Sync 
2024-01-18;08:09:00;24,9;24,2;20,0;23,4;1137,1;-24,700001;-1000,000000;0,205123;0,000000; Sync 
2024-01-18;08:10:00;24,7;24,1;19,9;23,4;1135,1;-24,700001;-1000,000000;0,000000;0,000000; Sync 
2024-01-18;08:11:00;24,8;24,2;20,0;23,5;1132,8;-24,700001;-1000,000000;0,000000;0,000000; Sync 
2024-01-18;08:12:00;24,8;24,1;19,9;23,4;1133,2;-24,700001;-1000,000000;0,000000;0,000000; Sync 
2024-01-18;08:13:00;24,7;24,1;19,9;23,4;1133,2;-24,700001;-1000,000000;0,677549;0,000000; Sync 
2024-01-18;08:14:00;24,8;24,2;20,0;23,4;1134,6;-24,700001;-1000,000000;0,381478;0,000000; Sync 
2024-01-18;08:15:00;24,7;24,1;19,9;23,3;1133,8;-24,700001;-1000,000000;0,537688;0,000000; Sync 
2024-01-18;08:16:00;24,8;24,2;20,0;23,3;1135,0;-24,700001;-1000,000000;0,000000;0,000000; Sync 
2024-01-18;08:17:00;24,8;24,2;19,9;23,4;1136,5;-24,700001;-1000,000000;0,000000;0,000000; Sync 
2024-01-18;08:18:00;24,9;24,3;20,1;23,5;1136,1;-24,700001;-1000,000000;0,286554;0,000000; Sync 
2024-01-18;08:19:00;24,6;24,0;19,7;23,3;1134,9;-24,700001;-1000,000000;0,668678;0,000000; Sync 
2024-01-18;08:20:00;24,7;24,1;19,8;23,3;1134,6;-24,700001;-1000,000000;0,000000;0,000000; Sync 
2024-01-18;08:21:00;24,7;24,1;19,9;23,4;1134,3;-24,700001;-1000,000000;0,000000;0,000000; Sync 
2024-01-18;08:22:00;24,7;24,2;19,9;23,4;1135,0;-24,700001;-1000,000000;0,000000;0,000000; Sync 
2024-01-18;08:23:00;24,8;24,2;19,9;23,4;1138,3;-24,700001;-1000,000000;0,000000;0,000000; Sync 
2024-01-18;08:24:00;24,8;24,2;20,0;23,4;1137,5;-24,700001;-1000,000000;0,219505;0,000000; Sync 
2024-01-18;08:25:00;24,7;24,1;19,8;23,4;1135,8;-24,700001;-1000,000000;0,000000;0,000000; Sync 
2024-01-18;08:26:00;24,7;24,1;19,8;23,3;1133,8;-24,700001;-1000,000000;0,546099;0,000000; Sync 
2024-01-18;08:27:00;24,6;24,2;19,9;23,4;1133,9;-24,700001;-1000,000000;0,000000;0,000000; Sync 
2024-01-18;08:28:00;24,8;24,2;19,9;23,3;1133,0;-24,700001;-1000,000000;0,082191;0,000000; Sync 
2024-01-18;08:29:00;24,6;24,0;19,8;23,3;1133,1;-24,700001;-1000,000000;0,000000;0,000000; Sync 
2024-01-18;08:30:00;24,7;24,1;19,9;23,3;1134,1;-24,700001;-1000,000000;0,205778;0,000000; Sync 
2024-01-18;08:31:00;24,6;24,0;19,8;23,3;1135,9;-24,700001;-1000,000000;0,000000;0,000000; Sync 
2024-01-18;08:32:00;24,7;24,2;19,9;23,3;1130,6;-24,700001;-1000,000000;0,415249;0,000000; Sync 
2024-01-18;08:33:00;24,9;24,2;20,0;23,5;1136,2;-24,700001;-1000,000000;0,356501;0,000000; Sync 
2024-01-18;08:34:00;24,6;24,2;20,0;23,4;1135,0;-24,700001;-1000,000000;0,000000;0,000000; Sync 
2024-01-18;08:35:00;24,8;24,2;20,0;23,5;1138,9;-24,700001;-1000,000000;0,000000;0,000000; Sync 
2024-01-18;08:36:00;24,8;24,2;20,0;23,4;1135,7;-24,700001;-1000,000000;0,161911;0,000000; Sync 
2024-01-18;08:37:00;24,6;24,0;19,8;23,2;1134,2;-24,700001;-1000,000000;0,000000;0,000000; Sync 
2024-01-18;08:38:00;24,7;24,0;19,7;23,2;1134,7;-24,700001;-1000,000000;0,188508;0,000000; Sync 
2024-01-18;08:39:00;24,7;24,1;19,9;23,3;1134,6;-24,700001;-1000,000000;0,000000;0,000000; Sync 
2024-01-18;08:40:00;24,7;24,1;19,9;23,3;1135,1;-24,700001;-1000,000000;0,000000;0,000000; Sync 
2024-01-18;08:41:00;24,7;24,0;19,8;23,2;1134,3;-24,700001;-1000,000000;0,002996;0,000000; Sync 
2024-01-18;08:42:00;24,8;24,1;19,9;23,3;1137,2;-24,700001;-1000,000000;0,000000;0,000000; Sync 
2024-01-18;08:43:00;24,6;24,0;19,8;23,2;1134,3;-24,700001;-1000,000000;0,000000;0,000000; Sync 
2024-01-18;08:44:00;24,6;24,0;19,8;23,3;1134,5;-24,700001;-1000,000000;0,000000;0,000000; Sync 
2024-01-18;08:45:00;24,7;24,0;19,8;23,2;1132,6;-24,700001;-1000,000000;0,000000;0,000000; Sync 
2024-01-18;08:46:00;24,7;24,0;19,9;23,4;1134,6;-24,700001;-1000,000000;0,224863;0,000000; Sync 
2024-01-18;08:46:59;24,6;24,1;19,8;23,3;1133,4;-24,700001;-1000,000000;0,000000;0,000000; Sync 
2024-01-18;08:48:00;24,6;24,2;19,9;23,4;1131,4;-24,500000;-1000,000000;0,000000;0,000000; Sync 
2024-01-18;08:49:00;24,8;24,1;19,9;23,4;1138,4;-24,600000;-1000,000000;0,420905;0,000000; Sync 
2024-01-18;08:50:00;24,7;24,1;19,8;23,3;1136,0;-24,700001;-1000,000000;0,280156;0,000000; Sync 
2024-01-18;08:51:00;24,7;24,1;19,8;23,3;1132,5;-24,700001;-1000,000000;0,392686;0,000000; Sync 
2024-01-18;08:52:00;24,7;24,1;19,8;23,3;1133,9;-24,700001;-1000,000000;0,000000;0,000000; Sync 
2024-01-18;08:52:59;24,6;24,0;19,8;23,2;1134,9;-24,700001;-1000,000000;0,168813;0,000000; Sync 
2024-01-18;08:54:00;24,7;24,0;19,8;23,3;1132,7;-24,700001;-1000,000000;0,000000;0,000000; Sync 
2024-01-18;08:55:00;24,5;23,9;19,7;23,2;1134,8;-24,700001;-1000,000000;0,000000;0,000000; Sync 
2024-01-18;08:55:59;24,6;23,9;19,7;23,2;1131,3;-24,700001;-1000,000000;0,000000;0,000000; Sync 
2024-01-18;08:57:00;24,5;23,9;19,7;23,2;1134,4;-24,700001;-1000,000000;0,000000;0,000000; Sync 
2024-01-18;08:58:00;24,6;24,0;19,8;23,3;1135,2;-24,700001;-1000,000000;0,000000;0,000000; Sync 
2024-01-18;08:59:00;24,6;24,1;19,8;23,3;1131,4;-24,700001;-1000,000000;0,303451;0,000000; Sync 
2024-01-18;09:00:00;24,6;24,0;19,8;23,2;1131,0;-24,700001;-1000,000000;0,215196;0,000000; Sync 
2024-01-18;09:01:00;24,6;24,0;19,8;23,2;1131,8;-24,700001;-1000,000000;0,227800;0,000000; Sync 
2024-01-18;09:01:59;24,5;23,9;19,7;23,2;1135,0;-24,700001;-1000,000000;0,000000;0,000000; Sync 
2024-01-18;09:03:00;24,7;24,1;19,8;23,2;1131,8;-24,700001;-1000,000000;0,718236;0,000000; Sync 
2024-01-18;09:04:00;24,7;24,1;19,8;23,3;1135,7;-24,700001;-1000,000000;0,679428;0,000000; Sync 
2024-01-18;09:05:00;24,5;23,9;19,7;23,2;1132,5;-24,700001;-1000,000000;0,000000;0,000000; Sync 
2024-01-18;09:06:00;24,5;23,9;19,7;23,1;1129,8;-24,700001;-1000,000000;0,159707;0,000000; Sync 
2024-01-18;09:07:00;24,6;24,1;19,8;23,3;1131,7;-24,700001;-1000,000000;0,000000;0,000000; Sync 
2024-01-18;09:08:00;24,6;24,0;19,8;23,2;1134,6;-24,700001;-1000,000000;0,359652;0,000000; Sync 
2024-01-18;09:09:00;24,6;24,0;19,7;23,1;1134,6;-24,700001;-1000,000000;0,000000;0,000000; Sync 
2024-01-18;09:10:00;24,6;23,9;19,7;23,1;1134,8;-24,700001;-1000,000000;0,201003;0,000000; Sync 
2024-01-18;09:11:00;24,6;23,9;19,7;23,1;1134,1;-24,700001;-1000,000000;0,000000;0,000000; Sync 
2024-01-18;09:12:00;24,7;24,0;19,8;23,3;1131,6;-24,700001;-1000,000000;0,401776;0,000000; Sync 
2024-01-18;09:13:00;24,5;23,9;19,7;23,2;1133,7;-24,700001;-1000,000000;0,776920;0,000000; Sync 
2024-01-18;09:14:00;24,5;23,9;19,7;23,1;1134,5;-24,700001;-1000,000000;0,000000;0,000000; Sync 
2024-01-18;09:15:00;24,6;24,0;19,8;23,2;1136,3;-24,700001;-1000,000000;0,000000;0,000000; Sync 
2024-01-18;09:16:00;24,6;24,0;19,8;23,2;1132,1;-24,700001;-1000,000000;0,000000;0,000000; Sync 
2024-01-18;09:16:59;24,5;23,9;19,7;23,1;1135,6;-24,700001;-1000,000000;0,933984;0,000000; Sync 
2024-01-18;09:18:00;24,6;24,0;19,8;23,2;1135,0;-24,600000;-1000,000000;0,000000;0,000000; Sync 
2024-01-18;09:19:00;24,6;24,0;19,8;23,2;1139,3;-24,600000;-1000,000000;0,371675;0,000000; Sync 
2024-01-18;09:20:00;24,6;23,9;19,7;23,1;1132,7;-24,600000;-1000,000000;0,170740;0,000000; Sync 
2024-01-18;09:21:00;24,6;24,0;19,8;23,2;1132,3;-24,600000;-1000,000000;0,000000;0,000000; Sync 
2024-01-18;09:22:00;24,5;23,9;19,7;23,1;1130,3;-24,600000;-1000,000000;0,000000;0,000000; Sync 
2024-01-18;09:23:00;24,5;23,9;19,7;23,1;1130,4;-24,400000;-1000,000000;0,569346;0,000000; Sync 
2024-01-18;09:24:00;24,5;24,0;19,8;23,2;1134,5;-24,500000;-1000,000000;0,313711;0,000000; Sync 
2024-01-18;09:25:00;24,4;23,9;19,7;23,2;1132,0;-24,600000;-1000,000000;0,067099;0,000000; Sync 
2024-01-18;09:26:00;24,6;24,0;19,8;23,2;1131,4;-24,600000;-1000,000000;0,000000;0,000000; Sync 
2024-01-18;09:27:00;24,5;23,9;19,6;23,1;1131,1;-24,600000;-1000,000000;0,000000;0,000000; Sync 
2024-01-18;09:28:00;24,5;24,1;19,8;23,2;1133,0;-24,600000;-1000,000000;0,226538;0,000000; Sync 
2024-01-18;09:29:00;24,6;24,0;19,8;23,2;1136,3;-24,600000;-1000,000000;0,000000;0,000000; Sync 
2024-01-18;09:30:00;24,6;24,0;19,8;23,2;1134,7;-24,400000;-1000,000000;0,000000;0,000000; Sync 
2024-01-18;09:31:00;24,5;23,9;19,7;23,1;1130,6;-24,299999;-1000,000000;0,561902;0,000000; Sync 
2024-01-18;09:32:00;24,5;23,9;19,6;23,1;1130,8;-24,400000;-1000,000000;0,000000;0,000000; Sync 
2024-01-18;09:33:00;24,6;23,9;19,6;23,1;1136,2;-24,400000;-1000,000000;0,000000;0,000000; Sync 
2024-01-18;09:34:00;24,5;23,9;19,7;23,2;1135,8;-24,299999;-1000,000000;0,028904;0,000000; Sync 
2024-01-18;09:35:00;24,5;23,9;19,6;23,1;1132,8;-24,400000;-1000,000000;0,000000;0,000000; Sync 
2024-01-18;09:36:00;24,6;24,0;19,6;23,1;1131,2;-24,500000;-1000,000000;0,000000;0,000000; Sync 
2024-01-18;09:37:00;24,6;24,0;19,7;23,2;1131,2;-24,400000;-1000,000000;0,200934;0,000000; Sync 
2024-01-18;09:38:00;24,6;24,0;19,7;23,2;1134,0;-24,400000;-1000,000000;0,041463;0,000000; Sync 
2024-01-18;09:39:00;24,6;24,0;19,7;23,2;1133,8;-24,600000;-1000,000000;0,661020;0,000000; Sync 
2024-01-18;09:40:00;24,6;24,0;19,7;23,2;1134,9;-24,400000;-1000,000000;0,496960;0,000000; Sync 
2024-01-18;09:41:00;24,4;23,9;19,6;23,1;1132,3;-24,299999;-1000,000000;0,000000;0,000000; Sync 
2024-01-18;09:42:00;24,6;24,0;19,7;23,1;1134,3;-24,400000;-1000,000000;0,000000;0,000000; Sync 
2024-01-18;09:43:00;24,5;23,9;19,6;23,1;1135,7;-24,500000;-1000,000000;0,420925;0,000000; Sync 
2024-01-18;09:44:00;24,5;23,8;19,6;23,1;1130,7;-24,400000;-1000,000000;0,000000;0,000000; Sync 
2024-01-18;09:44:59;24,4;24,0;19,7;23,1;1130,0;-24,299999;-1000,000000;0,590467;0,000000; Sync 
2024-01-18;09:46:00;24,4;23,8;19,6;23,0;1130,7;-24,400000;-1000,000000;0,247933;0,000000; Sync 
2024-01-18;09:47:00;24,5;23,8;19,6;23,0;1131,7;-24,500000;-1000,000000;0,000000;0,000000; Sync 
2024-01-18;09:48:00;24,4;23,8;19,6;23,0;1133,7;-24,400000;-1000,000000;0,000000;0,000000; Sync 
2024-01-18;09:49:00;24,5;23,9;19,7;23,1;1129,1;-24,400000;-1000,000000;0,451000;0,000000; Sync 
2024-01-18;09:50:00;24,6;24,0;19,7;23,1;1134,2;-24,400000;-1000,000000;0,503289;0,000000; Sync 
2024-01-18;09:51:00;24,5;23,8;19,6;23,1;1134,3;-24,299999;-1000,000000;0,000000;0,000000; Sync 
2024-01-18;09:52:00;24,5;23,9;19,7;23,1;1130,7;-24,400000;-1000,000000;0,395259;0,000000; Sync 
2024-01-18;09:53:00;24,4;23,8;19,6;23,0;1134,5;-24,400000;-1000,000000;0,312944;0,000000; Sync 
2024-01-18;09:54:00;24,5;24,0;19,7;23,1;1132,7;-24,400000;-1000,000000;0,000000;0,000000; Sync 
2024-01-18;09:55:00;24,4;23,8;19,6;23,0;1134,5;-24,400000;-1000,000000;0,000000;0,000000; Sync 
2024-01-18;09:56:00;24,4;23,8;19,6;23,0;1130,8;-24,400000;-1000,000000;0,875648;0,000000; Sync 
2024-01-18;09:57:00;24,4;23,8;19,6;23,0;1135,9;-24,400000;-1000,000000;0,023500;0,000000; Sync 
2024-01-18;09:58:00;24,5;23,9;19,7;23,1;1133,2;-24,299999;-1000,000000;0,864804;0,000000; Sync 
2024-01-18;09:59:00;24,4;23,8;19,5;23,0;1129,5;-24,299999;-1000,000000;0,187144;0,000000; Sync 
2024-01-18;10:00:00;24,5;23,8;19,5;23,0;1130,6;-24,400000;-1000,000000;0,000000;0,000000; Sync 
2024-01-18;10:01:00;24,4;23,8;19,6;23,0;1132,7;-24,600000;-1000,000000;0,000000;0,000000; Sync 
2024-01-18;10:02:00;24,4;23,8;19,6;23,1;1133,2;-24,400000;-1000,000000;0,940599;0,000000; Sync 
2024-01-18;10:03:00;24,4;23,8;19,5;23,1;1131,0;-24,400000;-1000,000000;0,000000;0,000000; Sync 
2024-01-18;10:04:00;24,5;23,9;19,6;23,0;1133,4;-24,600000;-1000,000000;0,000000;0,000000; Sync 
2024-01-18;10:05:00;24,5;23,9;19,7;23,1;1135,9;-24,600000;-1000,000000;0,000000;0,000000; Sync 
2024-01-18;10:06:00;24,5;23,9;19,5;23,0;1132,8;-24,600000;-1000,000000;0,289770;0,000000; Sync 
2024-01-18;10:07:00;24,5;23,9;19,6;23,1;1133,6;-24,400000;-1000,000000;0,119625;0,000000; Sync 
2024-01-18;10:08:00;24,4;23,8;19,6;23,0;1133,0;-24,400000;-1000,000000;0,000000;0,000000; Sync 
2024-01-18;10:09:00;24,5;23,9;19,6;23,1;1132,5;-24,400000;-1000,000000;0,000000;0,000000; Sync 
2024-01-18;10:10:00;24,5;23,9;19,6;23,1;1134,0;-24,600000;-1000,000000;0,000000;0,000000; Sync 
2024-01-18;10:11:00;24,4;23,8;19,5;23,0;1135,5;-24,400000;-1000,000000;0,306256;0,000000; Sync 
2024-01-18;10:12:00;24,4;23,8;19,5;23,2;1136,2;-24,299999;-1000,000000;0,443596;0,000000; Sync 
2024-01-18;10:13:00;24,3;23,8;19,5;23,1;1135,7;-24,400000;-1000,000000;0,000000;0,000000; Sync 
2024-01-18;10:14:00;24,5;23,8;19,5;23,0;1134,0;-24,400000;-1000,000000;0,285362;0,000000; Sync 
2024-01-18;10:15:00;24,5;23,9;19,5;23,1;1132,9;-24,299999;-1000,000000;0,313787;0,000000; Sync 
2024-01-18;10:16:00;24,5;23,8;19,4;23,1;1136,2;-24,299999;-1000,000000;0,000000;0,000000; Sync 
2024-01-18;10:17:00;24,4;23,8;19,4;23,1;1132,0;-24,299999;-1000,000000;0,452648;0,000000; Sync 
2024-01-18;10:18:00;24,3;23,7;19,3;23,0;1131,7;-24,299999;-1000,000000;0,000000;0,000000; Sync 
2024-01-18;10:19:00;24,4;23,8;19,4;23,0;1132,1;-24,299999;-1000,000000;0,192688;0,000000; Sync 
2024-01-18;10:20:00;24,4;23,8;19,3;23,0;1131,8;-24,299999;-1000,000000;0,384962;0,000000; Sync 
2024-01-18;10:21:00;24,3;23,8;19,3;23,0;1132,2;-24,299999;-1000,000000;0,209046;0,000000; Sync 
2024-01-18;10:22:00;24,3;23,7;19,3;23,0;1133,5;-24,299999;-1000,000000;0,000000;0,000000; Sync 
2024-01-18;10:23:00;24,3;23,8;19,3;23,0;1134,7;-24,299999;-1000,000000;0,000000;0,000000; Sync 
2024-01-18;10:24:00;24,4;23,8;19,3;23,0;1130,8;-24,299999;-1000,000000;0,000000;0,000000; Sync 
2024-01-18;10:25:00;24,3;23,7;19,3;23,0;1133,6;-24,299999;-1000,000000;0,000000;0,000000; Sync 
2024-01-18;10:26:00;24,4;23,7;19,3;23,0;1134,1;-24,299999;-1000,000000;0,346754;0,000000; Sync 
2024-01-18;10:27:00;24,2;23,6;19,2;22,9;1134,1;-24,299999;-1000,000000;0,498983;0,000000; Sync 
2024-01-18;10:28:00;24,2;23,6;19,1;22,8;1135,0;-24,299999;-1000,000000;0,000000;0,000000; Sync 
2024-01-18;10:29:00;24,2;23,6;19,1;22,8;1133,8;-24,299999;-1000,000000;0,000000;0,000000; Sync 
2024-01-18;10:30:00;24,3;23,7;19,2;22,9;1131,9;-24,299999;-1000,000000;0,266637;0,000000; Sync 
2024-01-18;10:31:00;24,2;23,6;19,1;22,8;1133,0;-24,299999;-1000,000000;0,000000;0,000000; Sync 
2024-01-18;10:32:00;24,3;23,7;19,1;22,8;1134,8;-24,299999;-1000,000000;0,000000;0,000000; Sync 
2024-01-18;10:33:00;24,2;23,6;19,1;22,8;1135,5;-24,299999;-1000,000000;0,118757;0,000000; Sync 
2024-01-18;10:34:00;24,3;23,7;19,2;23,0;1135,7;-24,299999;-1000,000000;0,521151;0,000000; Sync 
2024-01-18;10:35:00;24,2;23,6;19,1;22,9;1135,6;-24,299999;-1000,000000;0,323252;0,000000; Sync 
2024-01-18;10:36:00;24,0;23,4;19,0;22,8;1135,6;-24,299999;-1000,000000;0,225364;0,000000; Sync 
2024-01-18;10:37:00;24,1;23,5;19,0;22,7;1132,5;-24,299999;-1000,000000;0,385026;0,000000; Sync 
2024-01-18;10:38:00;24,2;23,6;19,1;22,8;1132,1;-24,299999;-1000,000000;0,278661;0,000000; Sync 
2024-01-18;10:39:00;24,0;23,5;18,9;22,7;1134,2;-24,299999;-1000,000000;0,320536;0,000000; Sync 
2024-01-18;10:40:00;24,2;23,6;19,1;22,8;1132,4;-24,299999;-1000,000000;0,000000;0,000000; Sync 
2024-01-18;10:40:59;24,0;23,4;18,9;22,7;1134,5;-24,299999;-1000,000000;0,000000;0,000000; Sync 
2024-01-18;10:42:00;24,0;23,4;19,0;22,8;1133,0;-24,299999;-1000,000000;0,000000;0,000000; Sync 
2024-01-18;10:43:00;24,1;23,5;19,0;22,8;1133,2;-24,299999;-1000,000000;0,000000;0,000000; Sync 
2024-01-18;10:44:00;24,0;23,4;18,9;22,7;1133,9;-24,299999;-1000,000000;0,000000;0,000000; Sync 
2024-01-18;10:45:00;24,0;23,4;19,0;22,8;1133,1;-24,299999;-1000,000000;0,000000;0,000000; Sync 
2024-01-18;10:46:00;24,1;23,5;19,0;22,7;1132,0;-24,299999;-1000,000000;0,159347;0,000000; Sync 
2024-01-18;10:47:00;24,0;23,4;18,8;22,8;1133,7;-24,299999;-1000,000000;0,000000;0,000000; Sync 
2024-01-18;10:48:00;24,1;23,6;19,1;22,8;1133,0;-24,299999;-1000,000000;0,188281;0,000000; Sync 
2024-01-18;10:49:00;24,0;23,4;18,9;22,7;1132,9;-24,299999;-1000,000000;0,209790;0,000000; Sync 
2024-01-18;10:50:00;24,0;23,4;18,9;22,7;1131,7;-24,299999;-1000,000000;0,000000;0,000000; Sync 
2024-01-18;10:51:00;23,9;23,3;19,0;22,7;1133,2;-24,299999;-1000,000000;0,000000;0,000000; Sync 
2024-01-18;10:52:00;24,1;23,4;19,0;22,7;1131,9;-24,299999;-1000,000000;0,000000;0,000000; Sync 
2024-01-18;10:53:00;24,0;23,4;19,0;22,7;1132,1;-24,299999;-1000,000000;0,000000;0,000000; Sync 
2024-01-18;10:54:00;24,0;23,4;18,9;22,6;1131,9;-24,299999;-1000,000000;0,032484;0,000000; Sync 
2024-01-18;10:55:00;24,0;23,5;19,0;22,6;1134,1;-24,299999;-1000,000000;0,256384;0,000000; Sync 
2024-01-18;10:56:00;24,0;23,4;19,0;22,6;1132,7;-24,299999;-1000,000000;0,000000;0,000000; Sync 
2024-01-18;10:57:00;23,9;23,3;18,9;22,5;1131,4;-24,299999;-1000,000000;0,000000;0,000000; Sync 
2024-01-18;10:58:00;24,0;23,4;19,0;22,6;1133,0;-24,299999;-1000,000000;0,000000;0,000000; Sync 
2024-01-18;10:59:00;23,9;23,3;18,9;22,5;1132,8;-24,299999;-1000,000000;0,000000;0,000000; Sync 
2024-01-18;11:00:00;24,0;23,4;19,0;22,6;1133,0;-24,299999;-1000,000000;0,183988;0,000000; Sync 
2024-01-18;11:01:00;24,0;23,4;19,0;22,6;1131,3;-24,299999;-1000,000000;0,255466;0,000000; Sync 
2024-01-18;11:02:00;24,0;23,4;19,0;22,6;1131,9;-24,299999;-1000,000000;0,252362;0,000000; Sync 
2024-01-18;11:03:00;24,0;23,4;19,1;22,6;1135,7;-24,299999;-1000,000000;0,000000;0,000000; Sync 
2024-01-18;11:04:00;24,0;23,4;19,1;22,5;1134,0;-24,299999;-1000,000000;0,000000;0,000000; Sync 
2024-01-18;11:05:00;24,0;23,4;19,2;22,7;1135,5;-24,299999;-1000,000000;0,000000;0,000000; Sync 
2024-01-18;11:06:00;24,0;23,4;19,0;22,6;1132,6;-24,299999;-1000,000000;0,000000;0,000000; Sync 
2024-01-18;11:07:00;24,0;23,4;19,1;22,6;1133,2;-24,299999;-1000,000000;0,000000;0,000000; Sync 
2024-01-18;11:08:00;24,0;23,4;19,0;22,6;1134,3;-24,299999;-1000,000000;0,000000;0,000000; Sync 
2024-01-18;11:09:00;24,0;23,4;19,1;22,5;1134,0;-24,299999;-1000,000000;0,000000;0,000000; Sync 
2024-01-18;11:10:00;24,0;23,3;19,0;22,6;1133,4;-24,299999;-1000,000000;0,456140;0,000000; Sync 
2024-01-18;11:11:00;24,0;23,4;19,0;22,5;1130,8;-24,299999;-1000,000000;0,000000;0,000000; Sync 
2024-01-18;11:12:00;24,0;23,4;19,1;22,6;1130,3;-24,299999;-1000,000000;0,000000;0,000000; Sync 
2024-01-18;11:13:00;24,0;23,4;19,1;22,6;1132,8;-24,299999;-1000,000000;0,000000;0,000000; Sync 
2024-01-18;11:14:00;24,0;23,4;19,1;22,6;1134,7;-24,299999;-1000,000000;0,000000;0,000000; Sync 
2024-01-18;11:15:00;24,0;23,4;19,0;22,5;1135,2;-24,299999;-1000,000000;0,410789;0,000000; Sync 
2024-01-18;11:16:00;23,9;23,3;19,0;22,5;1131,2;-24,299999;-1000,000000;0,000000;0,000000; Sync 
2024-01-18;11:17:00;24,0;23,4;19,0;22,5;1135,9;-24,299999;-1000,000000;0,000000;0,000000; Sync 
2024-01-18;11:18:00;23,9;23,3;19,0;22,5;1130,8;-24,299999;-1000,000000;0,106398;0,000000; Sync 
2024-01-18;11:19:00;24,0;23,4;19,0;22,6;1131,7;-24,200001;-1000,000000;0,000000;0,000000; Sync 
2024-01-18;11:20:00;24,0;23,4;19,0;22,5;1133,0;-24,100000;-1000,000000;0,000000;0,000000; Sync 
2024-01-18;11:21:00;24,0;23,4;19,0;22,6;1132,7;-24,100000;-1000,000000;0,000000;0,000000; Sync 
2024-01-18;11:22:00;24,0;23,3;18,9;22,4;1130,0;-24,100000;-1000,000000;0,000000;0,000000; Sync 
2024-01-18;11:23:00;24,0;23,4;19,0;22,5;1134,7;-24,100000;-1000,000000;0,243703;0,000000; Sync 
2024-01-18;11:24:00;23,9;23,5;19,1;22,7;1131,9;-24,100000;-1000,000000;0,000000;0,000000; Sync 
2024-01-18;11:25:00;24,0;23,4;19,0;22,6;1133,3;-24,100000;-1000,000000;0,242100;0,000000; Sync 
2024-01-18;11:26:00;23,9;23,2;18,9;22,4;1131,9;-24,100000;-1000,000000;0,115428;0,000000; Sync 
2024-01-18;11:26:59;23,9;23,3;19,0;22,6;1131,4;-24,100000;-1000,000000;0,000000;0,000000; Sync 
2024-01-18;11:28:00;23,9;23,4;19,0;22,6;1133,9;-24,100000;-1000,000000;0,609962;0,000000; Sync 
2024-01-18;11:29:00;24,0;23,4;19,0;22,6;1132,8;-24,100000;-1000,000000;0,303416;0,000000; Sync 
