Var1,m,dm,dy,h,mi,G_Gh,hs,G_Gex,G_Gh_hr,G_Dh,G_Gk,G_Dk,G_Bn,Ta,FF,G_Gcs,Td,PVprod,price
4,3,10,69,14,41,520,27.1,632,507,93,520,93,936,10.7,5.4,490,-4.4,432,5
4,3,10,69,14,42,519,27,630,507,94,519,94,935,10.7,5.4,488,-4.4,431,5
4,3,10,69,14,43,501,26.9,627,507,79,501,79,932,10.7,5.5,486,-4.4,416,5
4,3,10,69,14,44,509,26.8,625,507,89,509,89,931,10.7,5.6,483,-4.4,423,5
4,3,10,69,14,45,513,26.7,623,507,95,513,95,930,10.7,5.6,481,-4.3,427,5
4,3,10,69,14,46,479,26.6,620,507,65,479,65,925,10.7,5.7,479,-4.3,399,5
4,3,10,69,14,47,481,26.5,618,507,69,481,69,924,10.7,5.7,477,-4.3,401,5
4,3,10,69,14,48,482,26.4,616,507,71,482,71,925,10.6,5.8,475,-4.3,402,5
4,3,10,69,14,49,492,26.3,613,507,82,492,82,927,10.6,5.9,473,-4.3,410,5
4,3,10,69,14,50,483,26.1,611,507,76,483,76,924,10.6,5.9,470,-4.3,403,5
4,3,10,69,14,51,491,26,608,507,86,491,86,923,10.6,6,468,-4.3,410,5
4,3,10,69,14,52,489,25.9,606,507,86,489,86,922,10.6,6,466,-4.3,408,5
4,3,10,69,14,53,489,25.8,603,507,88,489,88,921,10.6,6.1,464,-4.3,408,5
4,3,10,69,14,54,487,25.7,601,507,88,487,88,920,10.6,6.1,461,-4.3,406,5
4,3,10,69,14,55,490,25.6,598,507,93,490,93,919,10.6,6.2,459,-4.3,409,5
4,3,10,69,14,56,490,25.5,596,507,95,490,95,919,10.6,6.3,457,-4.3,409,5
4,3,10,69,14,57,489,25.4,593,507,97,489,97,916,10.6,6.3,455,-4.2,408,5
4,3,10,69,14,58,487,25.2,591,507,97,487,97,915,10.6,6.4,452,-4.2,406,5
4,3,10,69,14,59,485,25.1,588,507,97,485,97,914,10.6,6.4,450,-4.2,405,5
4,3,10,69,15,0,483,25,586,507,97,483,97,913,10.6,6.5,448,-4.2,403,5
4,3,10,69,15,1,431,24.9,583,369,54,431,54,896,10.6,6.6,445,-4.2,360,5
4,3,10,69,15,2,423,24.8,581,369,51,423,51,888,10.6,6.6,443,-4.2,354,5
4,3,10,69,15,3,427,24.6,578,369,54,427,54,894,10.5,6.7,441,-4.2,358,5
4,3,10,69,15,4,421,24.5,575,369,52,421,52,889,10.5,6.7,438,-4.2,353,5
4,3,10,69,15,5,417,24.4,573,369,51,417,51,886,10.5,6.8,436,-4.2,350,5
4,3,10,69,15,6,419,24.3,570,369,53,419,53,890,10.5,6.8,433,-4.2,352,5
4,3,10,69,15,7,419,24.2,567,369,55,419,55,889,10.5,6.9,431,-4.2,352,5
4,3,10,69,15,8,415,24.1,565,369,54,415,54,886,10.5,7,429,-4.2,349,5
4,3,10,69,15,9,415,23.9,562,369,55,415,55,887,10.4,7,426,-4.1,349,5
4,3,10,69,15,10,414,23.8,559,369,56,414,56,887,10.4,7.1,424,-4.1,348,5
4,3,10,69,15,11,412,23.7,557,369,56,412,56,886,10.4,7.1,421,-4.1,347,5
4,3,10,69,15,12,410,23.6,554,369,56,410,56,885,10.4,7.2,419,-4.1,345,5
4,3,10,69,15,13,408,23.4,551,369,56,408,56,885,10.4,7.3,416,-4.1,344,5
4,3,10,69,15,14,405,23.3,549,369,56,405,56,882,10.4,7.3,414,-4.1,341,5
4,3,10,69,15,15,403,23.2,546,369,56,403,56,881,10.3,7.4,412,-4.1,340,5
4,3,10,69,15,16,401,23.1,543,369,56,401,56,880,10.3,7.4,409,-4.1,338,5
4,3,10,69,15,17,399,23,540,369,57,399,57,877,10.3,7.5,407,-4.1,336,5
4,3,10,69,15,18,397,22.8,538,369,57,397,57,876,10.3,7.5,404,-4.1,335,5
4,3,10,69,15,19,395,22.7,535,369,57,395,57,876,10.3,7.6,402,-4.1,333,5
4,3,10,69,15,20,393,22.6,532,369,57,393,57,875,10.3,7.7,399,-4.1,332,5
4,3,10,69,15,21,391,22.4,529,369,58,391,58,872,10.3,7.7,396,-4,330,5
4,3,10,69,15,22,389,22.3,526,369,58,389,58,871,10.3,7.8,394,-4,328,5
4,3,10,69,15,23,387,22.2,524,369,58,387,58,871,10.3,7.8,391,-4,327,5
4,3,10,69,15,24,385,22.1,521,369,58,385,58,870,10.2,7.9,389,-4,325,5
4,3,10,69,15,25,383,21.9,518,369,59,383,59,867,10.2,8,386,-4,324,5
4,3,10,69,15,26,379,21.8,515,369,57,379,57,867,10.2,8,384,-4,320,5
4,3,10,69,15,27,377,21.7,512,369,58,377,58,863,10.2,8.1,381,-4,319,5
4,3,10,69,15,28,376,21.6,509,369,59,376,59,863,10.2,8.1,379,-4,318,5
4,3,10,69,15,29,374,21.4,506,369,59,374,59,862,10.2,8.2,376,-4,316,5
4,3,10,69,15,30,372,21.3,503,369,60,372,60,859,10.2,8.2,373,-4,315,5
4,3,10,69,15,31,370,21.2,500,369,60,370,60,858,10.2,8.3,371,-4,313,5
4,3,10,69,15,32,368,21,498,369,71,368,71,827,10.1,8.3,368,-4,312,5
4,3,10,69,15,33,322,20.9,495,369,56,322,56,745,10.1,8.2,365,-4,273,5
4,3,10,69,15,34,323,20.8,492,369,53,323,53,761,10.1,8.2,363,-4,274,5
4,3,10,69,15,35,327,20.6,489,369,49,327,49,788,10.1,8.1,360,-4,278,5
4,3,10,69,15,36,328,20.5,486,369,48,328,48,799,10.1,8.1,358,-4,279,5
4,3,10,69,15,37,330,20.4,483,369,47,330,47,813,10,8.1,355,-4,281,5
4,3,10,69,15,38,330,20.3,480,369,47,330,47,818,10,8,352,-4,281,5
4,3,10,69,15,39,331,20.1,477,369,47,331,47,826,10,8,350,-3.9,282,5
4,3,10,69,15,40,331,20,474,369,48,331,48,828,10,8,347,-3.9,282,5
4,3,10,69,15,41,330,19.9,471,369,49,330,49,827,10,7.9,344,-3.9,281,5
4,3,10,69,15,42,330,19.7,468,369,50,330,50,830,10,7.9,341,-3.9,281,5
4,3,10,69,15,43,330,19.6,465,369,52,330,52,829,9.9,7.8,339,-3.9,281,5
4,3,10,69,15,44,329,19.4,461,369,52,329,52,832,9.9,7.8,336,-3.9,280,5
4,3,10,69,15,45,329,19.3,458,369,54,329,54,831,9.9,7.8,333,-3.9,280,5
4,3,10,69,15,46,326,19.2,455,369,54,326,54,828,9.9,7.7,331,-3.9,278,5
4,3,10,69,15,47,326,19,452,369,56,326,56,827,9.9,7.7,328,-3.9,278,5
4,3,10,69,15,48,324,18.9,449,369,56,324,56,827,9.9,7.6,325,-3.9,276,5
4,3,10,69,15,49,323,18.8,446,369,58,323,58,823,9.8,7.6,322,-3.9,275,5
4,3,10,69,15,50,321,18.6,443,369,58,321,58,823,9.8,7.6,320,-3.9,274,5
4,3,10,69,15,51,320,18.5,440,369,59,320,59,823,9.8,7.5,317,-3.9,273,5
4,3,10,69,15,52,319,18.4,437,369,61,319,61,819,9.8,7.5,314,-3.9,272,5
4,3,10,69,15,53,317,18.2,433,369,61,317,61,819,9.8,7.5,311,-3.9,270,5
4,3,10,69,15,54,315,18.1,430,369,62,315,62,815,9.7,7.4,309,-3.9,269,5
4,3,10,69,15,55,314,17.9,427,369,63,314,63,814,9.7,7.4,306,-3.9,268,5
4,3,10,69,15,56,312,17.8,424,369,64,312,64,811,9.7,7.3,303,-3.9,266,5
4,3,10,69,15,57,309,17.7,421,369,63,309,63,810,9.7,7.3,300,-3.9,264,5
4,3,10,69,15,58,309,17.5,417,369,66,309,66,807,9.7,7.3,297,-3.9,264,5
4,3,10,69,15,59,306,17.4,414,369,65,306,65,806,9.7,7.2,295,-3.9,261,5
4,3,10,69,16,0,304,17.3,411,369,66,304,66,802,9.6,7.2,292,-3.9,260,5
4,3,10,69,16,1,295,17.1,408,204,81,295,81,727,9.6,7.2,289,-3.9,252,5
4,3,10,69,16,2,291,17,405,204,77,291,77,733,9.6,7.1,286,-3.9,249,5
4,3,10,69,16,3,291,16.8,401,204,77,291,77,739,9.6,7.1,283,-3.9,249,5
4,3,10,69,16,4,285,16.7,398,204,71,285,71,745,9.8,7,281,-3.9,244,5
4,3,10,69,16,5,280,16.6,395,204,66,280,66,751,9.7,7,278,-3.9,240,5
4,3,10,69,16,6,281,16.4,392,204,67,281,67,757,9.7,7,275,-3.9,241,5
4,3,10,69,16,7,277,16.3,388,204,63,277,63,764,9.7,6.9,272,-3.9,237,5
4,3,10,69,16,8,270,16.1,385,204,56,270,56,770,9.7,6.9,269,-3.9,231,5
4,3,10,69,16,9,268,16,382,204,54,268,54,777,9.7,6.8,266,-3.9,230,5
4,3,10,69,16,10,268,15.8,378,204,56,268,56,777,9.6,6.8,264,-3.9,230,5
4,3,10,69,16,11,259,15.7,375,204,50,259,50,772,9.6,6.8,261,-3.9,222,5
4,3,10,69,16,12,266,15.6,372,204,59,266,59,772,9.6,6.7,258,-3.9,228,5
4,3,10,69,16,13,259,15.4,368,204,54,259,54,771,9.6,6.7,255,-3.9,222,5
4,3,10,69,16,14,258,15.3,365,204,56,258,56,767,9.6,6.7,252,-3.9,222,5
4,3,10,69,16,15,256,15.1,362,204,56,256,56,766,9.5,6.6,249,-3.9,220,5
4,3,10,69,16,16,249,15,358,204,52,249,52,762,9.5,6.6,246,-3.9,214,5
4,3,10,69,16,17,245,14.8,355,204,51,245,51,758,9.5,6.5,244,-3.9,211,5
4,3,10,69,16,18,245,14.7,352,204,53,245,53,757,9.5,6.5,241,-3.9,211,5
4,3,10,69,16,19,242,14.5,348,204,53,242,53,752,9.5,6.5,238,-3.9,208,5
4,3,10,69,16,20,232,14.4,345,204,46,232,46,748,9.4,6.4,235,-3.9,200,5
4,3,10,69,16,21,235,14.3,341,204,66,235,66,686,9.4,6.4,232,-3.9,203,5
4,3,10,69,16,22,196,14.1,338,204,80,196,80,476,9.4,6.3,229,-3.9,169,5
4,3,10,69,16,23,161,14,334,204,93,161,93,282,9.4,6.3,226,-3.9,139,5
4,3,10,69,16,24,231,13.8,331,204,86,231,86,607,9.4,6.3,224,-3.9,200,5
4,3,10,69,16,25,187,13.7,328,204,56,187,56,554,9.3,6.2,221,-3.9,162,5
4,3,10,69,16,26,177,13.5,324,204,83,177,83,402,9.3,6.2,218,-3.9,153,5
4,3,10,69,16,27,217,13.4,321,204,79,217,79,596,9.3,6.2,215,-3.9,188,5
4,3,10,69,16,28,191,13.2,317,204,42,191,42,651,9.3,6.1,212,-3.9,165,5
4,3,10,69,16,29,214,13.1,314,204,51,214,51,720,9.3,6.1,209,-3.9,185,5
4,3,10,69,16,30,202,12.9,310,204,43,202,43,710,9.3,6,206,-3.9,175,5
4,3,10,69,16,31,193,12.8,307,204,41,193,41,687,9.2,6,203,-3.9,167,5
4,3,10,69,16,32,186,12.6,303,204,41,186,41,662,9.2,6,201,-3.8,161,5
4,3,10,69,16,33,206,12.5,300,204,53,206,53,707,9.2,6,198,-3.8,178,5
4,3,10,69,16,34,180,12.3,296,204,40,180,40,655,9.1,6,195,-3.8,156,5
4,3,10,69,16,35,182,12.2,293,204,40,182,40,672,9.1,5.9,192,-3.8,158,5
4,3,10,69,16,36,194,12,289,204,48,194,48,699,9.1,5.9,189,-3.8,168,5
4,3,10,69,16,37,196,11.9,286,204,53,196,53,693,9,5.9,186,-3.8,170,5
4,3,10,69,16,38,192,11.8,282,204,51,192,51,692,9,5.9,183,-3.8,167,5
4,3,10,69,16,39,182,11.6,279,204,44,182,44,686,9,5.9,181,-3.8,158,5
4,3,10,69,16,40,186,11.5,275,204,50,186,50,685,8.9,5.9,178,-3.8,162,5
4,3,10,69,16,41,173,11.3,272,204,41,173,41,674,8.9,5.9,175,-3.8,150,5
4,3,10,69,16,42,183,11.2,268,204,53,183,53,672,8.9,5.8,172,-3.8,159,5
4,3,10,69,16,43,169,11,264,204,41,169,41,671,8.9,5.8,169,-3.8,147,5
4,3,10,69,16,44,165,10.9,261,204,40,165,40,664,8.8,5.8,166,-3.8,144,5
4,3,10,69,16,45,170,10.7,257,204,46,170,46,668,8.8,5.8,163,-3.8,148,5
4,3,10,69,16,46,169,10.5,254,204,48,169,48,661,8.8,5.8,161,-3.8,147,5
4,3,10,69,16,47,162,10.4,250,204,43,162,43,659,8.7,5.8,158,-3.8,141,5
4,3,10,69,16,48,153,10.2,247,204,49,153,49,585,8.7,5.7,155,-3.8,133,5
4,3,10,69,16,49,128,10.1,243,204,65,128,65,359,8.7,5.7,152,-3.8,112,5
4,3,10,69,16,50,143,9.9,239,204,45,143,45,568,8.6,5.7,149,-3.8,125,5
4,3,10,69,16,51,132,9.8,236,204,40,132,40,541,8.6,5.7,147,-3.8,115,5
4,3,10,69,16,52,137,9.6,232,204,35,137,35,609,8.6,5.7,144,-3.8,120,5
4,3,10,69,16,53,149,9.5,228,204,44,149,44,637,8.5,5.7,141,-3.8,130,5
4,3,10,69,16,54,150,9.3,225,204,48,150,48,629,8.5,5.7,138,-3.8,131,5
4,3,10,69,16,55,139,9.2,221,204,38,139,38,633,8.5,5.6,135,-3.8,122,5
4,3,10,69,16,56,139,9,218,204,40,139,40,631,8.4,5.6,133,-3.8,122,5
4,3,10,69,16,57,140,8.9,214,204,44,140,44,622,8.4,5.6,130,-3.8,122,5
4,3,10,69,16,58,139,8.7,210,204,46,139,46,613,8.4,5.6,127,-3.8,122,5
4,3,10,69,16,59,137,8.6,207,204,47,137,47,604,8.3,5.6,124,-3.8,120,5
4,3,10,69,17,0,147,8.4,203,204,100,147,100,321,8.3,5.6,122,-3.8,129,5
4,3,10,69,17,1,20,8.3,199,15,20,20,20,0,8.3,5.6,119,-3.8,18,5
4,3,10,69,17,2,27,8.1,196,15,27,27,27,0,8.2,5.5,116,-3.8,24,5
4,3,10,69,17,3,29,8,192,15,29,29,29,0,8.2,5.5,114,-3.8,26,5
4,3,10,69,17,4,39,7.8,188,15,39,39,39,0,8.2,5.5,111,-3.8,34,5
4,3,10,69,17,5,22,7.6,184,15,22,22,22,0,8.2,5.5,108,-3.8,20,5
4,3,10,69,17,6,42,7.5,181,15,42,42,42,0,8.1,5.5,106,-3.8,37,5
4,3,10,69,17,7,48,7.3,177,15,46,48,46,16,8.1,5.5,103,-3.8,43,5
4,3,10,69,17,8,38,7.2,173,15,38,38,38,0,8.1,5.4,100,-3.8,34,5
4,3,10,69,17,9,20,7,170,15,20,20,20,0,8,5.4,98,-3.8,18,5
4,3,10,69,17,10,41,6.9,166,15,38,41,38,25,8,5.4,95,-3.8,36,5
4,3,10,69,17,11,18,6.7,162,15,18,18,18,0,8,5.4,93,-3.8,16,5
4,3,10,69,17,12,44,6.6,158,15,40,44,40,35,7.9,5.4,90,-3.7,39,5
4,3,10,69,17,13,54,6.4,155,15,40,54,40,125,7.9,5.4,88,-3.7,48,5
4,3,10,69,17,14,16,6.3,151,15,16,16,16,0,7.9,5.4,85,-3.7,14,5
4,3,10,69,17,15,47,6.1,147,15,38,47,38,85,7.8,5.3,83,-3.7,42,5
4,3,10,69,17,16,43,5.9,143,15,37,43,37,58,7.8,5.3,80,-3.7,38,5
4,3,10,69,17,17,11,5.8,140,15,11,11,11,0,7.8,5.3,78,-3.7,10,5
4,3,10,69,17,18,34,5.6,136,15,33,34,33,10,7.7,5.3,75,-3.7,30,5
4,3,10,69,17,19,27,5.5,132,15,27,27,27,0,7.7,5.3,73,-3.7,24,5
4,3,10,69,17,20,12,5.3,128,15,12,12,12,0,7.7,5.3,71,-3.7,11,5
4,3,10,69,17,21,12,5.2,125,15,12,12,12,0,7.6,5.3,68,-3.7,11,5
4,3,10,69,17,22,20,5,121,15,20,20,20,0,7.6,5.2,66,-3.7,18,5
4,3,10,69,17,23,20,4.8,117,15,20,20,20,0,7.6,5.2,64,-3.7,18,5
4,3,10,69,17,24,11,4.7,113,15,11,11,11,0,7.6,5.2,62,-3.7,10,5
4,3,10,69,17,25,20,4.5,110,15,20,20,20,0,7.5,5.2,59,-3.7,18,5
4,3,10,69,17,26,20,4.4,106,15,20,20,20,0,7.5,5.2,57,-3.7,18,5
4,3,10,69,17,27,7,4.2,102,15,7,7,7,0,7.5,5.2,55,-3.7,6,5
4,3,10,69,17,28,18,4.1,98,15,18,18,18,0,7.4,5.1,53,-3.7,16,5
4,3,10,69,17,29,22,3.9,94,15,22,22,22,0,7.4,5.1,51,-3.7,20,5
4,3,10,69,17,30,7,3.7,91,15,7,7,7,0,7.4,5.1,49,-3.7,6,5
4,3,10,69,17,31,7,3.6,87,15,7,7,7,0,7.3,5.1,47,-3.7,6,5
4,3,10,69,17,32,16,3.4,83,15,16,16,16,0,7.3,5.1,45,-3.7,14,5
4,3,10,69,17,33,5,3.3,79,15,5,5,5,0,7.3,5,43,-3.6,4,5
4,3,10,69,17,34,11,3.1,75,15,11,11,11,0,7.3,5,41,-3.6,10,5
4,3,10,69,17,35,5,3,72,15,5,5,5,0,7.3,5,39,-3.5,4,5
4,3,10,69,17,36,5,2.8,68,15,5,5,5,0,7.3,5,37,-3.5,4,5
4,3,10,69,17,37,11,2.6,64,15,11,11,11,0,7.2,4.9,35,-3.4,10,5
4,3,10,69,17,38,9,2.5,60,15,9,9,9,0,7.2,4.9,33,-3.4,8,5
4,3,10,69,17,39,4,2.3,56,15,4,4,4,0,7.2,4.9,32,-3.3,4,5
4,3,10,69,17,40,7,2.2,52,15,7,7,7,0,7.2,4.9,30,-3.3,6,5
4,3,10,69,17,41,7,2,49,15,7,7,7,0,7.2,4.8,28,-3.2,6,5
4,3,10,69,17,42,2,1.8,45,15,2,2,2,0,7.2,4.8,26,-3.2,2,5
4,3,10,69,17,43,2,1.7,41,15,2,2,2,0,7.2,4.8,24,-3.1,2,5
4,3,10,69,17,44,5,1.5,37,15,5,5,5,0,7.1,4.8,23,-3.1,4,5
4,3,10,69,17,45,1,1.4,33,15,1,1,1,0,7.1,4.7,22,-3,1,5
4,3,10,69,17,46,6,1.2,29,15,6,6,6,0,7.1,4.7,20,-3,5,5
4,3,10,69,17,47,1,1.1,26,15,1,1,1,0,7.1,4.7,19,-2.9,1,5
4,3,10,69,17,48,1,0.9,22,15,1,1,1,0,7.1,4.6,18,-2.9,1,5
4,3,10,69,17,49,4,0.7,18,15,4,4,4,0,7.1,4.6,16,-2.8,4,5
4,3,10,69,17,50,0,0.6,14,15,0,0,0,0,7.1,4.6,15,-2.8,0,5
4,3,10,69,17,51,1,0.4,10,15,1,1,1,0,7,4.6,0,-2.7,1,5
4,3,10,69,17,52,0,0.3,6,15,0,0,0,0,7,4.5,0,-2.7,0,5
4,3,10,69,17,53,0,0.1,2,15,0,0,0,0,7,4.5,0,-2.7,0,5
4,3,10,69,17,54,0,-0.1,0,15,0,0,0,0,7,4.5,0,-2.6,0,5
4,3,10,69,17,55,0,-0.2,0,15,0,0,0,0,7,4.5,0,-2.6,0,5
4,3,10,69,17,56,0,-0.4,0,15,0,0,0,0,7,4.4,0,-2.5,0,5
4,3,10,69,17,57,0,-0.5,0,15,0,0,0,0,7,4.4,0,-2.5,0,5
4,3,10,69,17,58,0,-0.7,0,15,0,0,0,0,6.9,4.4,0,-2.4,0,5
4,3,10,69,17,59,0,-0.9,0,15,0,0,0,0,6.9,4.4,0,-2.4,0,5
4,3,10,69,18,0,0,-1,0,15,0,0,0,0,6.9,4.3,0,-2.3,0,5
4,3,10,69,18,1,0,-1.2,0,0,0,0,0,0,6.9,4.3,0,-2.3,0,5
4,3,10,69,18,2,0,-1.3,0,0,0,0,0,0,6.9,4.3,0,-2.2,0,5
4,3,10,69,18,3,0,-1.5,0,0,0,0,0,0,6.9,4.2,0,-2.2,0,5
4,3,10,69,18,4,0,-1.7,0,0,0,0,0,0,6.9,4.2,0,-2.1,0,5
4,3,10,69,18,5,0,-1.8,0,0,0,0,0,0,6.8,4.2,0,-2.1,0,5
4,3,10,69,18,6,0,-2,0,0,0,0,0,0,6.8,4.2,0,-2,0,5
4,3,10,69,18,7,0,-2.1,0,0,0,0,0,0,6.8,4.1,0,-2,0,5
4,3,10,69,18,8,0,-2.3,0,0,0,0,0,0,6.8,4.1,0,-1.9,0,5
4,3,10,69,18,9,0,-2.5,0,0,0,0,0,0,6.8,4.1,0,-1.9,0,5
4,3,10,69,18,10,0,-2.6,0,0,0,0,0,0,6.8,4.1,0,-1.8,0,5
4,3,10,69,18,11,0,-2.8,0,0,0,0,0,0,6.7,4,0,-1.8,0,5
4,3,10,69,18,12,0,-2.9,0,0,0,0,0,0,6.7,4,0,-1.7,0,5
4,3,10,69,18,13,0,-3.1,0,0,0,0,0,0,6.7,4,0,-1.7,0,5
4,3,10,69,18,14,0,-3.3,0,0,0,0,0,0,6.7,4,0,-1.7,0,5
4,3,10,69,18,15,0,-3.4,0,0,0,0,0,0,6.7,3.9,0,-1.6,0,5
4,3,10,69,18,16,0,-3.6,0,0,0,0,0,0,6.7,3.9,0,-1.6,0,5
4,3,10,69,18,17,0,-3.7,0,0,0,0,0,0,6.7,3.9,0,-1.5,0,5
4,3,10,69,18,18,0,-3.9,0,0,0,0,0,0,6.6,3.8,0,-1.5,0,5
4,3,10,69,18,19,0,-4.1,0,0,0,0,0,0,6.6,3.8,0,-1.4,0,5
4,3,10,69,18,20,0,-4.2,0,0,0,0,0,0,6.6,3.8,0,-1.4,0,5
4,3,10,69,18,21,0,-4.4,0,0,0,0,0,0,6.6,3.8,0,-1.3,0,5
4,3,10,69,18,22,0,-4.5,0,0,0,0,0,0,6.6,3.7,0,-1.3,0,5
4,3,10,69,18,23,0,-4.7,0,0,0,0,0,0,6.6,3.7,0,-1.2,0,5
4,3,10,69,18,24,0,-4.9,0,0,0,0,0,0,6.6,3.7,0,-1.2,0,5
4,3,10,69,18,25,0,-5,0,0,0,0,0,0,6.5,3.7,0,-1.1,0,5
4,3,10,69,18,26,0,-5.2,0,0,0,0,0,0,6.5,3.6,0,-1.1,0,5
4,3,10,69,18,27,0,-5.4,0,0,0,0,0,0,6.5,3.6,0,-1,0,5
4,3,10,69,18,28,0,-5.5,0,0,0,0,0,0,6.5,3.6,0,-1,0,5
4,3,10,69,18,29,0,-5.7,0,0,0,0,0,0,6.5,3.6,0,-0.9,0,5
4,3,10,69,18,30,0,-5.8,0,0,0,0,0,0,6.5,3.5,0,-0.9,0,5
4,3,10,69,18,31,0,-6,0,0,0,0,0,0,6.5,3.5,0,-0.8,0,5
4,3,10,69,18,32,0,-6.2,0,0,0,0,0,0,6.4,3.5,0,-0.9,0,5
4,3,10,69,18,33,0,-6.3,0,0,0,0,0,0,6.4,3.5,0,-0.9,0,5
4,3,10,69,18,34,0,-6.5,0,0,0,0,0,0,6.4,3.5,0,-0.9,0,5
4,3,10,69,18,35,0,-6.6,0,0,0,0,0,0,6.4,3.5,0,-0.9,0,5
4,3,10,69,18,36,0,-6.8,0,0,0,0,0,0,6.4,3.5,0,-0.9,0,5
4,3,10,69,18,37,0,-7,0,0,0,0,0,0,6.4,3.5,0,-0.9,0,5
4,3,10,69,18,38,0,-7.1,0,0,0,0,0,0,6.4,3.5,0,-0.9,0,5
4,3,10,69,18,39,0,-7.3,0,0,0,0,0,0,6.3,3.5,0,-0.9,0,5
4,3,10,69,18,40,0,-7.4,0,0,0,0,0,0,6.3,3.5,0,-0.9,0,5
4,3,10,69,18,41,0,-7.6,0,0,0,0,0,0,6.3,3.5,0,-0.9,0,5
4,3,10,69,18,42,0,-7.8,0,0,0,0,0,0,6.3,3.5,0,-1,0,5
4,3,10,69,18,43,0,-7.9,0,0,0,0,0,0,6.3,3.5,0,-1,0,5
4,3,10,69,18,44,0,-8.1,0,0,0,0,0,0,6.3,3.5,0,-1,0,5
4,3,10,69,18,45,0,-8.2,0,0,0,0,0,0,6.2,3.5,0,-1,0,5
4,3,10,69,18,46,0,-8.4,0,0,0,0,0,0,6.2,3.5,0,-1,0,5
4,3,10,69,18,47,0,-8.6,0,0,0,0,0,0,6.2,3.5,0,-1,0,5
4,3,10,69,18,48,0,-8.7,0,0,0,0,0,0,6.2,3.5,0,-1,0,5
4,3,10,69,18,49,0,-8.9,0,0,0,0,0,0,6.2,3.5,0,-1,0,5
4,3,10,69,18,50,0,-9,0,0,0,0,0,0,6.2,3.5,0,-1,0,5
4,3,10,69,18,51,0,-9.2,0,0,0,0,0,0,6.2,3.5,0,-1,0,5
4,3,10,69,18,52,0,-9.4,0,0,0,0,0,0,6.1,3.5,0,-1.1,0,5
4,3,10,69,18,53,0,-9.5,0,0,0,0,0,0,6.1,3.5,0,-1.1,0,5
4,3,10,69,18,54,0,-9.7,0,0,0,0,0,0,6.1,3.5,0,-1.1,0,5
4,3,10,69,18,55,0,-9.8,0,0,0,0,0,0,6.1,3.5,0,-1.1,0,5
4,3,10,69,18,56,0,-10,0,0,0,0,0,0,6.1,3.5,0,-1.1,0,5
4,3,10,69,18,57,0,-10.2,0,0,0,0,0,0,6.1,3.5,0,-1.1,0,5
4,3,10,69,18,58,0,-10.3,0,0,0,0,0,0,6,3.5,0,-1.1,0,5
4,3,10,69,18,59,0,-10.5,0,0,0,0,0,0,6,3.5,0,-1.1,0,5
4,3,10,69,19,0,0,-10.6,0,0,0,0,0,0,6,3.5,0,-1.1,0,5
4,3,10,69,19,1,0,-10.8,0,0,0,0,0,0,6,3.5,0,-1.1,0,5
4,3,10,69,19,2,0,-11,0,0,0,0,0,0,6,3.5,0,-1.2,0,5
4,3,10,69,19,3,0,-11.1,0,0,0,0,0,0,6,3.5,0,-1.2,0,5
4,3,10,69,19,4,0,-11.3,0,0,0,0,0,0,6,3.5,0,-1.2,0,5
4,3,10,69,19,5,0,-11.4,0,0,0,0,0,0,5.9,3.5,0,-1.2,0,5
4,3,10,69,19,6,0,-11.6,0,0,0,0,0,0,5.9,3.5,0,-1.2,0,5
4,3,10,69,19,7,0,-11.8,0,0,0,0,0,0,5.9,3.5,0,-1.2,0,5
4,3,10,69,19,8,0,-11.9,0,0,0,0,0,0,5.9,3.5,0,-1.2,0,5
4,3,10,69,19,9,0,-12.1,0,0,0,0,0,0,5.9,3.5,0,-1.2,0,5
4,3,10,69,19,10,0,-12.2,0,0,0,0,0,0,5.9,3.5,0,-1.2,0,5
4,3,10,69,19,11,0,-12.4,0,0,0,0,0,0,5.8,3.5,0,-1.2,0,5
4,3,10,69,19,12,0,-12.6,0,0,0,0,0,0,5.8,3.5,0,-1.3,0,5
4,3,10,69,19,13,0,-12.7,0,0,0,0,0,0,5.8,3.5,0,-1.3,0,5
4,3,10,69,19,14,0,-12.9,0,0,0,0,0,0,5.8,3.5,0,-1.3,0,5
4,3,10,69,19,15,0,-13,0,0,0,0,0,0,5.8,3.5,0,-1.3,0,5
4,3,10,69,19,16,0,-13.2,0,0,0,0,0,0,5.8,3.5,0,-1.3,0,5
4,3,10,69,19,17,0,-13.4,0,0,0,0,0,0,5.8,3.5,0,-1.3,0,5
4,3,10,69,19,18,0,-13.5,0,0,0,0,0,0,5.7,3.5,0,-1.3,0,5
4,3,10,69,19,19,0,-13.7,0,0,0,0,0,0,5.7,3.5,0,-1.3,0,5
4,3,10,69,19,20,0,-13.8,0,0,0,0,0,0,5.7,3.5,0,-1.3,0,5
4,3,10,69,19,21,0,-14,0,0,0,0,0,0,5.7,3.5,0,-1.4,0,5
4,3,10,69,19,22,0,-14.1,0,0,0,0,0,0,5.7,3.5,0,-1.4,0,5
4,3,10,69,19,23,0,-14.3,0,0,0,0,0,0,5.7,3.5,0,-1.4,0,5
4,3,10,69,19,24,0,-14.5,0,0,0,0,0,0,5.7,3.5,0,-1.4,0,5
4,3,10,69,19,25,0,-14.6,0,0,0,0,0,0,5.6,3.5,0,-1.4,0,5
4,3,10,69,19,26,0,-14.8,0,0,0,0,0,0,5.6,3.5,0,-1.4,0,5
4,3,10,69,19,27,0,-14.9,0,0,0,0,0,0,5.6,3.5,0,-1.4,0,5
4,3,10,69,19,28,0,-15.1,0,0,0,0,0,0,5.6,3.5,0,-1.4,0,5
4,3,10,69,19,29,0,-15.2,0,0,0,0,0,0,5.6,3.5,0,-1.4,0,5
4,3,10,69,19,30,0,-15.4,0,0,0,0,0,0,5.6,3.5,0,-1.4,0,5
4,3,10,69,19,31,0,-15.6,0,0,0,0,0,0,5.5,3.5,0,-1.5,0,5
4,3,10,69,19,32,0,-15.7,0,0,0,0,0,0,5.5,3.5,0,-1.4,0,5
4,3,10,69,19,33,0,-15.9,0,0,0,0,0,0,5.5,3.4,0,-1.4,0,5
4,3,10,69,19,34,0,-16,0,0,0,0,0,0,5.5,3.4,0,-1.4,0,5
4,3,10,69,19,35,0,-16.2,0,0,0,0,0,0,5.5,3.4,0,-1.4,0,5
4,3,10,69,19,36,0,-16.3,0,0,0,0,0,0,5.5,3.4,0,-1.4,0,5
4,3,10,69,19,37,0,-16.5,0,0,0,0,0,0,5.5,3.3,0,-1.4,0,5
4,3,10,69,19,38,0,-16.7,0,0,0,0,0,0,5.4,3.3,0,-1.4,0,5
4,3,10,69,19,39,0,-16.8,0,0,0,0,0,0,5.4,3.3,0,-1.4,0,5
4,3,10,69,19,40,0,-17,0,0,0,0,0,0,5.4,3.2,0,-1.4,0,5
4,3,10,69,19,41,0,-17.1,0,0,0,0,0,0,5.4,3.2,0,-1.4,0,5
4,3,10,69,19,42,0,-17.3,0,0,0,0,0,0,5.4,3.2,0,-1.3,0,5
4,3,10,69,19,43,0,-17.4,0,0,0,0,0,0,5.4,3.2,0,-1.3,0,5
4,3,10,69,19,44,0,-17.6,0,0,0,0,0,0,5.4,3.1,0,-1.3,0,5
4,3,10,69,19,45,0,-17.8,0,0,0,0,0,0,5.3,3.1,0,-1.3,0,5
4,3,10,69,19,46,0,-17.9,0,0,0,0,0,0,5.3,3.1,0,-1.3,0,5
4,3,10,69,19,47,0,-18.1,0,0,0,0,0,0,5.3,3,0,-1.3,0,5
4,3,10,69,19,48,0,-18.2,0,0,0,0,0,0,5.3,3,0,-1.3,0,5
4,3,10,69,19,49,0,-18.4,0,0,0,0,0,0,5.3,3,0,-1.3,0,5
4,3,10,69,19,50,0,-18.5,0,0,0,0,0,0,5.3,3,0,-1.3,0,5
4,3,10,69,19,51,0,-18.7,0,0,0,0,0,0,5.3,2.9,0,-1.3,0,5
4,3,10,69,19,52,0,-18.8,0,0,0,0,0,0,5.3,2.9,0,-1.2,0,5
4,3,10,69,19,53,0,-19,0,0,0,0,0,0,5.2,2.9,0,-1.2,0,5
4,3,10,69,19,54,0,-19.1,0,0,0,0,0,0,5.2,2.8,0,-1.2,0,5
4,3,10,69,19,55,0,-19.3,0,0,0,0,0,0,5.2,2.8,0,-1.2,0,5
4,3,10,69,19,56,0,-19.4,0,0,0,0,0,0,5.2,2.8,0,-1.2,0,5
4,3,10,69,19,57,0,-19.6,0,0,0,0,0,0,5.2,2.8,0,-1.2,0,5
4,3,10,69,19,58,0,-19.8,0,0,0,0,0,0,5.2,2.7,0,-1.2,0,5
4,3,10,69,19,59,0,-19.9,0,0,0,0,0,0,5.2,2.7,0,-1.2,0,5
4,3,10,69,20,0,0,-20.1,0,0,0,0,0,0,5.1,2.7,0,-1.2,0,5
4,3,10,69,20,1,0,-20.2,0,0,0,0,0,0,5.1,2.7,0,-1.2,0,5
4,3,10,69,20,2,0,-20.4,0,0,0,0,0,0,5.1,2.6,0,-1.1,0,5
4,3,10,69,20,3,0,-20.5,0,0,0,0,0,0,5.1,2.6,0,-1.1,0,5
4,3,10,69,20,4,0,-20.7,0,0,0,0,0,0,5.1,2.6,0,-1.1,0,5
4,3,10,69,20,5,0,-20.8,0,0,0,0,0,0,5.1,2.5,0,-1.1,0,5
4,3,10,69,20,6,0,-21,0,0,0,0,0,0,5.1,2.5,0,-1.1,0,5
4,3,10,69,20,7,0,-21.1,0,0,0,0,0,0,5,2.5,0,-1.1,0,5
4,3,10,69,20,8,0,-21.3,0,0,0,0,0,0,5,2.5,0,-1.1,0,5
4,3,10,69,20,9,0,-21.4,0,0,0,0,0,0,5,2.4,0,-1.1,0,5
4,3,10,69,20,10,0,-21.6,0,0,0,0,0,0,5,2.4,0,-1.1,0,5
4,3,10,69,20,11,0,-21.7,0,0,0,0,0,0,5,2.4,0,-1.1,0,5
4,3,10,69,20,12,0,-21.9,0,0,0,0,0,0,5,2.3,0,-1,0,5
4,3,10,69,20,13,0,-22,0,0,0,0,0,0,5,2.3,0,-1,0,5
4,3,10,69,20,14,0,-22.2,0,0,0,0,0,0,4.9,2.3,0,-1,0,5
4,3,10,69,20,15,0,-22.3,0,0,0,0,0,0,4.9,2.3,0,-1,0,5
4,3,10,69,20,16,0,-22.5,0,0,0,0,0,0,4.9,2.2,0,-1,0,5
4,3,10,69,20,17,0,-22.6,0,0,0,0,0,0,4.9,2.2,0,-1,0,5
4,3,10,69,20,18,0,-22.8,0,0,0,0,0,0,4.9,2.2,0,-1,0,5
4,3,10,69,20,19,0,-22.9,0,0,0,0,0,0,4.9,2.1,0,-1,0,5
4,3,10,69,20,20,0,-23.1,0,0,0,0,0,0,4.9,2.1,0,-1,0,5
4,3,10,69,20,21,0,-23.2,0,0,0,0,0,0,4.8,2.1,0,-1,0,5
4,3,10,69,20,22,0,-23.4,0,0,0,0,0,0,4.8,2.1,0,-0.9,0,5
4,3,10,69,20,23,0,-23.5,0,0,0,0,0,0,4.8,2,0,-0.9,0,5
4,3,10,69,20,24,0,-23.7,0,0,0,0,0,0,4.8,2,0,-0.9,0,5
4,3,10,69,20,25,0,-23.8,0,0,0,0,0,0,4.8,2,0,-0.9,0,5
4,3,10,69,20,26,0,-24,0,0,0,0,0,0,4.8,1.9,0,-0.9,0,5
4,3,10,69,20,27,0,-24.1,0,0,0,0,0,0,4.8,1.9,0,-0.9,0,5
4,3,10,69,20,28,0,-24.3,0,0,0,0,0,0,4.8,1.9,0,-0.9,0,5
4,3,10,69,20,29,0,-24.4,0,0,0,0,0,0,4.7,1.9,0,-0.9,0,5
4,3,10,69,20,30,0,-24.6,0,0,0,0,0,0,4.7,1.8,0,-0.9,0,5
4,3,10,69,20,31,0,-24.7,0,0,0,0,0,0,4.7,1.8,0,-0.9,0,5
4,3,10,69,20,32,0,-24.8,0,0,0,0,0,0,4.7,1.8,0,-0.9,0,5
4,3,10,69,20,33,0,-25,0,0,0,0,0,0,4.7,1.8,0,-0.8,0,5
4,3,10,69,20,34,0,-25.1,0,0,0,0,0,0,4.7,1.8,0,-0.8,0,5
4,3,10,69,20,35,0,-25.3,0,0,0,0,0,0,4.7,1.8,0,-0.8,0,5
4,3,10,69,20,36,0,-25.4,0,0,0,0,0,0,4.6,1.7,0,-0.8,0,5
4,3,10,69,20,37,0,-25.6,0,0,0,0,0,0,4.6,1.7,0,-0.8,0,5
4,3,10,69,20,38,0,-25.7,0,0,0,0,0,0,4.6,1.7,0,-0.8,0,5
4,3,10,69,20,39,0,-25.9,0,0,0,0,0,0,4.6,1.7,0,-0.8,0,5
4,3,10,69,20,40,0,-26,0,0,0,0,0,0,4.6,1.7,0,-0.8,0,5
4,3,10,69,20,41,0,-26.1,0,0,0,0,0,0,4.6,1.7,0,-0.8,0,5
4,3,10,69,20,42,0,-26.3,0,0,0,0,0,0,4.6,1.7,0,-0.8,0,5
4,3,10,69,20,43,0,-26.4,0,0,0,0,0,0,4.5,1.7,0,-0.8,0,5
4,3,10,69,20,44,0,-26.6,0,0,0,0,0,0,4.5,1.6,0,-0.8,0,5
4,3,10,69,20,45,0,-26.7,0,0,0,0,0,0,4.5,1.6,0,-0.8,0,5
4,3,10,69,20,46,0,-26.9,0,0,0,0,0,0,4.5,1.6,0,-0.8,0,5
4,3,10,69,20,47,0,-27,0,0,0,0,0,0,4.5,1.6,0,-0.8,0,5
4,3,10,69,20,48,0,-27.1,0,0,0,0,0,0,4.5,1.6,0,-0.8,0,5
4,3,10,69,20,49,0,-27.3,0,0,0,0,0,0,4.5,1.6,0,-0.8,0,5
4,3,10,69,20,50,0,-27.4,0,0,0,0,0,0,4.4,1.6,0,-0.8,0,5
4,3,10,69,20,51,0,-27.6,0,0,0,0,0,0,4.4,1.6,0,-0.7,0,5
4,3,10,69,20,52,0,-27.7,0,0,0,0,0,0,4.4,1.6,0,-0.7,0,5
4,3,10,69,20,53,0,-27.8,0,0,0,0,0,0,4.4,1.5,0,-0.7,0,5
4,3,10,69,20,54,0,-28,0,0,0,0,0,0,4.4,1.5,0,-0.7,0,5
4,3,10,69,20,55,0,-28.1,0,0,0,0,0,0,4.4,1.5,0,-0.7,0,5
4,3,10,69,20,56,0,-28.3,0,0,0,0,0,0,4.4,1.5,0,-0.7,0,5
4,3,10,69,20,57,0,-28.4,0,0,0,0,0,0,4.3,1.5,0,-0.7,0,5
4,3,10,69,20,58,0,-28.5,0,0,0,0,0,0,4.3,1.5,0,-0.7,0,5
4,3,10,69,20,59,0,-28.7,0,0,0,0,0,0,4.3,1.5,0,-0.7,0,5
4,3,10,69,21,0,0,-28.8,0,0,0,0,0,0,4.3,1.5,0,-0.7,0,5
4,3,10,69,21,1,0,-28.9,0,0,0,0,0,0,4.3,1.5,0,-0.7,0,5
4,3,10,69,21,2,0,-29.1,0,0,0,0,0,0,4.3,1.4,0,-0.7,0,5
4,3,10,69,21,3,0,-29.2,0,0,0,0,0,0,4.3,1.4,0,-0.7,0,5
4,3,10,69,21,4,0,-29.4,0,0,0,0,0,0,4.3,1.4,0,-0.7,0,5
4,3,10,69,21,5,0,-29.5,0,0,0,0,0,0,4.2,1.4,0,-0.7,0,5
4,3,10,69,21,6,0,-29.6,0,0,0,0,0,0,4.2,1.4,0,-0.7,0,5
4,3,10,69,21,7,0,-29.8,0,0,0,0,0,0,4.2,1.4,0,-0.7,0,5
4,3,10,69,21,8,0,-29.9,0,0,0,0,0,0,4.2,1.4,0,-0.7,0,5
4,3,10,69,21,9,0,-30,0,0,0,0,0,0,4.2,1.4,0,-0.6,0,5
4,3,10,69,21,10,0,-30.2,0,0,0,0,0,0,4.2,1.3,0,-0.6,0,5
4,3,10,69,21,11,0,-30.3,0,0,0,0,0,0,4.2,1.3,0,-0.6,0,5
4,3,10,69,21,12,0,-30.4,0,0,0,0,0,0,4.1,1.3,0,-0.6,0,5
4,3,10,69,21,13,0,-30.6,0,0,0,0,0,0,4.1,1.3,0,-0.6,0,5
4,3,10,69,21,14,0,-30.7,0,0,0,0,0,0,4.1,1.3,0,-0.6,0,5
4,3,10,69,21,15,0,-30.8,0,0,0,0,0,0,4.1,1.3,0,-0.6,0,5
4,3,10,69,21,16,0,-31,0,0,0,0,0,0,4.1,1.3,0,-0.6,0,5
4,3,10,69,21,17,0,-31.1,0,0,0,0,0,0,4.1,1.3,0,-0.6,0,5
4,3,10,69,21,18,0,-31.2,0,0,0,0,0,0,4.1,1.3,0,-0.6,0,5
4,3,10,69,21,19,0,-31.4,0,0,0,0,0,0,4,1.2,0,-0.6,0,5
4,3,10,69,21,20,0,-31.5,0,0,0,0,0,0,4,1.2,0,-0.6,0,5
4,3,10,69,21,21,0,-31.6,0,0,0,0,0,0,4,1.2,0,-0.6,0,5
4,3,10,69,21,22,0,-31.7,0,0,0,0,0,0,4,1.2,0,-0.6,0,5
4,3,10,69,21,23,0,-31.9,0,0,0,0,0,0,4,1.2,0,-0.6,0,5
4,3,10,69,21,24,0,-32,0,0,0,0,0,0,4,1.2,0,-0.6,0,5
4,3,10,69,21,25,0,-32.1,0,0,0,0,0,0,4,1.2,0,-0.6,0,5
4,3,10,69,21,26,0,-32.3,0,0,0,0,0,0,3.9,1.2,0,-0.5,0,5
4,3,10,69,21,27,0,-32.4,0,0,0,0,0,0,3.9,1.1,0,-0.5,0,5
4,3,10,69,21,28,0,-32.5,0,0,0,0,0,0,3.9,1.1,0,-0.5,0,5
4,3,10,69,21,29,0,-32.6,0,0,0,0,0,0,3.9,1.1,0,-0.5,0,5
4,3,10,69,21,30,0,-32.8,0,0,0,0,0,0,3.9,1.1,0,-0.5,0,5
4,3,10,69,21,31,0,-32.9,0,0,0,0,0,0,3.9,1.1,0,-0.5,0,5
4,3,10,69,21,32,0,-33,0,0,0,0,0,0,3.9,1.1,0,-0.5,0,5
4,3,10,69,21,33,0,-33.1,0,0,0,0,0,0,3.8,1.1,0,-0.5,0,5
4,3,10,69,21,34,0,-33.3,0,0,0,0,0,0,3.8,1.1,0,-0.5,0,5
4,3,10,69,21,35,0,-33.4,0,0,0,0,0,0,3.8,1.1,0,-0.5,0,5
4,3,10,69,21,36,0,-33.5,0,0,0,0,0,0,3.8,1.1,0,-0.5,0,5
4,3,10,69,21,37,0,-33.6,0,0,0,0,0,0,3.8,1.1,0,-0.5,0,5
4,3,10,69,21,38,0,-33.7,0,0,0,0,0,0,3.8,1.1,0,-0.5,0,5
4,3,10,69,21,39,0,-33.9,0,0,0,0,0,0,3.8,1.1,0,-0.5,0,5
4,3,10,69,21,40,0,-34,0,0,0,0,0,0,3.8,1.1,0,-0.5,0,5
4,3,10,69,21,41,0,-34.1,0,0,0,0,0,0,3.7,1.1,0,-0.5,0,5
4,3,10,69,21,42,0,-34.2,0,0,0,0,0,0,3.7,1,0,-0.5,0,5
4,3,10,69,21,43,0,-34.3,0,0,0,0,0,0,3.7,1,0,-0.5,0,5
4,3,10,69,21,44,0,-34.5,0,0,0,0,0,0,3.7,1,0,-0.5,0,5
4,3,10,69,21,45,0,-34.6,0,0,0,0,0,0,3.7,1,0,-0.5,0,5
4,3,10,69,21,46,0,-34.7,0,0,0,0,0,0,3.7,1,0,-0.5,0,5
4,3,10,69,21,47,0,-34.8,0,0,0,0,0,0,3.7,1,0,-0.6,0,5
4,3,10,69,21,48,0,-34.9,0,0,0,0,0,0,3.6,1,0,-0.6,0,5
4,3,10,69,21,49,0,-35.1,0,0,0,0,0,0,3.6,1,0,-0.6,0,5
4,3,10,69,21,50,0,-35.2,0,0,0,0,0,0,3.6,1,0,-0.6,0,5
4,3,10,69,21,51,0,-35.3,0,0,0,0,0,0,3.6,1,0,-0.6,0,5
4,3,10,69,21,52,0,-35.4,0,0,0,0,0,0,3.6,1,0,-0.6,0,5
4,3,10,69,21,53,0,-35.5,0,0,0,0,0,0,3.6,1,0,-0.6,0,5
4,3,10,69,21,54,0,-35.6,0,0,0,0,0,0,3.6,1,0,-0.6,0,5
4,3,10,69,21,55,0,-35.7,0,0,0,0,0,0,3.5,1,0,-0.6,0,5
4,3,10,69,21,56,0,-35.9,0,0,0,0,0,0,3.5,1,0,-0.6,0,5
4,3,10,69,21,57,0,-36,0,0,0,0,0,0,3.5,1,0,-0.6,0,5
4,3,10,69,21,58,0,-36.1,0,0,0,0,0,0,3.5,1,0,-0.6,0,5
4,3,10,69,21,59,0,-36.2,0,0,0,0,0,0,3.5,1,0,-0.6,0,5
4,3,10,69,22,0,0,-36.3,0,0,0,0,0,0,3.5,1,0,-0.6,0,5
4,3,10,69,22,1,0,-36.4,0,0,0,0,0,0,3.5,1,0,-0.6,0,5
4,3,10,69,22,2,0,-36.5,0,0,0,0,0,0,3.4,0.9,0,-0.6,0,5
4,3,10,69,22,3,0,-36.6,0,0,0,0,0,0,3.4,0.9,0,-0.6,0,5
4,3,10,69,22,4,0,-36.7,0,0,0,0,0,0,3.4,0.9,0,-0.6,0,5
4,3,10,69,22,5,0,-36.8,0,0,0,0,0,0,3.4,0.9,0,-0.6,0,5
4,3,10,69,22,6,0,-36.9,0,0,0,0,0,0,3.4,0.9,0,-0.6,0,5
4,3,10,69,22,7,0,-37.1,0,0,0,0,0,0,3.4,0.9,0,-0.6,0,5
4,3,10,69,22,8,0,-37.2,0,0,0,0,0,0,3.4,0.9,0,-0.6,0,5
4,3,10,69,22,9,0,-37.3,0,0,0,0,0,0,3.3,0.9,0,-0.6,0,5
4,3,10,69,22,10,0,-37.4,0,0,0,0,0,0,3.3,0.9,0,-0.6,0,5
4,3,10,69,22,11,0,-37.5,0,0,0,0,0,0,3.3,0.9,0,-0.6,0,5
4,3,10,69,22,12,0,-37.6,0,0,0,0,0,0,3.3,0.9,0,-0.6,0,5
4,3,10,69,22,13,0,-37.7,0,0,0,0,0,0,3.3,0.9,0,-0.6,0,5
4,3,10,69,22,14,0,-37.8,0,0,0,0,0,0,3.3,0.9,0,-0.6,0,5
4,3,10,69,22,15,0,-37.9,0,0,0,0,0,0,3.3,0.9,0,-0.6,0,5
4,3,10,69,22,16,0,-38,0,0,0,0,0,0,3.3,0.9,0,-0.6,0,5
4,3,10,69,22,17,0,-38.1,0,0,0,0,0,0,3.2,0.9,0,-0.6,0,5
4,3,10,69,22,18,0,-38.2,0,0,0,0,0,0,3.2,0.9,0,-0.6,0,5
4,3,10,69,22,19,0,-38.3,0,0,0,0,0,0,3.2,0.9,0,-0.6,0,5
4,3,10,69,22,20,0,-38.4,0,0,0,0,0,0,3.2,0.9,0,-0.6,0,5
4,3,10,69,22,21,0,-38.5,0,0,0,0,0,0,3.2,0.9,0,-0.6,0,5
4,3,10,69,22,22,0,-38.6,0,0,0,0,0,0,3.2,0.8,0,-0.6,0,5
4,3,10,69,22,23,0,-38.7,0,0,0,0,0,0,3.2,0.8,0,-0.6,0,5
4,3,10,69,22,24,0,-38.8,0,0,0,0,0,0,3.1,0.8,0,-0.6,0,5
4,3,10,69,22,25,0,-38.9,0,0,0,0,0,0,3.1,0.8,0,-0.6,0,5
4,3,10,69,22,26,0,-39,0,0,0,0,0,0,3.1,0.8,0,-0.6,0,5
4,3,10,69,22,27,0,-39.1,0,0,0,0,0,0,3.1,0.8,0,-0.6,0,5
4,3,10,69,22,28,0,-39.1,0,0,0,0,0,0,3.1,0.8,0,-0.6,0,5
4,3,10,69,22,29,0,-39.2,0,0,0,0,0,0,3.1,0.8,0,-0.6,0,5
4,3,10,69,22,30,0,-39.3,0,0,0,0,0,0,3.1,0.8,0,-0.6,0,5
4,3,10,69,22,31,0,-39.4,0,0,0,0,0,0,3,0.8,0,-0.6,0,5
4,3,10,69,22,32,0,-39.5,0,0,0,0,0,0,3,0.8,0,-0.6,0,5
4,3,10,69,22,33,0,-39.6,0,0,0,0,0,0,3,0.8,0,-0.6,0,5
4,3,10,69,22,34,0,-39.7,0,0,0,0,0,0,3,0.8,0,-0.6,0,5
4,3,10,69,22,35,0,-39.8,0,0,0,0,0,0,3,0.8,0,-0.6,0,5
4,3,10,69,22,36,0,-39.9,0,0,0,0,0,0,3,0.8,0,-0.6,0,5
4,3,10,69,22,37,0,-39.9,0,0,0,0,0,0,3,0.8,0,-0.6,0,5
4,3,10,69,22,38,0,-40,0,0,0,0,0,0,2.9,0.8,0,-0.6,0,5
4,3,10,69,22,39,0,-40.1,0,0,0,0,0,0,2.9,0.7,0,-0.6,0,5
4,3,10,69,22,40,0,-40.2,0,0,0,0,0,0,2.9,0.7,0,-0.6,0,5
4,3,10,69,22,41,0,-40.3,0,0,0,0,0,0,2.9,0.7,0,-0.6,0,5
4,3,10,69,22,42,0,-40.4,0,0,0,0,0,0,2.9,0.7,0,-0.6,0,5
4,3,10,69,22,43,0,-40.5,0,0,0,0,0,0,2.9,0.7,0,-0.6,0,5
4,3,10,69,22,44,0,-40.5,0,0,0,0,0,0,2.9,0.7,0,-0.6,0,5
4,3,10,69,22,45,0,-40.6,0,0,0,0,0,0,2.8,0.7,0,-0.6,0,5
4,3,10,69,22,46,0,-40.7,0,0,0,0,0,0,2.8,0.7,0,-0.6,0,5
4,3,10,69,22,47,0,-40.8,0,0,0,0,0,0,2.8,0.7,0,-0.6,0,5
4,3,10,69,22,48,0,-40.9,0,0,0,0,0,0,2.8,0.7,0,-0.6,0,5
4,3,10,69,22,49,0,-40.9,0,0,0,0,0,0,2.8,0.7,0,-0.6,0,5
4,3,10,69,22,50,0,-41,0,0,0,0,0,0,2.8,0.7,0,-0.6,0,5
4,3,10,69,22,51,0,-41.1,0,0,0,0,0,0,2.8,0.7,0,-0.6,0,5
4,3,10,69,22,52,0,-41.2,0,0,0,0,0,0,2.8,0.7,0,-0.6,0,5
4,3,10,69,22,53,0,-41.2,0,0,0,0,0,0,2.7,0.7,0,-0.6,0,5
4,3,10,69,22,54,0,-41.3,0,0,0,0,0,0,2.7,0.6,0,-0.6,0,5
4,3,10,69,22,55,0,-41.4,0,0,0,0,0,0,2.7,0.6,0,-0.6,0,5
4,3,10,69,22,56,0,-41.5,0,0,0,0,0,0,2.7,0.6,0,-0.6,0,5
4,3,10,69,22,57,0,-41.5,0,0,0,0,0,0,2.7,0.6,0,-0.6,0,5
4,3,10,69,22,58,0,-41.6,0,0,0,0,0,0,2.7,0.6,0,-0.6,0,5
4,3,10,69,22,59,0,-41.7,0,0,0,0,0,0,2.7,0.6,0,-0.6,0,5
4,3,10,69,23,0,0,-41.7,0,0,0,0,0,0,2.6,0.6,0,-0.6,0,5
4,3,10,69,23,1,0,-41.8,0,0,0,0,0,0,2.6,0.6,0,-0.6,0,5
4,3,10,69,23,2,0,-41.9,0,0,0,0,0,0,2.6,0.6,0,-0.6,0,5
4,3,10,69,23,3,0,-41.9,0,0,0,0,0,0,2.6,0.6,0,-0.6,0,5
4,3,10,69,23,4,0,-42,0,0,0,0,0,0,2.6,0.6,0,-0.6,0,5
4,3,10,69,23,5,0,-42.1,0,0,0,0,0,0,2.6,0.6,0,-0.6,0,5
4,3,10,69,23,6,0,-42.1,0,0,0,0,0,0,2.6,0.6,0,-0.6,0,5
4,3,10,69,23,7,0,-42.2,0,0,0,0,0,0,2.5,0.6,0,-0.6,0,5
4,3,10,69,23,8,0,-42.3,0,0,0,0,0,0,2.5,0.6,0,-0.5,0,5
4,3,10,69,23,9,0,-42.3,0,0,0,0,0,0,2.5,0.5,0,-0.5,0,5
4,3,10,69,23,10,0,-42.4,0,0,0,0,0,0,2.5,0.5,0,-0.5,0,5
4,3,10,69,23,11,0,-42.4,0,0,0,0,0,0,2.5,0.5,0,-0.5,0,5
4,3,10,69,23,12,0,-42.5,0,0,0,0,0,0,2.5,0.5,0,-0.5,0,5
4,3,10,69,23,13,0,-42.6,0,0,0,0,0,0,2.5,0.5,0,-0.5,0,5
4,3,10,69,23,14,0,-42.6,0,0,0,0,0,0,2.4,0.5,0,-0.5,0,5
4,3,10,69,23,15,0,-42.7,0,0,0,0,0,0,2.4,0.5,0,-0.5,0,5
4,3,10,69,23,16,0,-42.7,0,0,0,0,0,0,2.4,0.5,0,-0.5,0,5
4,3,10,69,23,17,0,-42.8,0,0,0,0,0,0,2.4,0.5,0,-0.5,0,5
4,3,10,69,23,18,0,-42.8,0,0,0,0,0,0,2.4,0.5,0,-0.5,0,5
4,3,10,69,23,19,0,-42.9,0,0,0,0,0,0,2.4,0.5,0,-0.5,0,5
4,3,10,69,23,20,0,-42.9,0,0,0,0,0,0,2.4,0.5,0,-0.5,0,5
4,3,10,69,23,21,0,-43,0,0,0,0,0,0,2.3,0.5,0,-0.5,0,5
4,3,10,69,23,22,0,-43,0,0,0,0,0,0,2.3,0.5,0,-0.5,0,5
4,3,10,69,23,23,0,-43.1,0,0,0,0,0,0,2.3,0.5,0,-0.5,0,5
4,3,10,69,23,24,0,-43.1,0,0,0,0,0,0,2.3,0.4,0,-0.5,0,5
4,3,10,69,23,25,0,-43.2,0,0,0,0,0,0,2.3,0.4,0,-0.5,0,5
4,3,10,69,23,26,0,-43.2,0,0,0,0,0,0,2.3,0.4,0,-0.5,0,5
4,3,10,69,23,27,0,-43.3,0,0,0,0,0,0,2.3,0.4,0,-0.5,0,5
4,3,10,69,23,28,0,-43.3,0,0,0,0,0,0,2.3,0.4,0,-0.5,0,5
4,3,10,69,23,29,0,-43.4,0,0,0,0,0,0,2.2,0.4,0,-0.5,0,5
4,3,10,69,23,30,0,-43.4,0,0,0,0,0,0,2.2,0.4,0,-0.5,0,5
4,3,10,69,23,31,0,-43.4,0,0,0,0,0,0,2.2,0.4,0,-0.5,0,5
4,3,10,69,23,32,0,-43.5,0,0,0,0,0,0,2.2,0.4,0,-0.5,0,5
4,3,10,69,23,33,0,-43.5,0,0,0,0,0,0,2.2,0.4,0,-0.5,0,5
4,3,10,69,23,34,0,-43.6,0,0,0,0,0,0,2.2,0.4,0,-0.5,0,5
4,3,10,69,23,35,0,-43.6,0,0,0,0,0,0,2.2,0.4,0,-0.6,0,5
4,3,10,69,23,36,0,-43.6,0,0,0,0,0,0,2.2,0.4,0,-0.6,0,5
4,3,10,69,23,37,0,-43.7,0,0,0,0,0,0,2.1,0.4,0,-0.6,0,5
4,3,10,69,23,38,0,-43.7,0,0,0,0,0,0,2.1,0.4,0,-0.6,0,5
4,3,10,69,23,39,0,-43.8,0,0,0,0,0,0,2.1,0.4,0,-0.6,0,5
4,3,10,69,23,40,0,-43.8,0,0,0,0,0,0,2.1,0.4,0,-0.6,0,5
4,3,10,69,23,41,0,-43.8,0,0,0,0,0,0,2.1,0.4,0,-0.6,0,5
4,3,10,69,23,42,0,-43.9,0,0,0,0,0,0,2.1,0.4,0,-0.7,0,5
4,3,10,69,23,43,0,-43.9,0,0,0,0,0,0,2.1,0.4,0,-0.7,0,5
4,3,10,69,23,44,0,-43.9,0,0,0,0,0,0,2.1,0.4,0,-0.7,0,5
4,3,10,69,23,45,0,-43.9,0,0,0,0,0,0,2.1,0.4,0,-0.7,0,5
4,3,10,69,23,46,0,-44,0,0,0,0,0,0,2.1,0.4,0,-0.7,0,5
4,3,10,69,23,47,0,-44,0,0,0,0,0,0,2,0.4,0,-0.7,0,5
4,3,10,69,23,48,0,-44,0,0,0,0,0,0,2,0.4,0,-0.7,0,5
4,3,10,69,23,49,0,-44,0,0,0,0,0,0,2,0.4,0,-0.8,0,5
4,3,10,69,23,50,0,-44.1,0,0,0,0,0,0,2,0.4,0,-0.8,0,5
4,3,10,69,23,51,0,-44.1,0,0,0,0,0,0,2,0.4,0,-0.8,0,5
4,3,10,69,23,52,0,-44.1,0,0,0,0,0,0,2,0.4,0,-0.8,0,5
4,3,10,69,23,53,0,-44.1,0,0,0,0,0,0,2,0.4,0,-0.8,0,5
4,3,10,69,23,54,0,-44.2,0,0,0,0,0,0,2,0.4,0,-0.8,0,5
4,3,10,69,23,55,0,-44.2,0,0,0,0,0,0,2,0.4,0,-0.8,0,5
4,3,10,69,23,56,0,-44.2,0,0,0,0,0,0,1.9,0.4,0,-0.9,0,5
4,3,10,69,23,57,0,-44.2,0,0,0,0,0,0,1.9,0.4,0,-0.9,0,5
4,3,10,69,23,58,0,-44.2,0,0,0,0,0,0,1.9,0.4,0,-0.9,0,5
4,3,10,69,23,59,0,-44.2,0,0,0,0,0,0,1.9,0.4,0,-0.9,0,5
